supplement_name,category,description,used_for,benefits,how_it_works,recommended_dosage,recommended_timing,bioavailability_notes,clinical_description,tags,source_url,notes
"1,3-Dimethylamylamine",Muscle Gain & Exercise,"1,3-DMAA (1,3-Dimethylamylamine) is a neural stimulant with a structure similar to ephedrine and adrenaline that is commonly discussed as a pre-workout stimulant.",Muscle Gain & Exercise,"Human evidence appears limited, so treat benefits as uncertain.","1,3-Dimethylamylamine appears to act mainly through stimulant-like nervous-system pathways that can affect energy, alertness, or exertion.","A typical starting dose of 1,3-DMAA is in the 10-20mg range and eventually reaching up to 40-60mg a day, there is no actual evidence to support this dosage range but it seems to be the standard dosages range for supplemental 1,3-DMAA on the market. 1,3-DMAA is known to be banned by various sports organizations due to its amphetamine-like nature, and should not be used by tested athletes.","Daily, following dosage notes.",,"1,3-DMAA (1,3-Dimethylamylamine) is a neural stimulant with a structure similar to ephedrine and adrenaline that is commonly discussed as a pre-workout stimulant. Human evidence appears limited, so treat benefits as uncertain. 1,3-Dimethylamylamine appears to act mainly through stimulant-like nervous-system pathways that can affect energy, alertness, or exertion. High caution: prohibited, banned, or not approved language appears in the source. Evidence appears limited; human review recommended.",muscle-gain-exercise;cognition;stimulant;hormones;wada-caution,https://examine.com/supplements/1-3-dimethylamylamine/,"High caution: prohibited, banned, or not approved language appears in the source. Evidence appears limited; human review recommended."
5-HTP,Mental Health,"5-HTP is the precursor to serotonin, a neurotransmitter involved in regulating many body processes like mood, sleep, and appetite.",Mental Health,Reported benefits should be matched to the specific outcome studied rather than assumed broadly.,Mechanism details are not clear from the public summary; review the source before applying 5-HTP clinically.,"5-HTP is usually taken orally in capsule form. It can be taken once daily or in divided doses (i.e., the total daily dose is split into two or three doses). For depression, most studies have used dosages in the range of 200 mg to 300 mg daily for up to 1 year.[1] For weight loss or appetite regulation,",Split across the day as described in dosage notes.,,"5-HTP is the precursor to serotonin, a neurotransmitter involved in regulating many body processes like mood, sleep, and appetite. Reported benefits should be matched to the specific outcome studied rather than assumed broadly. Mechanism details are not clear from the public summary; review the source before applying 5-HTP clinically. Paraphrased from public Examine page extraction; educational only.",mental-health;sleep;cognition;exercise;hormones,https://examine.com/supplements/5-htp/,Paraphrased from public Examine page extraction; educational only.
7-Keto DHEA,Metabolic Health,"7-Keto DHEA is a metabolite of DHEA that is nonhormonal, and it appears to be a fat loss agent as it may increase the metabolic rate.",Metabolic Health,Reported benefits should be matched to the specific outcome studied rather than assumed broadly.,Mechanism details are not clear from the public summary; review the source before applying 7-Keto DHEA clinically.,"A typical supplemental dosage of 7-keto is 200-400mg daily in two divided doses (100-200mg), some limited evidence suggests that lower doses of 50-100mg may be effective for neural purposes. The optimal dosing schedule and overall dose of 7-keto is not yet known, and the above dosages are just based on what is known to have efficacy.",Split across the day as described in dosage notes.,,"7-Keto DHEA is a metabolite of DHEA that is nonhormonal, and it appears to be a fat loss agent as it may increase the metabolic rate. Reported benefits should be matched to the specific outcome studied rather than assumed broadly. Mechanism details are not clear from the public summary; review the source before applying 7-Keto DHEA clinically. Evidence appears limited; human review recommended.",metabolic-health;stress;hormones;experimental,https://examine.com/supplements/7-keto-dhea/,Evidence appears limited; human review recommended.
"7,8-Dihydroxyflavone",Mental Health,"7,8-DHF is a natural flavonoid which can reach the brain and activate a receptor (TrkB) that promotes neuronal growth.",Mental Health,Reported benefits should be matched to the specific outcome studied rather than assumed broadly.,"7,8-Dihydroxyflavone is being investigated for tissue-signaling and repair pathways, but human mechanisms remain uncertain.","There are currently no human studies on 7,8-DHF to take human doses from, with all estimates being mathematically approximated from rodent research. The majority of rodent research does use intravenous injections however, with limited studies using oral ingestion. Oral ingestion does appear to have effects,",,,"7,8-DHF is a natural flavonoid which can reach the brain and activate a receptor (TrkB) that promotes neuronal growth. Reported benefits should be matched to the specific outcome studied rather than assumed broadly. 7,8-Dihydroxyflavone is being investigated for tissue-signaling and repair pathways, but human mechanisms remain uncertain. Paraphrased from public Examine page extraction; educational only.",mental-health;cognition,https://examine.com/supplements/7-8-dihydroxyflavone/,Paraphrased from public Examine page extraction; educational only.
Acetate,Gut Health,Acetate is a short-chain fatty acid (SCFA) that is made when bacteria in the gut ferment foods like dietary fiber and resistant starch.,Gut Health,Potential benefits are context-specific; review the source evidence before using Acetate in a protocol.,Mechanism details are not clear from the public summary; review the source before applying Acetate clinically.,No clear public dosage summary extracted; review source before use.,,,Acetate is a short-chain fatty acid (SCFA) that is made when bacteria in the gut ferment foods like dietary fiber and resistant starch. Potential benefits are context-specific; review the source evidence before using Acetate in a protocol. Mechanism details are not clear from the public summary; review the source before applying Acetate clinically. Check pregnancy/lactation safety before client use.,gut-health,https://examine.com/supplements/acetate/,Check pregnancy/lactation safety before client use.
African Mango,Metabolic Health,African mango supplements are derived from the seeds of the African mango fruit that grows on the Irvingia gabonensis tree.,Metabolic Health,Reported benefits should be matched to the specific outcome studied rather than assumed broadly.,"African Mango may affect metabolic signaling, glucose handling, or lipid-related pathways.","Supplemental dosages of irvingia gabonensis are quite variable, being anywhere between 150-3,200mg taken daily alongside meals. The optimal or effective dose is not currently known, but since the dietary fiber may be the active ingredient then supplementing in the higher end of the aforementioned range may be prudent.","Daily, following dosage notes.",,"African mango supplements are derived from the seeds of the African mango fruit that grows on the Irvingia gabonensis tree. Reported benefits should be matched to the specific outcome studied rather than assumed broadly. African Mango may affect metabolic signaling, glucose handling, or lipid-related pathways. Check pregnancy/lactation safety before client use.",metabolic-health;blood-sugar;sleep;cognition;exercise;hormones;heart-health,https://examine.com/supplements/african-mango/,Check pregnancy/lactation safety before client use.
Agmatine,Mental Health,Agmatine is a metabolite of L-Arginine. It shows promise for alleviating neuropathic pain and drug addiction and shows some potential in protecting against strokes and benefitting cognitive health.,Mental Health,Reported benefits should be matched to the specific outcome studied rather than assumed broadly.,Mechanism details are not clear from the public summary; review the source before applying Agmatine clinically.,"There are no standard dosages for agmatine because of the lack of human evidence for its effects. However, a single human study used 1,300-2,670mg of agmatine, daily for the treatment of neuropathic pain. The estimated human dose for improving cognition is 1.6-6.4mg/kg of agmatine, taken orally. This is based off of the 10-40mg/kg dosage range for rats, and is equivalent to 109-435mg for a 150lb person.","Daily, following dosage notes.",,Agmatine is a metabolite of L-Arginine. It shows promise for alleviating neuropathic pain and drug addiction and shows some potential in protecting against strokes and benefitting cognitive health. Reported benefits should be matched to the specific outcome studied rather than assumed broadly. Mechanism details are not clear from the public summary; review the source before applying Agmatine clinically. Paraphrased from public Examine page extraction; educational only.,mental-health;cognition;exercise;hormones,https://examine.com/supplements/agmatine/,Paraphrased from public Examine page extraction; educational only.
Akarkara,General Health,Akarkara (Anacyclus pyrethrum) is an herb used in traditional medicine that is also sold as a supplement.,General Health,Reported benefits should be matched to the specific outcome studied rather than assumed broadly.,Mechanism details are not clear from the public summary; review the source before applying Akarkara clinically.,"Studies in rats use a range of 50-150 mg/kg bodyweight Anacyclus pyrethrum roots (DC) daily, with all tested extracts (ethanolic, petroleum ether, water) appearing to be effective.","Daily, following dosage notes.",,Akarkara (Anacyclus pyrethrum) is an herb used in traditional medicine that is also sold as a supplement. Reported benefits should be matched to the specific outcome studied rather than assumed broadly. Mechanism details are not clear from the public summary; review the source before applying Akarkara clinically. Paraphrased from public Examine page extraction; educational only.,general-health;cognition;exercise;hormones,https://examine.com/supplements/akarkara/,Paraphrased from public Examine page extraction; educational only.
Akkermansia muciniphila,Metabolic Health,Akkermansia muciniphila is a species of bacteria found in the intestinal microbiome.,Metabolic Health,Reported benefits should be matched to the specific outcome studied rather than assumed broadly.,Akkermansia muciniphila may act through gut-microbiome or digestive pathways.,"Akkermansia muciniphila can be supplemented as a probiotic (live microorganism) or after pasteurization (postbiotic; dead microorganism). Supplementing with A. muciniphila is a novel concept, and currently there’s a lack of clinical research confirming its safety, efficacy, and optimal dosage or form. A.",,,Akkermansia muciniphila is a species of bacteria found in the intestinal microbiome. Reported benefits should be matched to the specific outcome studied rather than assumed broadly. Akkermansia muciniphila may act through gut-microbiome or digestive pathways. Paraphrased from public Examine page extraction; educational only.,metabolic-health;cognition;exercise;gut-health;hormones,https://examine.com/supplements/akkermansia-muciniphila/,Paraphrased from public Examine page extraction; educational only.
Alanine,Metabolic Health,Alanine is a non-essential amino acid used in protein synthesis and the regeneration of glucose within the liver via the glucose–alanine cycle.,Metabolic Health,Potential benefits are context-specific; review the source evidence before using Alanine in a protocol.,"Alanine may affect metabolic signaling, glucose handling, or lipid-related pathways.",No clear public dosage summary extracted; review source before use.,,,"Alanine is a non-essential amino acid used in protein synthesis and the regeneration of glucose within the liver via the glucose–alanine cycle. Potential benefits are context-specific; review the source evidence before using Alanine in a protocol. Alanine may affect metabolic signaling, glucose handling, or lipid-related pathways. Check pregnancy/lactation safety before client use.",metabolic-health;blood-sugar,https://examine.com/supplements/alanine/,Check pregnancy/lactation safety before client use.
Alanylglutamine,Muscle Gain & Exercise,"L-Alanyl-L-Glutamine, also known by the brand name Sustamine, is a dipeptide molecule of glutamine and alanine, which makes it more stable and water-soluble than glutamine by itself.",Muscle Gain & Exercise,Reported benefits should be matched to the specific outcome studied rather than assumed broadly.,"Alanylglutamine is being investigated for tissue-signaling and repair pathways, but human mechanisms remain uncertain.","Current studies on L-alanyl-L-glutamine use a dose of 1-3g a day. More research is needed to determine the optimal dose. L-Alanyl-L-Glutamine supplementation may be similar to glutamine supplementation, in terms of dose, timing, and purpose.","Daily, following dosage notes.",,"L-Alanyl-L-Glutamine, also known by the brand name Sustamine, is a dipeptide molecule of glutamine and alanine, which makes it more stable and water-soluble than glutamine by itself. Reported benefits should be matched to the specific outcome studied rather than assumed broadly. Alanylglutamine is being investigated for tissue-signaling and repair pathways, but human mechanisms remain uncertain. Paraphrased from public Examine page extraction; educational only.",muscle-gain-exercise;exercise;hormones,https://examine.com/supplements/alanylglutamine/,Paraphrased from public Examine page extraction; educational only.
Aloe vera,General Health,Aloe vera is a plant that has traditionally been used topically to alleviate burns and pain and orally against constipation.,General Health,Reported benefits should be matched to the specific outcome studied rather than assumed broadly.,Mechanism details are not clear from the public summary; review the source before applying Aloe vera clinically.,"The optimal dosage of Aloe vera has not been determined yet, with studies employing a broad spectrum of preparations containing varied extracts at different concentrations.[1][2]",,,Aloe vera is a plant that has traditionally been used topically to alleviate burns and pain and orally against constipation. Reported benefits should be matched to the specific outcome studied rather than assumed broadly. Mechanism details are not clear from the public summary; review the source before applying Aloe vera clinically. Check pregnancy/lactation safety before client use.,general-health;blood-sugar;cognition;exercise;gut-health;hormones,https://examine.com/supplements/aloe-vera/,Check pregnancy/lactation safety before client use.
Alpha-GPC,Muscle Gain & Exercise,Alpha-glycerylphosphorylcholine (alpha-GPC or α-GPC) is a compound used by the body in the synthesis of neurotransmitters.,Muscle Gain & Exercise,Reported benefits should be matched to the specific outcome studied rather than assumed broadly.,Alpha-GPC may influence choline availability and acetylcholine-related signaling.,"For attenuating symptoms of cognitive decline, almost all studies used a dosage of 1,200 mg per day, divided into three doses of 400 mg. For boosting power output, studies have used a dosage of 300–600 mg, supplemented 30–60 minutes prior to exercise.",Before exercise as studied.,,Alpha-glycerylphosphorylcholine (alpha-GPC or α-GPC) is a compound used by the body in the synthesis of neurotransmitters. Reported benefits should be matched to the specific outcome studied rather than assumed broadly. Alpha-GPC may influence choline availability and acetylcholine-related signaling. Check pregnancy/lactation safety before client use.,muscle-gain-exercise;cognition;exercise;hormones;heart-health,https://examine.com/supplements/alpha-gpc/,Check pregnancy/lactation safety before client use.
Alpha-Ketoglutarate,Muscle Gain & Exercise,"Alpha-ketoglutarate (AKG) is an important biological compound that plays a central role in regulating energy production through the Krebs cycle, which is the main way cells create energy.",Muscle Gain & Exercise,Reported benefits should be matched to the specific outcome studied rather than assumed broadly.,Mechanism details are not clear from the public summary; review the source before applying Alpha-Ketoglutarate clinically.,"In research, the dosages used range from 3.6 g to 6 g, with higher dosing in people who have suffered burns, but a recommended daily dose has not yet been established.[1] Since the effects are dose-dependent, finding an accurate dosing recommendation will be an important part of ongoing research.[2]","Daily, following dosage notes.",,"Alpha-ketoglutarate (AKG) is an important biological compound that plays a central role in regulating energy production through the Krebs cycle, which is the main way cells create energy. Reported benefits should be matched to the specific outcome studied rather than assumed broadly. Mechanism details are not clear from the public summary; review the source before applying Alpha-Ketoglutarate clinically. Paraphrased from public Examine page extraction; educational only.",muscle-gain-exercise;cognition;exercise;stimulant;hormones,https://examine.com/supplements/alpha-ketoglutarate/,Paraphrased from public Examine page extraction; educational only.
Alpha-Lactalbumin,General Health,Alpha-lactalbumin is the primary protein in human breast milk but is also found in cow’s milk.,General Health,Potential benefits are context-specific; review the source evidence before using Alpha-Lactalbumin in a protocol.,"Alpha-Lactalbumin is being investigated for tissue-signaling and repair pathways, but human mechanisms remain uncertain.",No clear public dosage summary extracted; review source before use.,,,"Alpha-lactalbumin is the primary protein in human breast milk but is also found in cow’s milk. Potential benefits are context-specific; review the source evidence before using Alpha-Lactalbumin in a protocol. Alpha-Lactalbumin is being investigated for tissue-signaling and repair pathways, but human mechanisms remain uncertain. Check pregnancy/lactation safety before client use.",general-health,https://examine.com/supplements/alpha-lactalbumin/,Check pregnancy/lactation safety before client use.
Alpha-Linolenic Acid,General Health,"Alpha-linolenic acid is an essential omega-3 fatty acid found primarily in plants, including walnuts, chia seeds, flaxseed, hemp seeds, canola, and their respective oils.",General Health,Reported benefits should be matched to the specific outcome studied rather than assumed broadly.,Mechanism details are not clear from the public summary; review the source before applying Alpha-Linolenic Acid clinically.,"As part of the regular diet, the Institute of Medicine has established an adequate intake (AI) level for ALA of 1.6 grams for men and 1.1 grams for women. This represents the daily amount that is thought to be nutritionally adequate.[1] ALA is highly bioavailable in foods and oils,","Daily, following dosage notes.",,"Alpha-linolenic acid is an essential omega-3 fatty acid found primarily in plants, including walnuts, chia seeds, flaxseed, hemp seeds, canola, and their respective oils. Reported benefits should be matched to the specific outcome studied rather than assumed broadly. Mechanism details are not clear from the public summary; review the source before applying Alpha-Linolenic Acid clinically. Paraphrased from public Examine page extraction; educational only.",general-health;lipids;hormones;heart-health,https://examine.com/supplements/alpha-linolenic-acid-ala/,Paraphrased from public Examine page extraction; educational only.
Alpha-Lipoic Acid,Muscle Gain & Exercise,Alpha-lipoic acid (ALA) is a compound involved in energy metabolism in the mitochondria.,Muscle Gain & Exercise,Reported benefits should be matched to the specific outcome studied rather than assumed broadly.,Alpha-Lipoic Acid is discussed in relation to oxidative-stress or inflammatory pathways.,"Formulation Alpha-lipoic acid (ALA) comes in two forms, either R-ALA (natural) or S-ALA (synthetic), and a mixture of the two is commonly used in supplements. Special formulations include Na-RALA (a sodium salt of ALA) and various complexes and nanoencapsulations intended to increase stability and absorption. Range of dosages studied Dosages of ALA have ranged from 200 to 1,800 mg per day.","Daily, following dosage notes.",,Alpha-lipoic acid (ALA) is a compound involved in energy metabolism in the mitochondria. Reported benefits should be matched to the specific outcome studied rather than assumed broadly. Alpha-Lipoic Acid is discussed in relation to oxidative-stress or inflammatory pathways. Check pregnancy/lactation safety before client use.,muscle-gain-exercise;blood-sugar;stimulant;gut-health;hormones;heart-health,https://examine.com/supplements/alpha-lipoic-acid/,Check pregnancy/lactation safety before client use.
Althaea officinalis,General Health,"The roots, flowers, and leaves of Althaea officinalis are used in traditional herbal medicine to treat a variety of issues.",General Health,Reported benefits should be matched to the specific outcome studied rather than assumed broadly.,Mechanism details are not clear from the public summary; review the source before applying Althaea officinalis clinically.,No clear public dosage summary extracted; review source before use.,,,"The roots, flowers, and leaves of Althaea officinalis are used in traditional herbal medicine to treat a variety of issues. Reported benefits should be matched to the specific outcome studied rather than assumed broadly. Mechanism details are not clear from the public summary; review the source before applying Althaea officinalis clinically. Check pregnancy/lactation safety before client use.",general-health,https://examine.com/supplements/althaea-officinalis/,Check pregnancy/lactation safety before client use.
Amla,Metabolic Health,"Emblica officinalis (Amla) is an ayurvedic herb which has all parts, including the fruits, used for preventative and therapeutic purposes.",Metabolic Health,Reported benefits should be matched to the specific outcome studied rather than assumed broadly.,Amla is discussed in relation to oxidative-stress or inflammatory pathways.,"Unless otherwise specified, most benefits associated with emblica officinalis are from the fruits of the plant. The fruits themselves (dry weight) or their powder are taken in the dosage range of 1-3g daily with the higher part of this range being seen as more effective.","Daily, following dosage notes.",,"Emblica officinalis (Amla) is an ayurvedic herb which has all parts, including the fruits, used for preventative and therapeutic purposes. Reported benefits should be matched to the specific outcome studied rather than assumed broadly. Amla is discussed in relation to oxidative-stress or inflammatory pathways. Paraphrased from public Examine page extraction; educational only.",metabolic-health;blood-sugar;lipids;cognition;heart-health,https://examine.com/supplements/amla/,Paraphrased from public Examine page extraction; educational only.
Anatabine,Immune & Inflammation,"Anatabine is an alkaloid compound found in tobacco and plants in the nightshade family, which includes eggplant and peppers.",Immune & Inflammation,Reported benefits should be matched to the specific outcome studied rather than assumed broadly.,Anatabine is discussed in relation to oxidative-stress or inflammatory pathways.,"Animal research on anatabine used an oral dose of 12.5 – 20mg/kg of bodyweight in mice, for the purpose of autoimmune diseases. This suggests a preliminary human dose of: • 70-110 mg for a 150lb person • 90-150 mg for a 200lb person • 110-180 mg for a 250lb person These dosages are based on preliminary animal evidence, not human studies.",,,"Anatabine is an alkaloid compound found in tobacco and plants in the nightshade family, which includes eggplant and peppers. Reported benefits should be matched to the specific outcome studied rather than assumed broadly. Anatabine is discussed in relation to oxidative-stress or inflammatory pathways. Paraphrased from public Examine page extraction; educational only.",immune-inflammation;inflammation,https://examine.com/supplements/anatabine/,Paraphrased from public Examine page extraction; educational only.
Aniracetam,Mental Health,"Aniracetam is a fat-soluble molecule in the racetams family, anecdotally touted to be more potent than piracetam and more catered to creativity and holistic thinking as well as reducing anxiety and depression.",Mental Health,Reported benefits should be matched to the specific outcome studied rather than assumed broadly.,Aniracetam may influence choline availability and acetylcholine-related signaling.,"Doses between 10 mg/kg bodyweight and 100 mg/kg bodyweight have been used in rats with efficacy in laboratory settings. Limited human evidence finds that oral doses in the 1,000-1,500 mg range (over the course of a day) tend to be effective. Doses as low as 400 mg have been reported to have some efficacy,","Daily, following dosage notes.",,"Aniracetam is a fat-soluble molecule in the racetams family, anecdotally touted to be more potent than piracetam and more catered to creativity and holistic thinking as well as reducing anxiety and depression. Reported benefits should be matched to the specific outcome studied rather than assumed broadly. Aniracetam may influence choline availability and acetylcholine-related signaling. Paraphrased from public Examine page extraction; educational only.",mental-health;cognition;hormones,https://examine.com/supplements/aniracetam/,Paraphrased from public Examine page extraction; educational only.
Anthocyanins,Immune & Inflammation,"Anthocyanins are part of the flavonoids family and found in blue, purple, and red fruits and vegetables such as berries, cherries, eggplant, onion, and pomegranate seeds.",Immune & Inflammation,Reported benefits should be matched to the specific outcome studied rather than assumed broadly.,Anthocyanins is discussed in relation to oxidative-stress or inflammatory pathways.,No clear public dosage summary extracted; review source before use.,,,"Anthocyanins are part of the flavonoids family and found in blue, purple, and red fruits and vegetables such as berries, cherries, eggplant, onion, and pomegranate seeds. Reported benefits should be matched to the specific outcome studied rather than assumed broadly. Anthocyanins is discussed in relation to oxidative-stress or inflammatory pathways. Check pregnancy/lactation safety before client use.",immune-inflammation;blood-sugar;cognition;inflammation,https://examine.com/supplements/anthocyanins/,Check pregnancy/lactation safety before client use.
Antioxidants,Mental Health,Antioxidants are compounds that neutralize unstable molecules in the body called free radicals and thereby limit cellular damage and oxidative stress.,Mental Health,Potential benefits are context-specific; review the source evidence before using Antioxidants in a protocol.,Antioxidants is discussed in relation to oxidative-stress or inflammatory pathways.,No clear public dosage summary extracted; review source before use.,,,Antioxidants are compounds that neutralize unstable molecules in the body called free radicals and thereby limit cellular damage and oxidative stress. Potential benefits are context-specific; review the source evidence before using Antioxidants in a protocol. Antioxidants is discussed in relation to oxidative-stress or inflammatory pathways. Paraphrased from public Examine page extraction; educational only.,mental-health;stress;inflammation,https://examine.com/supplements/antioxidants/,Paraphrased from public Examine page extraction; educational only.
Apigenin,Mental Health,"Apigenin is a bioflavonoids that appears to reduce anxiety, affect immune health, and modulate hormones.",Mental Health,Reported benefits should be matched to the specific outcome studied rather than assumed broadly.,Mechanism details are not clear from the public summary; review the source before applying Apigenin clinically.,"For general health needs, multiple daily servings of fruits and vegetables can provide adequate amounts of apigenin, which is estimated to be less than 5 mg/day.[1][2] Apigenin is sufficiently bioavailable through such dietary sources.[2] In contrast, apigenin that’s been isolated from its source is rarely stable enough to be absorbed by the body.[3] Because isolated apigenin is so unstable,","Daily, following dosage notes.",,"Apigenin is a bioflavonoids that appears to reduce anxiety, affect immune health, and modulate hormones. Reported benefits should be matched to the specific outcome studied rather than assumed broadly. Mechanism details are not clear from the public summary; review the source before applying Apigenin clinically. Check pregnancy/lactation safety before client use.",mental-health;cognition;exercise;hormones,https://examine.com/supplements/apigenin/,Check pregnancy/lactation safety before client use.
Arachidonic Acid,General Health,"Arachidonic acid (AA) is a fatty acid of the omega-6 class, and is the main fatty acid of interest when referring to an omega-3:6 ratio (relative to fish oil fatty acids).",General Health,Reported benefits should be matched to the specific outcome studied rather than assumed broadly.,Mechanism details are not clear from the public summary; review the source before applying Arachidonic Acid clinically.,"There is currently insufficient evidence to recommend an ideal dose of arachidonic acid supplementation, but anecdotally it is used at the dosage of around 2,000 mg taken 45 minutes before a workout. It is uncertain if this is an optimal dose or whether the timing is required. It should also be noted that for persons with chronic inflammatory disorders, such as rheumatoid arthritis or inflammatory bowel diseases,",,,"Arachidonic acid (AA) is a fatty acid of the omega-6 class, and is the main fatty acid of interest when referring to an omega-3:6 ratio (relative to fish oil fatty acids). Reported benefits should be matched to the specific outcome studied rather than assumed broadly. Mechanism details are not clear from the public summary; review the source before applying Arachidonic Acid clinically. Paraphrased from public Examine page extraction; educational only.",general-health;cognition;exercise;inflammation;gut-health;hormones,https://examine.com/supplements/arachidonic-acid/,Paraphrased from public Examine page extraction; educational only.
Arginine,General Health,Arginine is an amino acid involved in the regulation of vascular function and blood flow.,General Health,Reported benefits should be matched to the specific outcome studied rather than assumed broadly.,Mechanism details are not clear from the public summary; review the source before applying Arginine clinically.,"The standard preworkout dose for arginine is 3–6 grams. Taking more than 10 grams of arginine at once can result in gastrointestinal distress and diarrhea, but it is possible to maintain elevated arginine levels throughout the day by taking three spaced doses (15–18 grams/day). However, citrulline supplementation is more effective at maintaining elevated arginine levels for long periods of time.",Before exercise as studied.,,Arginine is an amino acid involved in the regulation of vascular function and blood flow. Reported benefits should be matched to the specific outcome studied rather than assumed broadly. Mechanism details are not clear from the public summary; review the source before applying Arginine clinically. Paraphrased from public Examine page extraction; educational only.,general-health;blood-sugar;lipids;stress;cognition;exercise;hormones;heart-health,https://examine.com/supplements/arginine/,Paraphrased from public Examine page extraction; educational only.
Arnica,Muscle Gain & Exercise,"Arnica (Arnica montana) is a plant commonly applied topically for inflammation, bruising, and pain; it is also found in homeopathic remedies.",Muscle Gain & Exercise,Reported benefits should be matched to the specific outcome studied rather than assumed broadly.,Arnica is discussed in relation to oxidative-stress or inflammatory pathways.,"When applied topically for osteoarthritis, arnica was seen to be effective at a concentration of 50 grams of tincture per 100 grams of product (i.e., 50 grams of a 1:20 arnica extract mixed into 100 grams of a gel).[1] In one study, a topical gel containing the equivalent of 10 mg of dried flowering herb was used to reduce delayed onset muscle soreness (DOMS) after intense exercise.",,,"Arnica (Arnica montana) is a plant commonly applied topically for inflammation, bruising, and pain; it is also found in homeopathic remedies. Reported benefits should be matched to the specific outcome studied rather than assumed broadly. Arnica is discussed in relation to oxidative-stress or inflammatory pathways. Check pregnancy/lactation safety before client use.",muscle-gain-exercise;cognition;exercise;inflammation;hormones;heart-health,https://examine.com/supplements/arnica/,Check pregnancy/lactation safety before client use.
Artemisia annua,General Health,"Artemisia annua is an herb native to Asia and is known for the compound artemisinin, which is used in the formulation of malaria treatments.",General Health,Potential benefits are context-specific; review the source evidence before using Artemisia annua in a protocol.,Mechanism details are not clear from the public summary; review the source before applying Artemisia annua clinically.,"⚠️ Caution: Don’t confuse Artemisia species ⚠️ Caution: Artemisia should not be used to treat malaria. In clinical research 150–300 mg of Artemisia annua extract twice daily has been used for up to 9 months for symptoms of arthritis.[6][7] In another clinical study,","Daily, following dosage notes.",,"Artemisia annua is an herb native to Asia and is known for the compound artemisinin, which is used in the formulation of malaria treatments. Potential benefits are context-specific; review the source evidence before using Artemisia annua in a protocol. Mechanism details are not clear from the public summary; review the source before applying Artemisia annua clinically. Paraphrased from public Examine page extraction; educational only.",general-health;cognition;exercise;hormones,https://examine.com/supplements/artemisia-annua/,Paraphrased from public Examine page extraction; educational only.
Artichoke Extract,Metabolic Health,Artichoke extract (Cynara scolymus) is an extract from the common bulb vegetable that appears to have the ability to stimulate bile secretion; this may underlie a weak reduction in cholesterol and improved fat digestion.,Metabolic Health,Reported benefits should be matched to the specific outcome studied rather than assumed broadly.,"Artichoke Extract may affect metabolic signaling, glucose handling, or lipid-related pathways.","Formulation: Artichoke extract is often derived from the leaves of the artichoke plant, but it may also include or be derived from the head, whole plant, hearts, and bud. Most of the beneficial activity is believed to come from the phenolic compounds (96 mg of gallic acid equivalent per 100 grams of the raw plant) artichoke contains. Formulation approaches include juices, aqueous extractions, and dried extractions.",,,"Artichoke extract (Cynara scolymus) is an extract from the common bulb vegetable that appears to have the ability to stimulate bile secretion; this may underlie a weak reduction in cholesterol and improved fat digestion. Reported benefits should be matched to the specific outcome studied rather than assumed broadly. Artichoke Extract may affect metabolic signaling, glucose handling, or lipid-related pathways. Paraphrased from public Examine page extraction; educational only.",metabolic-health;blood-sugar;lipids;gut-health;heart-health,https://examine.com/supplements/artichoke-extract/,Paraphrased from public Examine page extraction; educational only.
Asafoetida,General Health,"Ferula foetida (the active oleoresin being called Ferula asafoetida) is a supplement catered towards lung and gastrointestinal health, and is used as a carminative agent.",General Health,Reported benefits should be matched to the specific outcome studied rather than assumed broadly.,Mechanism details are not clear from the public summary; review the source before applying Asafoetida clinically.,"Supplementation in rats tend to use 200-400mg/kg of the gum or oleoresin, which leads to an estimated human dosage of: 2,200-4,400mg for a 150lb person 2,900-5,800mg for a 200lb person 3,600-7,300mg for a 250lb person These are estimated human dosages based on the animal research, and it is not known if they are the optimal human doses or not.",,,"Ferula foetida (the active oleoresin being called Ferula asafoetida) is a supplement catered towards lung and gastrointestinal health, and is used as a carminative agent. Reported benefits should be matched to the specific outcome studied rather than assumed broadly. Mechanism details are not clear from the public summary; review the source before applying Asafoetida clinically. Check pregnancy/lactation safety before client use.",general-health;cognition;exercise;hormones,https://examine.com/supplements/asafoetida/,Check pregnancy/lactation safety before client use.
Ashwagandha,Mental Health,"Ashwagandha, which has been called the king of Ayurvedic herbs, is commonly used for reducing stress and anxiety.",Mental Health,Reported benefits should be matched to the specific outcome studied rather than assumed broadly.,Mechanism details are not clear from the public summary; review the source before applying Ashwagandha clinically.,"Formulation: Various parts of the ashwagandha plant are used, but the most common supplemental form is an extract of its roots that may come in the form of capsules, liquid extract, tablets, or tea. When ashwagandha is used as part of the Ayurvedic system, it usually involves more than just the herb alone. Withanolides are considered to be the major active component in ashwagandha,",,,"Ashwagandha, which has been called the king of Ayurvedic herbs, is commonly used for reducing stress and anxiety. Reported benefits should be matched to the specific outcome studied rather than assumed broadly. Mechanism details are not clear from the public summary; review the source before applying Ashwagandha clinically. Check pregnancy/lactation safety before client use.",mental-health;stress;exercise;hormones,https://examine.com/supplements/ashwagandha/,Check pregnancy/lactation safety before client use.
Aspartate,Muscle Gain & Exercise,Aspartate is a nonessential amino acid that the body makes naturally.,Muscle Gain & Exercise,Reported benefits should be matched to the specific outcome studied rather than assumed broadly.,Aspartate likely works by correcting or supporting nutrient-dependent physiological processes.,No clear public dosage summary extracted; review source before use.,,,Aspartate is a nonessential amino acid that the body makes naturally. Reported benefits should be matched to the specific outcome studied rather than assumed broadly. Aspartate likely works by correcting or supporting nutrient-dependent physiological processes. Check pregnancy/lactation safety before client use.,muscle-gain-exercise;cognition;exercise,https://examine.com/supplements/aspartate/,Check pregnancy/lactation safety before client use.
Astaxanthin,Metabolic Health,"Astaxanthin is a carotenoid and the red pigment that gives salmon, krill, and some algae their vibrant colors.",Metabolic Health,Potential benefits are context-specific; review the source evidence before using Astaxanthin in a protocol.,Astaxanthin is discussed in relation to oxidative-stress or inflammatory pathways.,"Formulation Astaxanthin in supplements is derived from natural sources. Natural astaxanthin typically contains other carotenoids and is obtained through algae, Atlantic salmon, and krill. Astaxanthin can also be derived synthetically, but this form differs in its composition and is not approved for direct human consumption. [1][2][3] In published studies,",,,"Astaxanthin is a carotenoid and the red pigment that gives salmon, krill, and some algae their vibrant colors. Potential benefits are context-specific; review the source evidence before using Astaxanthin in a protocol. Astaxanthin is discussed in relation to oxidative-stress or inflammatory pathways. Paraphrased from public Examine page extraction; educational only.",metabolic-health;stress;inflammation;heart-health;experimental,https://examine.com/supplements/astaxanthin/,Paraphrased from public Examine page extraction; educational only.
Astragalus,General Health,Astragalus membranaceus is an herb used in Traditional Chinese Medicine.,General Health,Potential benefits are context-specific; review the source evidence before using Astragalus in a protocol.,Astragalus is discussed in relation to oxidative-stress or inflammatory pathways.,"Astragalus membranaceus and Angelicae sinensis are highly synergistic, meaning they are more powerful when taken together. This combination is traditionally called Dang-gui buxue tang. The starting point for the preparation of Dang-gui buxue tang in traditional Chinese medicine is 30 grams of Astragalus membranaceus root paired with 6 grams of Angelicae sinensis. This is a 5:1 ratio,",,,Astragalus membranaceus is an herb used in Traditional Chinese Medicine. Potential benefits are context-specific; review the source evidence before using Astragalus in a protocol. Astragalus is discussed in relation to oxidative-stress or inflammatory pathways. Paraphrased from public Examine page extraction; educational only.,general-health;cognition;inflammation;hormones;heart-health,https://examine.com/supplements/astragalus/,Paraphrased from public Examine page extraction; educational only.
Avocado/Soybean Unsaponifiables,Immune & Inflammation,Avocado/soybean unsaponifiables (ASU) is a supplement made from avocado and soybean oil.,Immune & Inflammation,Potential benefits are context-specific; review the source evidence before using Avocado/Soybean Unsaponifiables in a protocol.,Avocado/Soybean Unsaponifiables is discussed in relation to oxidative-stress or inflammatory pathways.,No clear public dosage summary extracted; review source before use.,,,Avocado/soybean unsaponifiables (ASU) is a supplement made from avocado and soybean oil. Potential benefits are context-specific; review the source evidence before using Avocado/Soybean Unsaponifiables in a protocol. Avocado/Soybean Unsaponifiables is discussed in relation to oxidative-stress or inflammatory pathways. Check pregnancy/lactation safety before client use.,immune-inflammation;inflammation,https://examine.com/supplements/avocadosoybean-unsaponifiables/,Check pregnancy/lactation safety before client use.
B Vitamins,Micronutrient,B vitamins are a class of vitamins that are used for many functions in the body.,Micronutrient,Potential benefits are context-specific; review the source evidence before using B Vitamins in a protocol.,B Vitamins likely works by correcting or supporting nutrient-dependent physiological processes.,No clear public dosage summary extracted; review source before use.,,,B vitamins are a class of vitamins that are used for many functions in the body. Potential benefits are context-specific; review the source evidence before using B Vitamins in a protocol. B Vitamins likely works by correcting or supporting nutrient-dependent physiological processes. Check pregnancy/lactation safety before client use.,micronutrient,https://examine.com/supplements/b-vitamins/,Check pregnancy/lactation safety before client use.
Bacopa monnieri,Mental Health,Bacopa monnieri is a nootropic herb that has been used in traditional medicine for longevity and cognitive enhancement.,Mental Health,Reported benefits should be matched to the specific outcome studied rather than assumed broadly.,Mechanism details are not clear from the public summary; review the source before applying Bacopa monnieri clinically.,"The most common dose for Bacopa monnieri is 300 mg per day, assuming that the total bacoside content (the active compound) is approximately 55% of the extract by weight.","Daily, following dosage notes.",,Bacopa monnieri is a nootropic herb that has been used in traditional medicine for longevity and cognitive enhancement. Reported benefits should be matched to the specific outcome studied rather than assumed broadly. Mechanism details are not clear from the public summary; review the source before applying Bacopa monnieri clinically. Check pregnancy/lactation safety before client use.,mental-health;lipids;cognition;gut-health;hormones,https://examine.com/supplements/bacopa-monnieri/,Check pregnancy/lactation safety before client use.
Baikal skullcap,Mental Health,Scutellaria baicalensis (Chinese Skullcap) is a traditional chinese medicine for the purposes of cardiovascular and cognitive health as well as longevity.,Mental Health,Potential benefits are context-specific; review the source evidence before using Baikal skullcap in a protocol.,Mechanism details are not clear from the public summary; review the source before applying Baikal skullcap clinically.,"Although there is a lack of human evidence to support the optimal dosage of scutellaria baicalensis for supplementation purposes, the doses that appear optimal in rat and mouse models suggest that an oral dose of around 500mg of the root extract should be efficacious.",,,Scutellaria baicalensis (Chinese Skullcap) is a traditional chinese medicine for the purposes of cardiovascular and cognitive health as well as longevity. Potential benefits are context-specific; review the source evidence before using Baikal skullcap in a protocol. Mechanism details are not clear from the public summary; review the source before applying Baikal skullcap clinically. Check pregnancy/lactation safety before client use.,mental-health;cognition;exercise;hormones;heart-health,https://examine.com/supplements/baikal-skullcap/,Check pregnancy/lactation safety before client use.
Bakuchi,Muscle Gain & Exercise,"Psoralea corylifolia (Bu Gu Zhi, Kushtanashini) is a plant whose seeds have traditionally been used for menopause and depression (among other claims); it appears to be somewhat effective, based on preliminary evidence, for both bone regeneration and catecholam",Muscle Gain & Exercise,"Human evidence appears limited, so treat benefits as uncertain.","Bakuchi appears to act mainly through stimulant-like nervous-system pathways that can affect energy, alertness, or exertion.","Traditional usage of Psoralea Corylifolia is 9-30g of the herb itself. Due to no human evidence, an optimal dosage cannot be determined at this time.",,,"Psoralea corylifolia (Bu Gu Zhi, Kushtanashini) is a plant whose seeds have traditionally been used for menopause and depression (among other claims); it appears to be somewhat effective, based on preliminary evidence, for both bone regeneration and catecholam Human evidence appears limited, so treat benefits as uncertain. Bakuchi appears to act mainly through stimulant-like nervous-system pathways that can affect energy, alertness, or exertion. Evidence appears limited;",muscle-gain-exercise;stress;cognition;stimulant;hormones;experimental,https://examine.com/supplements/bakuchi/,Evidence appears limited; human review recommended.
Banaba Leaf,Metabolic Health,"Lagerstroemia, also known as Banaba, is a plant whose leaves have been used for anti-diabetic purposes.",Metabolic Health,Reported benefits should be matched to the specific outcome studied rather than assumed broadly.,"Banaba Leaf may affect metabolic signaling, glucose handling, or lipid-related pathways.","An oral supplement of 3,000mg of the leaf extract from Banaba appears to be used with efficacy. Other Banaba supplements may have concentrated supplements which increase the corosolic acid content, in which a 2:1 extract of 1,500mg would be equivalent to the 3,000mg leaf extract. Although the above dose is currently recommended, it is not known if this is the optimal dose or not. Furthermore,",,,"Lagerstroemia, also known as Banaba, is a plant whose leaves have been used for anti-diabetic purposes. Reported benefits should be matched to the specific outcome studied rather than assumed broadly. Banaba Leaf may affect metabolic signaling, glucose handling, or lipid-related pathways. Paraphrased from public Examine page extraction; educational only.",metabolic-health;blood-sugar;cognition;exercise;gut-health;hormones,https://examine.com/supplements/banaba-leaf/,Paraphrased from public Examine page extraction; educational only.
Banana Flower,General Health,Musa x paradisiaca is a herbaceous perennial tree cultivated in warm climates and known for its production of bananas.,General Health,Reported benefits should be matched to the specific outcome studied rather than assumed broadly.,Mechanism details are not clear from the public summary; review the source before applying Banana Flower clinically.,No clear public dosage summary extracted; review source before use.,,,Musa x paradisiaca is a herbaceous perennial tree cultivated in warm climates and known for its production of bananas. Reported benefits should be matched to the specific outcome studied rather than assumed broadly. Mechanism details are not clear from the public summary; review the source before applying Banana Flower clinically. Check pregnancy/lactation safety before client use.,general-health,https://examine.com/supplements/banana-flower/,Check pregnancy/lactation safety before client use.
Beef Protein,General Health,Beef protein is made from beef protein isolate and often consumed in powdered form as a protein supplement.,General Health,Potential benefits are context-specific; review the source evidence before using Beef Protein in a protocol.,Mechanism details are not clear from the public summary; review the source before applying Beef Protein clinically.,No clear public dosage summary extracted; review source before use.,,,Beef protein is made from beef protein isolate and often consumed in powdered form as a protein supplement. Potential benefits are context-specific; review the source evidence before using Beef Protein in a protocol. Mechanism details are not clear from the public summary; review the source before applying Beef Protein clinically. Check pregnancy/lactation safety before client use.,general-health,https://examine.com/supplements/beef-protein/,Check pregnancy/lactation safety before client use.
Benfotiamine,Micronutrient,Benfotiamine is a relative of the vitamin Thiamine (B1) that appears to have a therapeutic role in pain reduction and diabetic complications (neuropathies and nephropathies); confers bioavailable Vitamin B1 after oral ingestion.,Micronutrient,Potential benefits are context-specific; review the source evidence before using Benfotiamine in a protocol.,Benfotiamine likely works by correcting or supporting nutrient-dependent physiological processes.,"Benfotiamine is commonly taken at the oral dose of 300-600mg over the course of the day, usually in two divided doses with meals (150mg or 300mg twice daily).",With or shortly after meals.,,Benfotiamine is a relative of the vitamin Thiamine (B1) that appears to have a therapeutic role in pain reduction and diabetic complications (neuropathies and nephropathies); confers bioavailable Vitamin B1 after oral ingestion. Potential benefits are context-specific; review the source evidence before using Benfotiamine in a protocol. Benfotiamine likely works by correcting or supporting nutrient-dependent physiological processes. Check pregnancy/lactation safety before client use.,micronutrient;cognition;exercise;hormones,https://examine.com/supplements/benfotiamine/,Check pregnancy/lactation safety before client use.
Berberine,Metabolic Health,Berberine is a plant alkaloid with a long history of use in Ayurvedic and traditional Chinese medicine for the management of various health conditions.,Metabolic Health,Reported benefits should be matched to the specific outcome studied rather than assumed broadly.,"Berberine may affect metabolic signaling, glucose handling, or lipid-related pathways.","The standard dose of berberine is 900-2,000mg a day, divided into three to four doses. Berberine should be taken with a meal, or shortly after, to take advantage of the blood glucose and lipid spike associated with eating. Too much berberine at once can result in stomach upset, cramping, and diarrhea.",With or shortly after meals.,,"Berberine is a plant alkaloid with a long history of use in Ayurvedic and traditional Chinese medicine for the management of various health conditions. Reported benefits should be matched to the specific outcome studied rather than assumed broadly. Berberine may affect metabolic signaling, glucose handling, or lipid-related pathways. Paraphrased from public Examine page extraction; educational only.",metabolic-health;blood-sugar;lipids;cognition;exercise;hormones,https://examine.com/supplements/berberine/,Paraphrased from public Examine page extraction; educational only.
Beta-Alanine,Muscle Gain & Exercise,"Beta-alanine is a building block of carnosine, a molecule that helps buffer acid in muscles.",Muscle Gain & Exercise,Reported benefits should be matched to the specific outcome studied rather than assumed broadly.,Beta-Alanine is discussed in relation to oxidative-stress or inflammatory pathways.,"Studies have found a range of 3.2–6.4 grams per day of beta-alanine to be effective for enhancing exercise performance.[1] To optimize carnosine stores, a chronic loading dose of 4–6 grams per day of beta-alanine divided into doses of 2 grams or less for a minimum of 2 weeks is suggested — this results in a 20%–30% increase in muscle carnosine stores,",Split across the day as described in dosage notes.,,"Beta-alanine is a building block of carnosine, a molecule that helps buffer acid in muscles. Reported benefits should be matched to the specific outcome studied rather than assumed broadly. Beta-Alanine is discussed in relation to oxidative-stress or inflammatory pathways. Check pregnancy/lactation safety before client use.",muscle-gain-exercise;blood-sugar;exercise;stimulant,https://examine.com/supplements/beta-alanine/,Check pregnancy/lactation safety before client use.
Beta-Carotene,Micronutrient,Beta-carotene is a red-orange pigment found in many fruits and vegetables that gives them their distinct color.,Micronutrient,Potential benefits are context-specific; review the source evidence before using Beta-Carotene in a protocol.,Beta-Carotene is discussed in relation to oxidative-stress or inflammatory pathways.,No clear public dosage summary extracted; review source before use.,,,Beta-carotene is a red-orange pigment found in many fruits and vegetables that gives them their distinct color. Potential benefits are context-specific; review the source evidence before using Beta-Carotene in a protocol. Beta-Carotene is discussed in relation to oxidative-stress or inflammatory pathways. Check pregnancy/lactation safety before client use.,micronutrient,https://examine.com/supplements/beta-carotene/,Check pregnancy/lactation safety before client use.
Beta-Glucans,Metabolic Health,"Beta-glucans are a type of fiber derived from cereals (e.g., oats, barley), seaweed, bacteria, and fungi.",Metabolic Health,Reported benefits should be matched to the specific outcome studied rather than assumed broadly.,"Beta-Glucans may affect metabolic signaling, glucose handling, or lipid-related pathways.","Beta-glucans usually come as a powder that may be loose or in capsules. Oat and barley beta-glucans generally require larger doses, which is more easily achieved with a loose powder that can be added to food or beverages. For lowering cholesterol, taking oat or barley beta-glucans orally at a dosage of at least 3 grams daily is recommended.[1] If choosing to supplement with whole foods,","Daily, following dosage notes.",,"Beta-glucans are a type of fiber derived from cereals (e.g., oats, barley), seaweed, bacteria, and fungi. Reported benefits should be matched to the specific outcome studied rather than assumed broadly. Beta-Glucans may affect metabolic signaling, glucose handling, or lipid-related pathways. Paraphrased from public Examine page extraction; educational only.",metabolic-health;blood-sugar;lipids;hormones,https://examine.com/supplements/beta-glucans/,Paraphrased from public Examine page extraction; educational only.
Betaine,Muscle Gain & Exercise,Betaine (trimethylglycine) is an active metabolite of choline in the body and a component of beetroot.,Muscle Gain & Exercise,Reported benefits should be matched to the specific outcome studied rather than assumed broadly.,Betaine may influence choline availability and acetylcholine-related signaling.,"For reducing homocysteine levels, a daily dose of 3–6 g is most commonly used in research. In healthy people, a daily dose of 1.5–3 g might be just as effective as higher doses.[1] A dosage of 2.5 g, typically split into two 1.25 g doses, has been used to improve resistance exercise performance. Studies on liver fat and fibrosis have used a dosage of 20 g per day, divided into two 10 g doses.",Split across the day as described in dosage notes.,,Betaine (trimethylglycine) is an active metabolite of choline in the body and a component of beetroot. Reported benefits should be matched to the specific outcome studied rather than assumed broadly. Betaine may influence choline availability and acetylcholine-related signaling. Paraphrased from public Examine page extraction; educational only.,muscle-gain-exercise;lipids;stress;exercise;inflammation;heart-health,https://examine.com/supplements/betaine/,Paraphrased from public Examine page extraction; educational only.
Betalains,General Health,"Betalains are a group of reddish pigments found in some fruits where the red anthocyanin compounds (such as pelargonidin) are replaced with betalains; a major component of beetroot, it can dye the urine a reddish tint.",General Health,Potential benefits are context-specific; review the source evidence before using Betalains in a protocol.,Mechanism details are not clear from the public summary; review the source before applying Betalains clinically.,No clear public dosage summary extracted; review source before use.,,,"Betalains are a group of reddish pigments found in some fruits where the red anthocyanin compounds (such as pelargonidin) are replaced with betalains; a major component of beetroot, it can dye the urine a reddish tint. Potential benefits are context-specific; review the source evidence before using Betalains in a protocol. Mechanism details are not clear from the public summary; review the source before applying Betalains clinically. Check pregnancy/lactation safety before client use.",general-health,https://examine.com/supplements/betalains/,Check pregnancy/lactation safety before client use.
Bhringaraj,Metabolic Health,Eclipta Alba (False Daisy) is a herb that has traditional usage as a liver tonic in Ayurveda.,Metabolic Health,Reported benefits should be matched to the specific outcome studied rather than assumed broadly.,Mechanism details are not clear from the public summary; review the source before applying Bhringaraj clinically.,"Currently, the only human study using Eclipta Alba merely consumed 3,000mg of the leaves. This study did not use a particular extract, but crushed and encapsulated the leaves themselves. Benefits are seen with the petroleum ether extract on hair growth (up to 5% of solution when applied topically) and the ethanolic extract for pain reduction (dose dependent up to 500mg/kg in rats,",,,Eclipta Alba (False Daisy) is a herb that has traditional usage as a liver tonic in Ayurveda. Reported benefits should be matched to the specific outcome studied rather than assumed broadly. Mechanism details are not clear from the public summary; review the source before applying Bhringaraj clinically. Paraphrased from public Examine page extraction; educational only.,metabolic-health;blood-sugar;heart-health,https://examine.com/supplements/bhringaraj/,Paraphrased from public Examine page extraction; educational only.
Biotin (Vitamin B7),Muscle Gain & Exercise,Biotin is an essential B vitamin used by the body as a cofactor for several enzymes involved in metabolism.,Muscle Gain & Exercise,Reported benefits should be matched to the specific outcome studied rather than assumed broadly.,Biotin (Vitamin B7) likely works by correcting or supporting nutrient-dependent physiological processes.,"Formulations Biotin is available as a single-ingredient oral tablet, capsule, gummy, or liquid. It is also commonly found in multi-ingredient supplements (e.g., B-complex vitamins, multivitamins, and formulas for hair, skin, and nails). A high-dose,",,,Biotin is an essential B vitamin used by the body as a cofactor for several enzymes involved in metabolism. Reported benefits should be matched to the specific outcome studied rather than assumed broadly. Biotin (Vitamin B7) likely works by correcting or supporting nutrient-dependent physiological processes. Check pregnancy/lactation safety before client use.,muscle-gain-exercise;lipids;exercise;stimulant;heart-health,https://examine.com/supplements/biotin/,Check pregnancy/lactation safety before client use.
Bitter Cucumber,Metabolic Health,"Citrullus colocynthis, also known as bitter cucumber, is a fruit-bearing plant.",Metabolic Health,Reported benefits should be matched to the specific outcome studied rather than assumed broadly.,Bitter Cucumber is discussed in relation to oxidative-stress or inflammatory pathways.,"Limited human evidence suggests that 100mg of the seed or dry pulp extract, taken three times a day for a total daily dose of 300mg, is associated with reducing blood glucose and improving lipid levels. The traditional ‘recommended’ dose for Citrullus colocynthis is 300-800mg. This dosage range is associated with severe intestinal inflammation.",Split across the day as described in dosage notes.,,"Citrullus colocynthis, also known as bitter cucumber, is a fruit-bearing plant. Reported benefits should be matched to the specific outcome studied rather than assumed broadly. Bitter Cucumber is discussed in relation to oxidative-stress or inflammatory pathways. Paraphrased from public Examine page extraction; educational only.",metabolic-health;blood-sugar;lipids;inflammation;hormones,https://examine.com/supplements/bitter-cucumber/,Paraphrased from public Examine page extraction; educational only.
Bitter Orange,Gut Health,"A molecule that is similar to ephedrine in mechanism, but less potent.",Gut Health,Potential benefits are context-specific; review the source evidence before using Bitter Orange in a protocol.,"Bitter Orange appears to act mainly through stimulant-like nervous-system pathways that can affect energy, alertness, or exertion.","A recommended dosage is 10-20mg, taken thrice a day. Acute dosages of 50mg are also frequently used, although not thrice a day.","Daily, following dosage notes.",,"A molecule that is similar to ephedrine in mechanism, but less potent. Potential benefits are context-specific; review the source evidence before using Bitter Orange in a protocol. Bitter Orange appears to act mainly through stimulant-like nervous-system pathways that can affect energy, alertness, or exertion. Paraphrased from public Examine page extraction; educational only.",gut-health;cognition;exercise;hormones;heart-health,https://examine.com/supplements/bitter-orange/,Paraphrased from public Examine page extraction; educational only.
Black Barberry Extract,Gut Health,Black barberry extract is a supplement made from the barberry shrub and contains high amounts of the phytochemical berberine.,Gut Health,Potential benefits are context-specific; review the source evidence before using Black Barberry Extract in a protocol.,Mechanism details are not clear from the public summary; review the source before applying Black Barberry Extract clinically.,No clear public dosage summary extracted; review source before use.,,,Black barberry extract is a supplement made from the barberry shrub and contains high amounts of the phytochemical berberine. Potential benefits are context-specific; review the source evidence before using Black Barberry Extract in a protocol. Mechanism details are not clear from the public summary; review the source before applying Black Barberry Extract clinically. Check pregnancy/lactation safety before client use.,gut-health,https://examine.com/supplements/black-barberry-extract/,Check pregnancy/lactation safety before client use.
Black Chokeberry,Metabolic Health,"Aronia melanocarpa, commonly known as the black chokeberry, is a sour berry with a high anthocyanin and anti-oxidant content.",Metabolic Health,Reported benefits should be matched to the specific outcome studied rather than assumed broadly.,Black Chokeberry is discussed in relation to oxidative-stress or inflammatory pathways.,Approximately 200 mL of unsweetened black chokeberry juice or 300 mg of a black chokeberry extract have been shown to provide benefits following supplementation. The benefits of this dose and supplement is comparable to the effects associated with the recommended dosage of blueberry supplementation. Aronia melanocarpa should be supplemented daily.,"Daily, following dosage notes.",,"Aronia melanocarpa, commonly known as the black chokeberry, is a sour berry with a high anthocyanin and anti-oxidant content. Reported benefits should be matched to the specific outcome studied rather than assumed broadly. Black Chokeberry is discussed in relation to oxidative-stress or inflammatory pathways. Paraphrased from public Examine page extraction; educational only.",metabolic-health;blood-sugar;lipids;hormones,https://examine.com/supplements/black-chokeberry/,Paraphrased from public Examine page extraction; educational only.
Black Cohosh,General Health,"Black Cohosh is the most popular supplement for menopause in North America, but the results of human studies are mixed.",General Health,Reported benefits should be matched to the specific outcome studied rather than assumed broadly.,Mechanism details are not clear from the public summary; review the source before applying Black Cohosh clinically.,"If using an isopropanolic extract (usually sold under the brand name of Remifemin), 20-40mg daily is used in doses of 20mg; taking 20mg results in a once daily dosing, whereas taking 40mg is twice daily dosing of the 20mg. This dosage (20-40mg) confers 1-2mg of triterpenoid glycosides. If using an aqueous:ethanolic extract of black cohosh root (ie.","Daily, following dosage notes.",,"Black Cohosh is the most popular supplement for menopause in North America, but the results of human studies are mixed. Reported benefits should be matched to the specific outcome studied rather than assumed broadly. Mechanism details are not clear from the public summary; review the source before applying Black Cohosh clinically. Paraphrased from public Examine page extraction; educational only.",general-health;cognition;exercise;hormones,https://examine.com/supplements/black-cohosh/,Paraphrased from public Examine page extraction; educational only.
Black Currant,Immune & Inflammation,"Black currant is a nutrient-rich berry that contains high amounts of iron, manganese, and antioxidants, including vitamin C and anthocyanins.[1] Black currant can be consumed as a food or supplement and might have beneficial effects on immune function.",Immune & Inflammation,Potential benefits are context-specific; review the source evidence before using Black Currant in a protocol.,Black Currant is discussed in relation to oxidative-stress or inflammatory pathways.,No clear public dosage summary extracted; review source before use.,,,"Black currant is a nutrient-rich berry that contains high amounts of iron, manganese, and antioxidants, including vitamin C and anthocyanins.[1] Black currant can be consumed as a food or supplement and might have beneficial effects on immune function. Potential benefits are context-specific; review the source evidence before using Black Currant in a protocol. Black Currant is discussed in relation to oxidative-stress or inflammatory pathways. Check pregnancy/lactation safety before client use.",immune-inflammation,https://examine.com/supplements/black-currant/,Check pregnancy/lactation safety before client use.
Black Garlic Extract,General Health,"Black garlic extract is made from raw garlic that has been exposed to low heat and humidity to alter its taste, color, and structure in a process known as the Maillard reaction.",General Health,Potential benefits are context-specific; review the source evidence before using Black Garlic Extract in a protocol.,Black Garlic Extract is discussed in relation to oxidative-stress or inflammatory pathways.,No clear public dosage summary extracted; review source before use.,,,"Black garlic extract is made from raw garlic that has been exposed to low heat and humidity to alter its taste, color, and structure in a process known as the Maillard reaction. Potential benefits are context-specific; review the source evidence before using Black Garlic Extract in a protocol. Black Garlic Extract is discussed in relation to oxidative-stress or inflammatory pathways. Check pregnancy/lactation safety before client use.",general-health,https://examine.com/supplements/black-garlic-extract/,Check pregnancy/lactation safety before client use.
Black Ginger,Metabolic Health,"Kaempferia Parviflora (Thai Ginseng) is a root plant that is touted to be an aphrodisiac and glucose support agent, with its effects on testosterone and aphrodisia relatively unresearched; it may be (slightly) erectogenic by various mechanisms.",Metabolic Health,Reported benefits should be matched to the specific outcome studied rather than assumed broadly.,"Black Ginger may affect metabolic signaling, glucose handling, or lipid-related pathways.","According to traditional usage of Kaempferia Parviflora,[1] 0.5-1 teaspoon of ground power is made into a tea and drank about 1-2 hours before physical performance. This is similar to the recommended daily dose from the Thai traditional medicine institute of 1.2g daily, and the one human study on the matter (failing to note benefit acutely) used 1.35g.","Daily, following dosage notes.",,"Kaempferia Parviflora (Thai Ginseng) is a root plant that is touted to be an aphrodisiac and glucose support agent, with its effects on testosterone and aphrodisia relatively unresearched; it may be (slightly) erectogenic by various mechanisms. Reported benefits should be matched to the specific outcome studied rather than assumed broadly. Black Ginger may affect metabolic signaling, glucose handling, or lipid-related pathways. Paraphrased from public Examine page extraction; educational only.",metabolic-health;blood-sugar;exercise;hormones;heart-health,https://examine.com/supplements/black-ginger/,Paraphrased from public Examine page extraction; educational only.
Black Pepper,Gut Health,"Black Pepper is a source of piperine, a molecule that does not do much on its own but can inhibit enzymes that would attack other molecules.",Gut Health,Reported benefits should be matched to the specific outcome studied rather than assumed broadly.,Mechanism details are not clear from the public summary; review the source before applying Black Pepper clinically.,"The usage of black pepper extract for the purpose of enhancing the absorption of other supplements that are glucuronidated (for example, curcumin) tends to call for 20mg of the bioactive piperine.",,,"Black Pepper is a source of piperine, a molecule that does not do much on its own but can inhibit enzymes that would attack other molecules. Reported benefits should be matched to the specific outcome studied rather than assumed broadly. Mechanism details are not clear from the public summary; review the source before applying Black Pepper clinically. Paraphrased from public Examine page extraction; educational only.",gut-health;hormones,https://examine.com/supplements/black-pepper/,Paraphrased from public Examine page extraction; educational only.
Black Seed,Metabolic Health,"“Black seed” refers to the seeds of the plant Nigella sativa, which have been harvested for their therapeutic properties for thousands of years.",Metabolic Health,Reported benefits should be matched to the specific outcome studied rather than assumed broadly.,Black Seed is discussed in relation to oxidative-stress or inflammatory pathways.,"Black seed is typically taken in the form of an oil or a ground powder, taken orally at a dosage of 1 to 3 grams daily. For people with type 2 diabetes, preliminary research suggests that 2 grams daily may be the sweet spot for achieving beneficial effects on lipids and blood glucose.[1] For topical use, most research has used preparations containing 10% to 20% black seed applied twice daily.","Daily, following dosage notes.",,"“Black seed” refers to the seeds of the plant Nigella sativa, which have been harvested for their therapeutic properties for thousands of years. Reported benefits should be matched to the specific outcome studied rather than assumed broadly. Black Seed is discussed in relation to oxidative-stress or inflammatory pathways. Check pregnancy/lactation safety before client use.",metabolic-health;blood-sugar;lipids;inflammation;heart-health,https://examine.com/supplements/black-seed/,Check pregnancy/lactation safety before client use.
Boron,Micronutrient,"Boron is a dietary mineral which is claimed to increase testosterone when supplemented at doses higher than from food, but research is lacking.",Micronutrient,Reported benefits should be matched to the specific outcome studied rather than assumed broadly.,Boron is discussed in relation to oxidative-stress or inflammatory pathways.,"The lowest active dose of Boron supplementation appears to be 3mg, which is effective in supporting hormonal parameters in postmenopausal women. Studies on osteoarthritis have used 6mg of Boron while studies in youth investigating hormonal changes have used 10mg. The optimal dose is currently not known, but the above doses appear to be active for their aforementioned goals.",,,"Boron is a dietary mineral which is claimed to increase testosterone when supplemented at doses higher than from food, but research is lacking. Reported benefits should be matched to the specific outcome studied rather than assumed broadly. Boron is discussed in relation to oxidative-stress or inflammatory pathways. Paraphrased from public Examine page extraction; educational only.",micronutrient;lipids;inflammation;hormones,https://examine.com/supplements/boron/,Paraphrased from public Examine page extraction; educational only.
Boswellia,Mental Health,"Boswellia, or Boswellia serrata, is an anti-inflammatory herb that may improve osteoarthritis.",Mental Health,Reported benefits should be matched to the specific outcome studied rather than assumed broadly.,Boswellia is discussed in relation to oxidative-stress or inflammatory pathways.,"Formulation: Boswellia has most often been studied as an oral capsule.[1] Some studies have used concentrations of 12.5%–20% of boswellic acids.[1][2] In one study where Boswellia was used topically,",,,"Boswellia, or Boswellia serrata, is an anti-inflammatory herb that may improve osteoarthritis. Reported benefits should be matched to the specific outcome studied rather than assumed broadly. Boswellia is discussed in relation to oxidative-stress or inflammatory pathways. Check pregnancy/lactation safety before client use.",mental-health;cognition;inflammation;hormones,https://examine.com/supplements/boswellia/,Check pregnancy/lactation safety before client use.
BPC-157,General Health,BPC-157 is a synthetic peptide that is being investigated for its regenerative effects.,General Health,"Human evidence appears limited, so treat benefits as uncertain.","BPC-157 is being investigated for tissue-signaling and repair pathways, but human mechanisms remain uncertain.","The closest possible recommended dose is based on rat studies where oral administration showed benefit, as most studies administer the supplement via injection. The oral dose that was effective in rats, 10 μg/kg, is estimated to be equivalent to 1.6 μg/kg,",,,"BPC-157 is a synthetic peptide that is being investigated for its regenerative effects. Human evidence appears limited, so treat benefits as uncertain. BPC-157 is being investigated for tissue-signaling and repair pathways, but human mechanisms remain uncertain. Evidence appears limited; human review recommended.",general-health;cognition;exercise;hormones,https://examine.com/supplements/bpc-157/,Evidence appears limited; human review recommended.
Branched-Chain Amino Acids,Muscle Gain & Exercise,Branched-chain amino acids (BCAAs) are three essential amino acids that are frequently supplemented because of their role in muscle growth and development.,Muscle Gain & Exercise,Reported benefits should be matched to the specific outcome studied rather than assumed broadly.,Mechanism details are not clear from the public summary; review the source before applying Branched-Chain Amino Acids clinically.,"The three BCAAs are leucine, isoleucine, and valine. They’re considered the most anabolic of the nine essential amino acids and have therefore been marketed as a sports supplement. However, it's possible that only leucine is especially anabolic, and that leucine taken alone is actually more anabolic than leucine taken with isoleucine and valine,",Split across the day as described in dosage notes.,,Branched-chain amino acids (BCAAs) are three essential amino acids that are frequently supplemented because of their role in muscle growth and development. Reported benefits should be matched to the specific outcome studied rather than assumed broadly. Mechanism details are not clear from the public summary; review the source before applying Branched-Chain Amino Acids clinically. Paraphrased from public Examine page extraction; educational only.,muscle-gain-exercise;exercise;gut-health;hormones,https://examine.com/supplements/branched-chain-amino-acids/,Paraphrased from public Examine page extraction; educational only.
Brassaiopsis glomerulata,General Health,Brassaiopsis glomerulata is a tree growing in Vietnam that appears to have some compounds that may inhibit the aromatase enzyme; there is currently a lack of applied evidence for this plant in living systems.,General Health,Potential benefits are context-specific; review the source evidence before using Brassaiopsis glomerulata in a protocol.,Mechanism details are not clear from the public summary; review the source before applying Brassaiopsis glomerulata clinically.,There is currently insufficient evidence to support an oral dose of Brassaiopsis glomerulata,,,Brassaiopsis glomerulata is a tree growing in Vietnam that appears to have some compounds that may inhibit the aromatase enzyme; there is currently a lack of applied evidence for this plant in living systems. Potential benefits are context-specific; review the source evidence before using Brassaiopsis glomerulata in a protocol. Mechanism details are not clear from the public summary; review the source before applying Brassaiopsis glomerulata clinically.,general-health;cognition;exercise;hormones,https://examine.com/supplements/brassaiopsis-glomerulata/,Check pregnancy/lactation safety before client use.
Brassinosteroids,Muscle Gain & Exercise,A bunch of 'plant steroid' molecules (like ecdysteroids are insect steroids) that are present in relatively high amounts in mustard; still nowhere near enough to get jacked off of mustard.,Muscle Gain & Exercise,Potential benefits are context-specific; review the source evidence before using Brassinosteroids in a protocol.,Mechanism details are not clear from the public summary; review the source before applying Brassinosteroids clinically.,There is not enough information for a recommend dosage at this time.,,,A bunch of 'plant steroid' molecules (like ecdysteroids are insect steroids) that are present in relatively high amounts in mustard; still nowhere near enough to get jacked off of mustard. Potential benefits are context-specific; review the source evidence before using Brassinosteroids in a protocol. Mechanism details are not clear from the public summary; review the source before applying Brassinosteroids clinically. Paraphrased from public Examine page extraction; educational only.,muscle-gain-exercise;cognition;exercise;hormones,https://examine.com/supplements/brassinosteroids/,Paraphrased from public Examine page extraction; educational only.
Bromelain,Gut Health,Bromelain is an enzyme extracted from pineapples.,Gut Health,Reported benefits should be matched to the specific outcome studied rather than assumed broadly.,Bromelain is discussed in relation to oxidative-stress or inflammatory pathways.,"The standard dose for bromelain depends on the goal of supplementation. If the goal is to aid digestion, the standard dose is between 200 – 2,000mg, taken with a meal. If the goal of supplementation is not digestion related, does range from 200 - 800mg. Bromelain is typically taken between meals to avoid potential degradation in the stomach.",With or shortly after meals.,,Bromelain is an enzyme extracted from pineapples. Reported benefits should be matched to the specific outcome studied rather than assumed broadly. Bromelain is discussed in relation to oxidative-stress or inflammatory pathways. Paraphrased from public Examine page extraction; educational only.,gut-health;inflammation;hormones;heart-health,https://examine.com/supplements/bromelain/,Paraphrased from public Examine page extraction; educational only.
Brown Seaweed Extract,Muscle Gain & Exercise,Fucoxanthin is a carotenoid found in brown seaweed that is being investigated for its fat burning abilities.,Muscle Gain & Exercise,Reported benefits should be matched to the specific outcome studied rather than assumed broadly.,"Brown Seaweed Extract may affect metabolic signaling, glucose handling, or lipid-related pathways.","A daily dosage of 2.4-8mg fucoxanthin has shown benefit in some human studies over a prolonged period of time, and while within this range the benefits are dose-dependent higher doses have not been tested sufficiently. If buying a seaweed standardized for fucoxanthin, look for the extract percentage and then backtrack.","Daily, following dosage notes.",,"Fucoxanthin is a carotenoid found in brown seaweed that is being investigated for its fat burning abilities. Reported benefits should be matched to the specific outcome studied rather than assumed broadly. Brown Seaweed Extract may affect metabolic signaling, glucose handling, or lipid-related pathways. Paraphrased from public Examine page extraction; educational only.",muscle-gain-exercise;blood-sugar;lipids;cognition;exercise;heart-health,https://examine.com/supplements/brown-seaweed-extract/,Paraphrased from public Examine page extraction; educational only.
Bulbine natalensis,Gut Health,"Bulbine natalensis is a traditionally used aphrodisiac and testosterone booster in South and South-Eastern Africa; in rat studies, it appears to both be quite potent in increasing testosterone but also appears to damage organ function in a similar manner to a",Gut Health,Reported benefits should be matched to the specific outcome studied rather than assumed broadly.,Mechanism details are not clear from the public summary; review the source before applying Bulbine natalensis clinically.,"Rat studies investigating how Bulbine natalensis interacts with testosterone note that 50mg/kg (of a 10:1 extraction) appear to be the optimal dosage,",,,"Bulbine natalensis is a traditionally used aphrodisiac and testosterone booster in South and South-Eastern Africa; in rat studies, it appears to both be quite potent in increasing testosterone but also appears to damage organ function in a similar manner to a Reported benefits should be matched to the specific outcome studied rather than assumed broadly. Mechanism details are not clear from the public summary; review the source before applying Bulbine natalensis clinically.",gut-health;cognition;hormones,https://examine.com/supplements/bulbine-natalensis/,Paraphrased from public Examine page extraction; educational only.
Burning Bush,Metabolic Health,Euonymus alatus (Gui Jeon Wu) is a traditional medicine touted to improve blood circulation and flow.,Metabolic Health,Reported benefits should be matched to the specific outcome studied rather than assumed broadly.,"Burning Bush may affect metabolic signaling, glucose handling, or lipid-related pathways.",Not enough evidence exists at this moment in time to recommend an effective dose,,,"Euonymus alatus (Gui Jeon Wu) is a traditional medicine touted to improve blood circulation and flow. Reported benefits should be matched to the specific outcome studied rather than assumed broadly. Burning Bush may affect metabolic signaling, glucose handling, or lipid-related pathways. Paraphrased from public Examine page extraction; educational only.",metabolic-health;blood-sugar;cognition;exercise;hormones,https://examine.com/supplements/burning-bush/,Paraphrased from public Examine page extraction; educational only.
Bushman's Hat,Mental Health,Hoodia gordonii is a small shrub (falsely said to be a cactus) that is claimed to suppress appetite.,Mental Health,Reported benefits should be matched to the specific outcome studied rather than assumed broadly.,Mechanism details are not clear from the public summary; review the source before applying Bushman's Hat clinically.,"Recommended doses of Hoodia gorgonii tend to be around one gram of an extract of 70% steroidal glycosides or more, taken twice a day with each dose about an hour before a meal. There is no evidence for an optimal dose nor to support the above dose as being active, and the toxic dose in mice (as well as preliminary human evidence) is the exact same as the supplemental dose.","Daily, following dosage notes.",,Hoodia gordonii is a small shrub (falsely said to be a cactus) that is claimed to suppress appetite. Reported benefits should be matched to the specific outcome studied rather than assumed broadly. Mechanism details are not clear from the public summary; review the source before applying Bushman's Hat clinically. Paraphrased from public Examine page extraction; educational only.,mental-health;cognition;hormones,https://examine.com/supplements/bushmans-hat/,Paraphrased from public Examine page extraction; educational only.
Butcher's Broom,General Health,"Butcher's broom, also known as Ruscus aculeatus, is an herbal supplement that is commonly used to treat circulatory conditions.",General Health,"Human evidence appears limited, so treat benefits as uncertain.",Mechanism details are not clear from the public summary; review the source before applying Butcher's Broom clinically.,"Formulation: Butcher's broom is most commonly sold as a standardized extract in capsules, though it’s also sometimes available as a liquid extract. Range of dosages studied: 72 to 75 mg daily.","Daily, following dosage notes.",,"Butcher's broom, also known as Ruscus aculeatus, is an herbal supplement that is commonly used to treat circulatory conditions. Human evidence appears limited, so treat benefits as uncertain. Mechanism details are not clear from the public summary; review the source before applying Butcher's Broom clinically. Evidence appears limited; human review recommended.",general-health;cognition;exercise;hormones;experimental,https://examine.com/supplements/butchers-broom/,Evidence appears limited; human review recommended.
Butea monosperma,Gut Health,"Butea monosperma is a herb that contains a variety of methoxylated isoflavones, and some of these isoflavones (cajanin) and other bioactives such as medicarpin can preserve bone mass with a potency similar or greater than estrogen itself, although some are non",Gut Health,Reported benefits should be matched to the specific outcome studied rather than assumed broadly.,Mechanism details are not clear from the public summary; review the source before applying Butea monosperma clinically.,There is currently not enough evidence to suggest a recommended dose of this plant.,,,"Butea monosperma is a herb that contains a variety of methoxylated isoflavones, and some of these isoflavones (cajanin) and other bioactives such as medicarpin can preserve bone mass with a potency similar or greater than estrogen itself, although some are non Reported benefits should be matched to the specific outcome studied rather than assumed broadly. Mechanism details are not clear from the public summary; review the source before applying Butea monosperma clinically.",gut-health;hormones,https://examine.com/supplements/butea-monosperma/,Paraphrased from public Examine page extraction; educational only.
Butea superba,Gut Health,"Butea Superba (Red Kwao Krua) is a herb from Thai medicine sometimes thought to be the male equivalent of Pueraria Mirifica, a phytoestrogen known as White Kwao Krua; evidence for Butea Superba for these claims is lacking.",Gut Health,"Human evidence appears limited, so treat benefits as uncertain.",Mechanism details are not clear from the public summary; review the source before applying Butea superba clinically.,"There is not enough information to recommend supplementation of butea superba, but it appears to be traditionally used in the range of 100-250mg. The exact bioactives that underlie its effects are not known",,,"Butea Superba (Red Kwao Krua) is a herb from Thai medicine sometimes thought to be the male equivalent of Pueraria Mirifica, a phytoestrogen known as White Kwao Krua; evidence for Butea Superba for these claims is lacking. Human evidence appears limited, so treat benefits as uncertain. Mechanism details are not clear from the public summary; review the source before applying Butea superba clinically. Evidence appears limited; human review recommended.",gut-health;hormones;experimental,https://examine.com/supplements/butea-superba/,Evidence appears limited; human review recommended.
Butterbur,Gut Health,Butterbur is an herb most commonly known for its use in migraine prevention.,Gut Health,Reported benefits should be matched to the specific outcome studied rather than assumed broadly.,Butterbur is discussed in relation to oxidative-stress or inflammatory pathways.,"Most clinical studies have used 50–150 mg of butterbur extract daily in divided doses. For migraine prevention, dosages of 50–150 mg daily taken by mouth have been used. Note that if you use butterbur on a daily basis, it is important to monitor for signs of liver toxicity.[1] For allergic rhinitis, 50 mg of butterbur extract two to three times daily seems to have some benefit.[2]",Split across the day as described in dosage notes.,,Butterbur is an herb most commonly known for its use in migraine prevention. Reported benefits should be matched to the specific outcome studied rather than assumed broadly. Butterbur is discussed in relation to oxidative-stress or inflammatory pathways. Check pregnancy/lactation safety before client use.,gut-health;cognition;exercise;inflammation;hormones,https://examine.com/supplements/butterbur/,Check pregnancy/lactation safety before client use.
Butterfly Pea,Metabolic Health,"A subtle brain boosting herb from Ayurveda known as Shanka Pushpi that has mechanisms and traditional usage similar to Bacopa Monnieri but, unlike Bacopa, does not currently have any human interventions to test its efficacy.",Metabolic Health,"Human evidence appears limited, so treat benefits as uncertain.","Butterfly Pea may affect metabolic signaling, glucose handling, or lipid-related pathways.","Due to lack of human interventions, an accurate or best human dose is hard to estimate. Currently, usage of a blend called Perment uses Clitoria Ternatea at 125mg but in conjunction with other herbals. If using Clitoria, doses may fluctuate around this dosage range and perhaps up to 250mg in isolation.",,,"A subtle brain boosting herb from Ayurveda known as Shanka Pushpi that has mechanisms and traditional usage similar to Bacopa Monnieri but, unlike Bacopa, does not currently have any human interventions to test its efficacy. Human evidence appears limited, so treat benefits as uncertain. Butterfly Pea may affect metabolic signaling, glucose handling, or lipid-related pathways. Evidence appears limited; human review recommended.",metabolic-health;blood-sugar;cognition;hormones;experimental,https://examine.com/supplements/butterfly-pea/,Evidence appears limited; human review recommended.
Butyrate,Gut Health,Butyrate is a short-chain fatty acid (SCFA) that is made when bacteria in the gut ferment foods like dietary fiber and resistant starch.,Gut Health,Potential benefits are context-specific; review the source evidence before using Butyrate in a protocol.,Mechanism details are not clear from the public summary; review the source before applying Butyrate clinically.,No clear public dosage summary extracted; review source before use.,,,Butyrate is a short-chain fatty acid (SCFA) that is made when bacteria in the gut ferment foods like dietary fiber and resistant starch. Potential benefits are context-specific; review the source evidence before using Butyrate in a protocol. Mechanism details are not clear from the public summary; review the source before applying Butyrate clinically. Check pregnancy/lactation safety before client use.,gut-health,https://examine.com/supplements/butyrate/,Check pregnancy/lactation safety before client use.
Caesalpinia benthamiana,General Health,Caesalpinia benthamiana is an African herb used for the treatment of erectile dysfunction.,General Health,Reported benefits should be matched to the specific outcome studied rather than assumed broadly.,Mechanism details are not clear from the public summary; review the source before applying Caesalpinia benthamiana clinically.,There is currently not enough information to recommend a supplemental dose of this herb.,,,Caesalpinia benthamiana is an African herb used for the treatment of erectile dysfunction. Reported benefits should be matched to the specific outcome studied rather than assumed broadly. Mechanism details are not clear from the public summary; review the source before applying Caesalpinia benthamiana clinically. Paraphrased from public Examine page extraction; educational only.,general-health;cognition;exercise;hormones,https://examine.com/supplements/caesalpinia-benthamiana/,Paraphrased from public Examine page extraction; educational only.
Caffeine,Muscle Gain & Exercise,Caffeine is a central nervous system stimulant that can improve sports performance and aspects of cognitive function.,Muscle Gain & Exercise,Reported benefits should be matched to the specific outcome studied rather than assumed broadly.,"Caffeine appears to act mainly through stimulant-like nervous-system pathways that can affect energy, alertness, or exertion.","⚠️ Caution: Caffeine has contraindications & drug interactions For sports performance The optimal dose for sports performance benefits is 3–6 mg per kilogram of bodyweight (approximately 200–400 mg in a 70 kg person), taken around 60 minutes before exercise.[1] Using a dose at the low end of this range, approximately 3 mg/kg of caffeine before exercise (approximately 200 mg in a 70 kg person),",Before exercise as studied.,,"Caffeine is a central nervous system stimulant that can improve sports performance and aspects of cognitive function. Reported benefits should be matched to the specific outcome studied rather than assumed broadly. Caffeine appears to act mainly through stimulant-like nervous-system pathways that can affect energy, alertness, or exertion. Paraphrased from public Examine page extraction; educational only.",muscle-gain-exercise;cognition;exercise;stimulant,https://examine.com/supplements/caffeine/,Paraphrased from public Examine page extraction; educational only.
Calcium,Micronutrient,"Calcium is a macromineral that can be obtained through the diet, particularly in dairy products and (to a lesser extent) vegetables.",Micronutrient,Reported benefits should be matched to the specific outcome studied rather than assumed broadly.,Calcium likely works by correcting or supporting nutrient-dependent physiological processes.,"Formulation: Supplemental calcium is usually recommended when dietary calcium is insufficient, and it is most frequently formulated as calcium carbonate or calcium citrate.[1][2] Forms of calcium supplements that may also be available include calcium phosphate, calcium lactate, calcium gluconate,",,,"Calcium is a macromineral that can be obtained through the diet, particularly in dairy products and (to a lesser extent) vegetables. Reported benefits should be matched to the specific outcome studied rather than assumed broadly. Calcium likely works by correcting or supporting nutrient-dependent physiological processes. Check pregnancy/lactation safety before client use.",micronutrient;gut-health;heart-health,https://examine.com/supplements/calcium/,Check pregnancy/lactation safety before client use.
Calcium Caseinate,General Health,Calcium caseinate is a type of milk protein derived from casein.,General Health,Potential benefits are context-specific; review the source evidence before using Calcium Caseinate in a protocol.,Mechanism details are not clear from the public summary; review the source before applying Calcium Caseinate clinically.,No clear public dosage summary extracted; review source before use.,,,Calcium caseinate is a type of milk protein derived from casein. Potential benefits are context-specific; review the source evidence before using Calcium Caseinate in a protocol. Mechanism details are not clear from the public summary; review the source before applying Calcium Caseinate clinically. Check pregnancy/lactation safety before client use.,general-health,https://examine.com/supplements/calcium-caseinate/,Check pregnancy/lactation safety before client use.
Calcium-D-Glucarate,Mental Health,Calcium-D-Glucarate is a β-glucuronidase inhibitor that promotes the excretion of any molecule in a specific detoxification pathway.,Mental Health,Reported benefits should be matched to the specific outcome studied rather than assumed broadly.,Calcium-D-Glucarate is discussed in relation to oxidative-stress or inflammatory pathways.,"The recommended dosage range (from supplement providers) is in the range of 1,500-3,000mg daily. Based on animal research, this does appear to be quite low and a minimum of 200mg/kg for humans may be needed to replicate the research (also based further on animal research, a 200mg/kg human dose is around the point where dose-dependent returns attenuate greatly and is the 'ideal' dose,","Daily, following dosage notes.",,Calcium-D-Glucarate is a β-glucuronidase inhibitor that promotes the excretion of any molecule in a specific detoxification pathway. Reported benefits should be matched to the specific outcome studied rather than assumed broadly. Calcium-D-Glucarate is discussed in relation to oxidative-stress or inflammatory pathways. Paraphrased from public Examine page extraction; educational only.,mental-health;stress;inflammation;hormones,https://examine.com/supplements/calcium-d-glucarate/,Paraphrased from public Examine page extraction; educational only.
Calendula Officinalis,Immune & Inflammation,"Topical calendula may help wounds heal faster, possibly by increasing blood flow and oxygen to the affected area.",Immune & Inflammation,Reported benefits should be matched to the specific outcome studied rather than assumed broadly.,Calendula Officinalis is discussed in relation to oxidative-stress or inflammatory pathways.,"As a vaginal cream, apply 5 grams of 1% cream every night for 7 nights with an applicator.[1][2] For wound healing, use either a 2%-10% Calendula ointment[3] or 2%-20% tincture.[4] For children with diaper dermatitis, apply a 1.5% Calendula ointment daily for 1 week.[5]","Daily, following dosage notes.",,"Topical calendula may help wounds heal faster, possibly by increasing blood flow and oxygen to the affected area. Reported benefits should be matched to the specific outcome studied rather than assumed broadly. Calendula Officinalis is discussed in relation to oxidative-stress or inflammatory pathways. Paraphrased from public Examine page extraction; educational only.",immune-inflammation;cognition;exercise;inflammation;hormones,https://examine.com/supplements/calendula-officinalis/,Paraphrased from public Examine page extraction; educational only.
California Poppy,Mental Health,California Poppy is an herb that has some bioactive alkaloids which may be nootropic or cognitive enhancing in nature; It is currently in the exploratory stages of research.,Mental Health,Reported benefits should be matched to the specific outcome studied rather than assumed broadly.,Mechanism details are not clear from the public summary; review the source before applying California Poppy clinically.,"There is currently not enough evidence to support an optimal dose of California Poppy. The best bet may to simply make tea, which has been apparently used as an anxiolytic and sedative by some people.",,,California Poppy is an herb that has some bioactive alkaloids which may be nootropic or cognitive enhancing in nature; It is currently in the exploratory stages of research. Reported benefits should be matched to the specific outcome studied rather than assumed broadly. Mechanism details are not clear from the public summary; review the source before applying California Poppy clinically. Paraphrased from public Examine page extraction; educational only.,mental-health;cognition;exercise;hormones,https://examine.com/supplements/california-poppy/,Paraphrased from public Examine page extraction; educational only.
Supplements,General Health,Examine simplifies nutrition and supplementation — through meticulous analysis of the latest scientific research — to help answer your questions on how to be healthier.,General Health,Potential benefits are context-specific; review the source evidence before using Supplements in a protocol.,Mechanism details are not clear from the public summary; review the source before applying Supplements clinically.,No clear public dosage summary extracted; review source before use.,,,Examine simplifies nutrition and supplementation — through meticulous analysis of the latest scientific research — to help answer your questions on how to be healthier. Potential benefits are context-specific; review the source evidence before using Supplements in a protocol. Mechanism details are not clear from the public summary; review the source before applying Supplements clinically. Paraphrased from public Examine page extraction; educational only.,general-health,https://examine.com/supplements/calorie-blocker/,Paraphrased from public Examine page extraction; educational only.
Cangfu Daotan Decoction,General Health,Cangfu Daotan Decoction — also known as Changbudodam-tang — is a Traditional Chinese Medicine commonly used to treat infertility.,General Health,Potential benefits are context-specific; review the source evidence before using Cangfu Daotan Decoction in a protocol.,Mechanism details are not clear from the public summary; review the source before applying Cangfu Daotan Decoction clinically.,No clear public dosage summary extracted; review source before use.,,,Cangfu Daotan Decoction — also known as Changbudodam-tang — is a Traditional Chinese Medicine commonly used to treat infertility. Potential benefits are context-specific; review the source evidence before using Cangfu Daotan Decoction in a protocol. Mechanism details are not clear from the public summary; review the source before applying Cangfu Daotan Decoction clinically. Check pregnancy/lactation safety before client use.,general-health;hormones,https://examine.com/supplements/cangfu-daotan-decoction/,Check pregnancy/lactation safety before client use.
Cannabidiol (CBD),Mental Health,"Like THC, CBD is a cannabinoid (a compound in cannabis).",Mental Health,Potential benefits are context-specific; review the source evidence before using Cannabidiol (CBD) in a protocol.,Cannabidiol (CBD) is discussed in relation to oxidative-stress or inflammatory pathways.,"The only CBD product approved in the U.S. is an epileptic drug: Epidiolex® is a solution (100 mg of CBD per milliliter) taken orally, preferably with food. The starting dosage is 2.5 mg per kilogram of body weight twice per day (so 5 mg/kg/day). The maximum dosage is 10 mg/kg twice per day (so 20 mg/kg/day). In people with hepatic impairment, the dosage is reduced.","Daily, following dosage notes.",,"Like THC, CBD is a cannabinoid (a compound in cannabis). Potential benefits are context-specific; review the source evidence before using Cannabidiol (CBD) in a protocol. Cannabidiol (CBD) is discussed in relation to oxidative-stress or inflammatory pathways. Paraphrased from public Examine page extraction; educational only.",mental-health;cognition;exercise;inflammation;hormones,https://examine.com/supplements/cbd/,Paraphrased from public Examine page extraction; educational only.
Capsaicin,Muscle Gain & Exercise,Capsaicin is a molecule found in hot peppers that creates the sensation of spiciness by activating the heat receptor TRPV1.,Muscle Gain & Exercise,Reported benefits should be matched to the specific outcome studied rather than assumed broadly.,Mechanism details are not clear from the public summary; review the source before applying Capsaicin clinically.,"Capsaicin/capsaicinoids are typically given in doses ranging from about 1.2 to 12 mg, although some studies have used up to 135 mg per day.[1] Capsaicin-containing supplements are usually sold in the form of dried chili pepper powder (e.g, cayenne). A capsule containing 500 mg of dried cayenne pepper contains around 1.2 mg of capsaicin.","Daily, following dosage notes.",,Capsaicin is a molecule found in hot peppers that creates the sensation of spiciness by activating the heat receptor TRPV1. Reported benefits should be matched to the specific outcome studied rather than assumed broadly. Mechanism details are not clear from the public summary; review the source before applying Capsaicin clinically. Paraphrased from public Examine page extraction; educational only.,muscle-gain-exercise;cognition;exercise;hormones,https://examine.com/supplements/capsaicin/,Paraphrased from public Examine page extraction; educational only.
Capsicum Carotenoids,Gut Health,"Carotenoids that are common to Capsicum foods like red peppers, and tend to co-exist alongside Capsaicin; not too bioactive, but appear to be potent P-glycoprotein inhibitors and may increase bioavailability of other supplements.",Gut Health,Reported benefits should be matched to the specific outcome studied rather than assumed broadly.,Mechanism details are not clear from the public summary; review the source before applying Capsicum Carotenoids clinically.,Not enough information is available for a recommended dosage.,,,"Carotenoids that are common to Capsicum foods like red peppers, and tend to co-exist alongside Capsaicin; not too bioactive, but appear to be potent P-glycoprotein inhibitors and may increase bioavailability of other supplements. Reported benefits should be matched to the specific outcome studied rather than assumed broadly. Mechanism details are not clear from the public summary; review the source before applying Capsicum Carotenoids clinically.",gut-health;cognition;exercise;hormones,https://examine.com/supplements/capsicum-carotenoids/,Paraphrased from public Examine page extraction; educational only.
Capsinoids,Muscle Gain & Exercise,Capsinoids are compounds related to capsaicin that are primarily found in chili peppers.,Muscle Gain & Exercise,Potential benefits are context-specific; review the source evidence before using Capsinoids in a protocol.,Mechanism details are not clear from the public summary; review the source before applying Capsinoids clinically.,No clear public dosage summary extracted; review source before use.,,,Capsinoids are compounds related to capsaicin that are primarily found in chili peppers. Potential benefits are context-specific; review the source evidence before using Capsinoids in a protocol. Mechanism details are not clear from the public summary; review the source before applying Capsinoids clinically. Check pregnancy/lactation safety before client use.,muscle-gain-exercise;stimulant,https://examine.com/supplements/capsinoids/,Check pregnancy/lactation safety before client use.
Caralluma Fimbriata,General Health,"Caralluma Fimbriata is a certain species of the Caralluma genus that appears to have historical usage as a famine food, appetite suppressant, and thirst quencher when the vegetables are boiled and salted.",General Health,Potential benefits are context-specific; review the source evidence before using Caralluma Fimbriata in a protocol.,Mechanism details are not clear from the public summary; review the source before applying Caralluma Fimbriata clinically.,"Currently, the only human study used 1,000mg of a 14:1 concentrated extract (equivalent to 14g of the plant in dry weight). This dose appeared to be effective somewhat, and is currently the only lead for what oral dosage of supplementation is needed. Caralluma fimbriata appears to require up to a month or so to work for appetite suppression.",,,"Caralluma Fimbriata is a certain species of the Caralluma genus that appears to have historical usage as a famine food, appetite suppressant, and thirst quencher when the vegetables are boiled and salted. Potential benefits are context-specific; review the source evidence before using Caralluma Fimbriata in a protocol. Mechanism details are not clear from the public summary; review the source before applying Caralluma Fimbriata clinically. Paraphrased from public Examine page extraction;",general-health;cognition;exercise;hormones,https://examine.com/supplements/caralluma-fimbriata/,Paraphrased from public Examine page extraction; educational only.
Carnosine,Muscle Gain & Exercise,"Carnosine, a protein made up of the amino acids beta-alanine and L-histidine, is present in high amounts in the brain, the heart, the gastrointestinal tract, and skeletal muscle.",Muscle Gain & Exercise,Reported benefits should be matched to the specific outcome studied rather than assumed broadly.,Carnosine supports carnosine-related buffering during intense exercise.,No clear public dosage summary extracted; review source before use.,,,"Carnosine, a protein made up of the amino acids beta-alanine and L-histidine, is present in high amounts in the brain, the heart, the gastrointestinal tract, and skeletal muscle. Reported benefits should be matched to the specific outcome studied rather than assumed broadly. Carnosine supports carnosine-related buffering during intense exercise. Check pregnancy/lactation safety before client use.",muscle-gain-exercise;cognition;exercise;heart-health,https://examine.com/supplements/carnosine/,Check pregnancy/lactation safety before client use.
Carotenoids,Micronutrient,"Carotenoids are the orange, red, and yellow pigments found in plants that give them their distinct colors and provide dietary antioxidants such as vitamin A.",Micronutrient,Potential benefits are context-specific; review the source evidence before using Carotenoids in a protocol.,Carotenoids is discussed in relation to oxidative-stress or inflammatory pathways.,No clear public dosage summary extracted; review source before use.,,,"Carotenoids are the orange, red, and yellow pigments found in plants that give them their distinct colors and provide dietary antioxidants such as vitamin A. Potential benefits are context-specific; review the source evidence before using Carotenoids in a protocol. Carotenoids is discussed in relation to oxidative-stress or inflammatory pathways. Check pregnancy/lactation safety before client use.",micronutrient,https://examine.com/supplements/carotenoids/,Check pregnancy/lactation safety before client use.
Casein,Gut Health,"Casein is a type of protein found in milk, and it makes up around 80% of the proteins in cow’s milk.",Gut Health,Potential benefits are context-specific; review the source evidence before using Casein in a protocol.,Mechanism details are not clear from the public summary; review the source before applying Casein clinically.,"Casein supplements can be used as a part of your daily protein intake. You can use our protein intake calculator to work out your own optimal daily protein intake. While the RDA for protein is 0.8 grams of protein per kilogram of body mass per day (g/kg/day), most people would benefit from having a higher protein intake in the range of 1.2g/kg/day to 1.6g/kg/day. Older people, athletes,","Daily, following dosage notes.",,"Casein is a type of protein found in milk, and it makes up around 80% of the proteins in cow’s milk. Potential benefits are context-specific; review the source evidence before using Casein in a protocol. Mechanism details are not clear from the public summary; review the source before applying Casein clinically. Paraphrased from public Examine page extraction; educational only.",gut-health;blood-sugar;lipids;cognition;exercise;hormones;heart-health,https://examine.com/supplements/casein-protein/,Paraphrased from public Examine page extraction; educational only.
Cat's Claw,General Health,Uncaria tomentosa (Cat's Claw) is an Amazonian vine that has been traditionally recommended for antiinflammatory and fatigue syndromes.,General Health,Potential benefits are context-specific; review the source evidence before using Cat's Claw in a protocol.,Mechanism details are not clear from the public summary; review the source before applying Cat's Claw clinically.,Studies that used cat's claw tended to administer 250 to 350 mg of the ethanolic extract once a day. This is usually standardized to a pentacyclic oxindole alkaloid content.,"Daily, following dosage notes.",,Uncaria tomentosa (Cat's Claw) is an Amazonian vine that has been traditionally recommended for antiinflammatory and fatigue syndromes. Potential benefits are context-specific; review the source evidence before using Cat's Claw in a protocol. Mechanism details are not clear from the public summary; review the source before applying Cat's Claw clinically. Paraphrased from public Examine page extraction; educational only.,general-health;cognition;exercise;inflammation;hormones,https://examine.com/supplements/cats-claw/,Paraphrased from public Examine page extraction; educational only.
Cat's Whiskers,General Health,"Orthosiphon stamineus (Java or Cat's Whiskers) is a plant whose leaves are used make a health tea, mostly for its antiinflammatory and urinary health properties.",General Health,Reported benefits should be matched to the specific outcome studied rather than assumed broadly.,Cat's Whiskers is discussed in relation to oxidative-stress or inflammatory pathways.,"There is not enough information to get an ideal dose, but at this moment it seems that a 70% ethanolic extract would be the most prudent supplemental dosage for the production of leptin in the body. Since this has been noted in a highly variable range (as low as 20mg/kg in mice, as high as 450mg/kg in rats) it is uncertain what the best oral dose to take would be. Nonetheless,",,,"Orthosiphon stamineus (Java or Cat's Whiskers) is a plant whose leaves are used make a health tea, mostly for its antiinflammatory and urinary health properties. Reported benefits should be matched to the specific outcome studied rather than assumed broadly. Cat's Whiskers is discussed in relation to oxidative-stress or inflammatory pathways. Paraphrased from public Examine page extraction; educational only.",general-health;inflammation,https://examine.com/supplements/cats-whiskers/,Paraphrased from public Examine page extraction; educational only.
CDP-Choline,Metabolic Health,"Cytidinediphosphocholine (CDP-choline; citicoline) is a nootropic compound that converts to both choline and cytidine upon ingestion, the latter of which converts into uridine in the body.",Metabolic Health,Reported benefits should be matched to the specific outcome studied rather than assumed broadly.,CDP-Choline may influence choline availability and acetylcholine-related signaling.,"Standard dosing of CDP-choline is to take 500-2,000 mg in two divided doses (of 250-1,000 mg) usually separated by 8-12 hours, although a single daily dose is also sometimes used. A single dose of 4,000 mg does not appear to affect the blood any differently than 2,000 mg, and so it is not necessary to take such a high dose. There are some properties, such as attention-promotion or improving bioenergetics,",Split across the day as described in dosage notes.,,"Cytidinediphosphocholine (CDP-choline; citicoline) is a nootropic compound that converts to both choline and cytidine upon ingestion, the latter of which converts into uridine in the body. Reported benefits should be matched to the specific outcome studied rather than assumed broadly. CDP-Choline may influence choline availability and acetylcholine-related signaling. Paraphrased from public Examine page extraction; educational only.",metabolic-health;lipids;cognition,https://examine.com/supplements/cdp-choline/,Paraphrased from public Examine page extraction; educational only.
Celastrus paniculatus,Metabolic Health,"Celastrus paniculatus is a plant, the seeds of which are used to improve cognition.",Metabolic Health,Reported benefits should be matched to the specific outcome studied rather than assumed broadly.,Celastrus paniculatus is discussed in relation to oxidative-stress or inflammatory pathways.,"Traditional Celastrus paniculatus dosages start at 10 seeds, taken all at once. If no side effects occur, increase the dose to 15 and finally 20 seeds. Much more research is needed to determine the optimal dose of Celastrus paniculatus.",,,"Celastrus paniculatus is a plant, the seeds of which are used to improve cognition. Reported benefits should be matched to the specific outcome studied rather than assumed broadly. Celastrus paniculatus is discussed in relation to oxidative-stress or inflammatory pathways. Paraphrased from public Examine page extraction; educational only.",metabolic-health;lipids;cognition;exercise;inflammation;hormones,https://examine.com/supplements/celastrus-paniculatus/,Paraphrased from public Examine page extraction; educational only.
Celery Seed Extract,Immune & Inflammation,Celery seed oil is a supplement containing a high amount of volatile compounds known as phthalides.,Immune & Inflammation,Potential benefits are context-specific; review the source evidence before using Celery Seed Extract in a protocol.,Celery Seed Extract is discussed in relation to oxidative-stress or inflammatory pathways.,No clear public dosage summary extracted; review source before use.,,,Celery seed oil is a supplement containing a high amount of volatile compounds known as phthalides. Potential benefits are context-specific; review the source evidence before using Celery Seed Extract in a protocol. Celery Seed Extract is discussed in relation to oxidative-stress or inflammatory pathways. Check pregnancy/lactation safety before client use.,immune-inflammation;inflammation;heart-health,https://examine.com/supplements/celery-seed-extract/,Check pregnancy/lactation safety before client use.
Centrophenoxine,Mental Health,"Centrophenoxine is to DMAE like Alpha-GPC is to Choline, an option that is better absorbed since the active molecule is bound to an absorption enhancer.",Mental Health,Reported benefits should be matched to the specific outcome studied rather than assumed broadly.,Centrophenoxine may influence choline availability and acetylcholine-related signaling.,"For therapeutic usage in reducing lipofuscin (for the aged) 3-6 doses of 250mg centrophenoxine is generally touted. For younger individuals seeking neurological enhancement and neuronal protection, 1-3 doses of 250mg suffices.",,,"Centrophenoxine is to DMAE like Alpha-GPC is to Choline, an option that is better absorbed since the active molecule is bound to an absorption enhancer. Reported benefits should be matched to the specific outcome studied rather than assumed broadly. Centrophenoxine may influence choline availability and acetylcholine-related signaling. Paraphrased from public Examine page extraction; educational only.",mental-health;cognition;exercise;hormones,https://examine.com/supplements/centrophenoxine/,Paraphrased from public Examine page extraction; educational only.
Chaga,Immune & Inflammation,"Chaga, known as Inonotus obliquus, is a mushroom that has supposed beneficial effects on immune function and cancer risk.",Immune & Inflammation,Reported benefits should be matched to the specific outcome studied rather than assumed broadly.,Mechanism details are not clear from the public summary; review the source before applying Chaga clinically.,"Formulation: Chaga is most commonly sold as a dried extract in powder or capsule form but is also available as a liquid tincture. Other Considerations: There is very little human research available for Chaga. Thus, dosage recommendations cannot be made, as further research is required.",,,"Chaga, known as Inonotus obliquus, is a mushroom that has supposed beneficial effects on immune function and cancer risk. Reported benefits should be matched to the specific outcome studied rather than assumed broadly. Mechanism details are not clear from the public summary; review the source before applying Chaga clinically. Paraphrased from public Examine page extraction; educational only.",immune-inflammation;cognition;exercise;hormones,https://examine.com/supplements/chaga/,Paraphrased from public Examine page extraction; educational only.
Chaihu Longgu Muli Decoction,General Health,Chaihu longgu muli decoction is an herbal formulation used in Traditional Chinese Medicine for the treatment of insomnia and certain psychiatric illnesses.,General Health,Potential benefits are context-specific; review the source evidence before using Chaihu Longgu Muli Decoction in a protocol.,Mechanism details are not clear from the public summary; review the source before applying Chaihu Longgu Muli Decoction clinically.,No clear public dosage summary extracted; review source before use.,,,Chaihu longgu muli decoction is an herbal formulation used in Traditional Chinese Medicine for the treatment of insomnia and certain psychiatric illnesses. Potential benefits are context-specific; review the source evidence before using Chaihu Longgu Muli Decoction in a protocol. Mechanism details are not clear from the public summary; review the source before applying Chaihu Longgu Muli Decoction clinically. Check pregnancy/lactation safety before client use.,general-health;sleep,https://examine.com/supplements/chaihu-longgu-muli-decoction/,Check pregnancy/lactation safety before client use.
Charcoal,Metabolic Health,Charcoal (activated charcoal) is a fine black powder that is often taken as a supplement or added to food products.,Metabolic Health,Reported benefits should be matched to the specific outcome studied rather than assumed broadly.,"Charcoal may affect metabolic signaling, glucose handling, or lipid-related pathways.",No clear public dosage summary extracted; review source before use.,,,"Charcoal (activated charcoal) is a fine black powder that is often taken as a supplement or added to food products. Reported benefits should be matched to the specific outcome studied rather than assumed broadly. Charcoal may affect metabolic signaling, glucose handling, or lipid-related pathways. Check pregnancy/lactation safety before client use.",metabolic-health;lipids,https://examine.com/supplements/charcoal/,Check pregnancy/lactation safety before client use.
Chaste Tree,Mental Health,"Vitex agnus-castus, also called chaste tree, is a flowering plant often used to alleviate premenstrual syndrome.",Mental Health,Reported benefits should be matched to the specific outcome studied rather than assumed broadly.,Mechanism details are not clear from the public summary; review the source before applying Chaste Tree clinically.,Vitex agnus-castus supplements are based on the dry weight of the plant’s fruit. The standard dose is between 150 and 250 mg. There are also two extractions of Vitex agnus-castus: BNO 1095 is a 10:1 extraction and provides benefits at doses as low as 4 mg. Ze 110 is a 6-12:1 extraction and provides benefits at doses of 20 mg.,,,"Vitex agnus-castus, also called chaste tree, is a flowering plant often used to alleviate premenstrual syndrome. Reported benefits should be matched to the specific outcome studied rather than assumed broadly. Mechanism details are not clear from the public summary; review the source before applying Chaste Tree clinically. Paraphrased from public Examine page extraction; educational only.",mental-health;sleep;hormones,https://examine.com/supplements/chaste-tree/,Paraphrased from public Examine page extraction; educational only.
China Rose,General Health,Hibiscus rosasinensis (China Rose) is a flower that has traditionally been used for hair growth and for the treatment of stomach ulcers.,General Health,Reported benefits should be matched to the specific outcome studied rather than assumed broadly.,China Rose is discussed in relation to oxidative-stress or inflammatory pathways.,No clear public dosage summary extracted; review source before use.,,,Hibiscus rosasinensis (China Rose) is a flower that has traditionally been used for hair growth and for the treatment of stomach ulcers. Reported benefits should be matched to the specific outcome studied rather than assumed broadly. China Rose is discussed in relation to oxidative-stress or inflammatory pathways. Check pregnancy/lactation safety before client use.,general-health,https://examine.com/supplements/china-rose/,Check pregnancy/lactation safety before client use.
Chinese Hawthorn,Metabolic Health,"Crataegus pinnatifida, also known as Chinese hawthorn, is a berry that has been investigated for its anti-inflammatory and anti-allergy effects.",Metabolic Health,Reported benefits should be matched to the specific outcome studied rather than assumed broadly.,Chinese Hawthorn is discussed in relation to oxidative-stress or inflammatory pathways.,No clear public dosage summary extracted; review source before use.,,,"Crataegus pinnatifida, also known as Chinese hawthorn, is a berry that has been investigated for its anti-inflammatory and anti-allergy effects. Reported benefits should be matched to the specific outcome studied rather than assumed broadly. Chinese Hawthorn is discussed in relation to oxidative-stress or inflammatory pathways. Check pregnancy/lactation safety before client use.",metabolic-health;lipids;inflammation;heart-health,https://examine.com/supplements/chinese-hawthorn/,Check pregnancy/lactation safety before client use.
Chinese Juniper,Metabolic Health,"Juniperus chinensis is a plant with folklore but no proven medical uses, though it is an effective insect repellant.",Metabolic Health,Potential benefits are context-specific; review the source evidence before using Chinese Juniper in a protocol.,"Chinese Juniper may affect metabolic signaling, glucose handling, or lipid-related pathways.","The only animal evidence at this moment in time used doses of 50 to 150 mg per kilogram of body weight in rats, which converts to the following estimated human dose: 550 to 1,600 mg for a 150 lb person 700 to 2,200 mg for a 200 lb person 900 to 2,700 mg for a 250 lb person There is no assurance that these dosage ranges are optimal for human consumption.",,,"Juniperus chinensis is a plant with folklore but no proven medical uses, though it is an effective insect repellant. Potential benefits are context-specific; review the source evidence before using Chinese Juniper in a protocol. Chinese Juniper may affect metabolic signaling, glucose handling, or lipid-related pathways. Paraphrased from public Examine page extraction; educational only.",metabolic-health;blood-sugar;hormones,https://examine.com/supplements/chinese-juniper/,Paraphrased from public Examine page extraction; educational only.
Chinese Sweet Leaf,General Health,"Rubus suavissimus (Chinese sweet leaf) is a plant whose leaves are used to brew a sweetened tea, and it is currently thought to be a decent weight loss aid, in part due to suppression of the formation of body fat and in part due to its sweetness helping with f",General Health,Reported benefits should be matched to the specific outcome studied rather than assumed broadly.,Mechanism details are not clear from the public summary; review the source before applying Chinese Sweet Leaf clinically.,No clear public dosage summary extracted; review source before use.,,,"Rubus suavissimus (Chinese sweet leaf) is a plant whose leaves are used to brew a sweetened tea, and it is currently thought to be a decent weight loss aid, in part due to suppression of the formation of body fat and in part due to its sweetness helping with f Reported benefits should be matched to the specific outcome studied rather than assumed broadly. Mechanism details are not clear from the public summary; review the source before applying Chinese Sweet Leaf clinically.",general-health,https://examine.com/supplements/chinese-sweet-leaf/,Check pregnancy/lactation safety before client use.
Chitosan,Metabolic Health,"Chitosan is a fibrous compound derived from the protein chitin, which is found in the hard outer shells of crustaceans and in some types of fungi.",Metabolic Health,Reported benefits should be matched to the specific outcome studied rather than assumed broadly.,"Chitosan may affect metabolic signaling, glucose handling, or lipid-related pathways.",No clear public dosage summary extracted; review source before use.,,,"Chitosan is a fibrous compound derived from the protein chitin, which is found in the hard outer shells of crustaceans and in some types of fungi. Reported benefits should be matched to the specific outcome studied rather than assumed broadly. Chitosan may affect metabolic signaling, glucose handling, or lipid-related pathways. Check pregnancy/lactation safety before client use.",metabolic-health;lipids,https://examine.com/supplements/chitosan/,Check pregnancy/lactation safety before client use.
Chlorella,Muscle Gain & Exercise,Chlorella is a freshwater green alga commonly used as a plant-based source of vitamin B12 for vegans and vegetarians.,Muscle Gain & Exercise,Reported benefits should be matched to the specific outcome studied rather than assumed broadly.,Chlorella likely works by correcting or supporting nutrient-dependent physiological processes.,"In the scientific literature, the total daily dose of chlorella ranges from 6 to 10 grams per day. Although there aren’t clear reasons for this range, it appears to be somewhat effective. Higher doses have not been sufficiently tested, and the optimal dose of supplemental chlorella is not known. For exercise performance, most studies use a dose of 6 grams per day for 3–4 weeks,","Daily, following dosage notes.",,Chlorella is a freshwater green alga commonly used as a plant-based source of vitamin B12 for vegans and vegetarians. Reported benefits should be matched to the specific outcome studied rather than assumed broadly. Chlorella likely works by correcting or supporting nutrient-dependent physiological processes. Check pregnancy/lactation safety before client use.,muscle-gain-exercise;blood-sugar;cognition;exercise;hormones;heart-health,https://examine.com/supplements/chlorella/,Check pregnancy/lactation safety before client use.
Chlorogenic Acid,Muscle Gain & Exercise,Chlorogenic acid is found in coffee mostly and a lot of plant compounds; it holds promise in many aspects of health and cognition similar to bioflavonoids and shares some effects similar to caffeine but less potent.,Muscle Gain & Exercise,Reported benefits should be matched to the specific outcome studied rather than assumed broadly.,"Chlorogenic Acid appears to act mainly through stimulant-like nervous-system pathways that can affect energy, alertness, or exertion.","Supplemental chlorogenic acid appears to have benefit in the range of 120-300mg oral intake, with higher doses still possibly beneficial (not really tested sufficiently). These doses appear to benefit blood pressure and circulation mostly. This dose seems to be low enough that moderate to high doses of plants with a rich chlorogenic acid content may confer the benefits listed on this page,",,,"Chlorogenic acid is found in coffee mostly and a lot of plant compounds; it holds promise in many aspects of health and cognition similar to bioflavonoids and shares some effects similar to caffeine but less potent. Reported benefits should be matched to the specific outcome studied rather than assumed broadly. Chlorogenic Acid appears to act mainly through stimulant-like nervous-system pathways that can affect energy, alertness, or exertion. Paraphrased from public Examine page extraction;",muscle-gain-exercise;blood-sugar;cognition;stimulant;hormones;heart-health,https://examine.com/supplements/chlorogenic-acid/,Paraphrased from public Examine page extraction; educational only.
Chlorophyll,General Health,"Chlorophyll is the most abundant pigment on Earth, and is responsible for creating the green color in plants and algae.",General Health,Reported benefits should be matched to the specific outcome studied rather than assumed broadly.,Chlorophyll is discussed in relation to oxidative-stress or inflammatory pathways.,"Chlorophyll is most often taken in a liquid or capsule form at dosages ranging from 100 to 300 mg daily.[1][2][3] However, more studies in humans are needed to determine what the effective dose of chlorophyll (or the particular chlorophyll derivative) is. Most dietary supplements contain the chlorophyll derivative sodium copper chlorophyllin, rather than natural chlorophyll, due to its increased stability.","Daily, following dosage notes.",,"Chlorophyll is the most abundant pigment on Earth, and is responsible for creating the green color in plants and algae. Reported benefits should be matched to the specific outcome studied rather than assumed broadly. Chlorophyll is discussed in relation to oxidative-stress or inflammatory pathways. Paraphrased from public Examine page extraction; educational only.",general-health;cognition;exercise;inflammation;hormones,https://examine.com/supplements/chlorophyll/,Paraphrased from public Examine page extraction; educational only.
Choline,Muscle Gain & Exercise,"Choline is an essential nutrient present mainly in animal foods like eggs, meat, poultry, and dairy.",Muscle Gain & Exercise,Potential benefits are context-specific; review the source evidence before using Choline in a protocol.,Choline may influence choline availability and acetylcholine-related signaling.,"The adequate intake (AI) for choline is 550 mg per day for men and 425 mg per day for women. The AI for choline increases during pregnancy (450 mg per day) and lactation (550 mg per day). The tolerable upper intake level (UL) for choline from food and supplements is 3,500 mg per day for men and women. The UL is 1,000 mg per day for children 1–8 years old, 2,000 mg per day for children 9–13,","Daily, following dosage notes.",,"Choline is an essential nutrient present mainly in animal foods like eggs, meat, poultry, and dairy. Potential benefits are context-specific; review the source evidence before using Choline in a protocol. Choline may influence choline availability and acetylcholine-related signaling. Check pregnancy/lactation safety before client use.",muscle-gain-exercise;cognition;exercise;hormones;heart-health,https://examine.com/supplements/choline/,Check pregnancy/lactation safety before client use.
Chondroitin,General Health,Chondroitin is a naturally occurring glycosaminoglycan that is present in cartilage.,General Health,Potential benefits are context-specific; review the source evidence before using Chondroitin in a protocol.,Mechanism details are not clear from the public summary; review the source before applying Chondroitin clinically.,Dosage recommendations range from 800 mg–1200 mg per day. This may be taken as a single dose or in 2–3 400mg doses.[1] Chondroitin is sometimes grouped with other medications like glucosamine and referred to as a SYSDOA — a symptomatic slow-acting drug for osteoarthritis.,"Daily, following dosage notes.",,Chondroitin is a naturally occurring glycosaminoglycan that is present in cartilage. Potential benefits are context-specific; review the source evidence before using Chondroitin in a protocol. Mechanism details are not clear from the public summary; review the source before applying Chondroitin clinically. Paraphrased from public Examine page extraction; educational only.,general-health;cognition;exercise;hormones,https://examine.com/supplements/chondroitin/,Paraphrased from public Examine page extraction; educational only.
Chromium,Metabolic Health,Chromium is a mineral that occurs naturally in the earth’s crust and is found in small amounts in a variety of foods.,Metabolic Health,Reported benefits should be matched to the specific outcome studied rather than assumed broadly.,"Chromium may affect metabolic signaling, glucose handling, or lipid-related pathways.","In research, chromium is generally supplemented at dosages ranging from 200–1000 µg daily. However, consistent dose-dependent responses haven’t been observed, and it’s unclear what an optimal dose of chromium might be.[1] Supplemental chromium is available in a variety of forms, with chromium picolinate, chromium nicotinate, chromium chloride, and chromium-enriched yeast being the most commonly studied forms.","Daily, following dosage notes.",,"Chromium is a mineral that occurs naturally in the earth’s crust and is found in small amounts in a variety of foods. Reported benefits should be matched to the specific outcome studied rather than assumed broadly. Chromium may affect metabolic signaling, glucose handling, or lipid-related pathways. Paraphrased from public Examine page extraction; educational only.",metabolic-health;blood-sugar,https://examine.com/supplements/chromium/,Paraphrased from public Examine page extraction; educational only.
Chrysin,General Health,A flavonoid compound found in bee pollen and propolis.,General Health,Reported benefits should be matched to the specific outcome studied rather than assumed broadly.,Mechanism details are not clear from the public summary; review the source before applying Chrysin clinically.,"Due to the poor bioavailability, the standard supplemental doses of chrysin (400-3,000mg) appear to be pretty much ineffective. Although enhancing absorption can theoretically aid in chryin's effects, this has not yet been demonstrated and thus supplementation of chrysin cannot be recommended for systemic purposes. A supplemental dose of 400mg chrysin should be sufficient for intestinal related issues.",,,A flavonoid compound found in bee pollen and propolis. Reported benefits should be matched to the specific outcome studied rather than assumed broadly. Mechanism details are not clear from the public summary; review the source before applying Chrysin clinically. Paraphrased from public Examine page extraction; educational only.,general-health;hormones,https://examine.com/supplements/chrysin/,Paraphrased from public Examine page extraction; educational only.
Cinnamon,Metabolic Health,Cinnamon is a spice derived from the bark of trees in the Cinnamomum genus.,Metabolic Health,Reported benefits should be matched to the specific outcome studied rather than assumed broadly.,Cinnamon is discussed in relation to oxidative-stress or inflammatory pathways.,"Formulations: Powder, stick, and tablets. Range of dosages studied: 0.1 to 14 grams per day (g/day). Effective Dosages: Glycemic control (including blood glucose and HbA1c) Adults: Due to a lack of dose-response studies and variable findings from meta-regression studies, the precise effective dosage for improving glycemic control is uncertain,","Daily, following dosage notes.",,Cinnamon is a spice derived from the bark of trees in the Cinnamomum genus. Reported benefits should be matched to the specific outcome studied rather than assumed broadly. Cinnamon is discussed in relation to oxidative-stress or inflammatory pathways. Paraphrased from public Examine page extraction; educational only.,metabolic-health;blood-sugar;lipids;inflammation;heart-health,https://examine.com/supplements/cinnamon/,Paraphrased from public Examine page extraction; educational only.
Cissus quadrangularis,Muscle Gain & Exercise,"Cissus quadrangularis is a traditional medicine for joint and bone health (as well as various feminine disorders and menopause), and shows promise in promoting bone growth rates.",Muscle Gain & Exercise,Reported benefits should be matched to the specific outcome studied rather than assumed broadly.,"Cissus quadrangularis is being investigated for tissue-signaling and repair pathways, but human mechanisms remain uncertain.","The one study that reported a benefit with oral supplementation in humans (for the purpose of reducing joint pain) used 3,200 mg of Cissus quadrangularis as a daily supplement, which is also in the range that animal studies suggest for sedative and pain-killing effects that should occur with the water extract. Elsewhere,","Daily, following dosage notes.",,"Cissus quadrangularis is a traditional medicine for joint and bone health (as well as various feminine disorders and menopause), and shows promise in promoting bone growth rates. Reported benefits should be matched to the specific outcome studied rather than assumed broadly. Cissus quadrangularis is being investigated for tissue-signaling and repair pathways, but human mechanisms remain uncertain. Paraphrased from public Examine page extraction; educational only.",muscle-gain-exercise;cognition;exercise,https://examine.com/supplements/cissus-quadrangularis/,Paraphrased from public Examine page extraction; educational only.
Citric Acid,Muscle Gain & Exercise,"Citric Acid is an intermediate in the Krebs Cycle, and technically crucial for cellular functioning and energy production.",Muscle Gain & Exercise,Reported benefits should be matched to the specific outcome studied rather than assumed broadly.,Citric Acid likely works by correcting or supporting nutrient-dependent physiological processes.,"Alkalinizing effects of Citric acid supplementation have been shown in high doses of 0.1g/kg bodyweight, which is 8.2g a day for a 180lb person.","Daily, following dosage notes.",,"Citric Acid is an intermediate in the Krebs Cycle, and technically crucial for cellular functioning and energy production. Reported benefits should be matched to the specific outcome studied rather than assumed broadly. Citric Acid likely works by correcting or supporting nutrient-dependent physiological processes. Paraphrased from public Examine page extraction; educational only.",muscle-gain-exercise;cognition;exercise;stimulant;hormones,https://examine.com/supplements/citric-acid/,Paraphrased from public Examine page extraction; educational only.
Citrulline,General Health,"L-Citrulline, or simply just citrulline, is a nonessential amino acid.",General Health,Potential benefits are context-specific; review the source evidence before using Citrulline in a protocol.,Mechanism details are not clear from the public summary; review the source before applying Citrulline clinically.,"To supplement L-citrulline for circulatory health or to alleviate erectile dysfunction, take 2,000 mg of citrulline, three times a day with meals, for a total daily dose of 6,000 mg. L-citrulline does not need to be taken with meals, however. To supplement for circulatory health with a citrulline malate supplement, take 1.76 g of citrulline malate for every 1 gram of citrulline you would normally take.",With or shortly after meals.,,"L-Citrulline, or simply just citrulline, is a nonessential amino acid. Potential benefits are context-specific; review the source evidence before using Citrulline in a protocol. Mechanism details are not clear from the public summary; review the source before applying Citrulline clinically. Paraphrased from public Examine page extraction; educational only.",general-health;cognition;exercise;hormones;heart-health,https://examine.com/supplements/citrulline/,Paraphrased from public Examine page extraction; educational only.
Clary Sage,General Health,Salvia sclarea (clary sage) is a herb commonly used as an aromatic and belongs to the mint family of plants.,General Health,Potential benefits are context-specific; review the source evidence before using Clary Sage in a protocol.,Mechanism details are not clear from the public summary; review the source before applying Clary Sage clinically.,Examine Database,,,Salvia sclarea (clary sage) is a herb commonly used as an aromatic and belongs to the mint family of plants. Potential benefits are context-specific; review the source evidence before using Clary Sage in a protocol. Mechanism details are not clear from the public summary; review the source before applying Clary Sage clinically. Paraphrased from public Examine page extraction; educational only.,general-health;heart-health,https://examine.com/supplements/clary-sage/,Paraphrased from public Examine page extraction; educational only.
Clove,General Health,"Clove (Syzygium aromaticum) is a spice that has traditional usage as an aphrodisiac as well as for dental disorders, respiratory disorders, headache, and sore throat.",General Health,Potential benefits are context-specific; review the source evidence before using Clove in a protocol.,Mechanism details are not clear from the public summary; review the source before applying Clove clinically.,No clear public dosage summary extracted; review source before use.,,,"Clove (Syzygium aromaticum) is a spice that has traditional usage as an aphrodisiac as well as for dental disorders, respiratory disorders, headache, and sore throat. Potential benefits are context-specific; review the source evidence before using Clove in a protocol. Mechanism details are not clear from the public summary; review the source before applying Clove clinically. Check pregnancy/lactation safety before client use.",general-health,https://examine.com/supplements/clove/,Check pregnancy/lactation safety before client use.
Clubmoss,Mental Health,"Clubmoss (common word to refer to the Lycopodium/Huperzia genera of plants) is a collection of plants with traditional usage in promoting memory formation, and appears to have a large collection of unique alkaloids.",Mental Health,Potential benefits are context-specific; review the source evidence before using Clubmoss in a protocol.,Mechanism details are not clear from the public summary; review the source before applying Clubmoss clinically.,No clear public dosage summary extracted; review source before use.,,,"Clubmoss (common word to refer to the Lycopodium/Huperzia genera of plants) is a collection of plants with traditional usage in promoting memory formation, and appears to have a large collection of unique alkaloids. Potential benefits are context-specific; review the source evidence before using Clubmoss in a protocol. Mechanism details are not clear from the public summary; review the source before applying Clubmoss clinically. Check pregnancy/lactation safety before client use.",mental-health;cognition,https://examine.com/supplements/clubmoss/,Check pregnancy/lactation safety before client use.
Cnidium monnieri,General Health,"A pro-erectile herb from traditional Chinese medicine, Cnidium monnieri and its main bioactive known as osthole appear to have mechanisms similar to Viagra in penile tissue and the hippocampus; the influence of Cnidium monnieri on testosterone and cognition re",General Health,Potential benefits are context-specific; review the source evidence before using Cnidium monnieri in a protocol.,"Cnidium monnieri is being investigated for tissue-signaling and repair pathways, but human mechanisms remain uncertain.","Since there is no information on Osthole consumption in isolation, the best lead currently is the dose of Cnidium fruits or seeds used in Traditional Medicine; which is 6-15g of either fruit or seed",,,"A pro-erectile herb from traditional Chinese medicine, Cnidium monnieri and its main bioactive known as osthole appear to have mechanisms similar to Viagra in penile tissue and the hippocampus; the influence of Cnidium monnieri on testosterone and cognition re Potential benefits are context-specific; review the source evidence before using Cnidium monnieri in a protocol. Cnidium monnieri is being investigated for tissue-signaling and repair pathways, but human mechanisms remain uncertain.",general-health;cognition;exercise;hormones,https://examine.com/supplements/cnidium-monnieri/,Check pregnancy/lactation safety before client use.
Cocoa Extract,Immune & Inflammation,"Cocoa, a powder that is rich in polyphenols, is used to make chocolate.",Immune & Inflammation,Reported benefits should be matched to the specific outcome studied rather than assumed broadly.,Cocoa Extract is discussed in relation to oxidative-stress or inflammatory pathways.,"Formulation: Cocoa is a powder that can be consumed in drinks, for example, or made into chocolate.[1] The flavanol content in cocoa varies based on the variety and ripeness of the cocoa beans and the processing steps applied. Dark chocolate contains larger amounts of cocoa (more than 50%) than milk chocolate (20%–30%).[1] Range of dosages studied: Dosages of 1 to 105 grams per day of cocoa or cocoa products (e.g.,","Daily, following dosage notes.",,"Cocoa, a powder that is rich in polyphenols, is used to make chocolate. Reported benefits should be matched to the specific outcome studied rather than assumed broadly. Cocoa Extract is discussed in relation to oxidative-stress or inflammatory pathways. Paraphrased from public Examine page extraction; educational only.",immune-inflammation;blood-sugar;inflammation;heart-health,https://examine.com/supplements/cocoa-extract/,Paraphrased from public Examine page extraction; educational only.
Cod Liver Oil,Gut Health,Cod liver oil is the oil extracted from the liver of cod fish.,Gut Health,Potential benefits are context-specific; review the source evidence before using Cod Liver Oil in a protocol.,Cod Liver Oil likely works by correcting or supporting nutrient-dependent physiological processes.,No clear public dosage summary extracted; review source before use.,,,Cod liver oil is the oil extracted from the liver of cod fish. Potential benefits are context-specific; review the source evidence before using Cod Liver Oil in a protocol. Cod Liver Oil likely works by correcting or supporting nutrient-dependent physiological processes. Check pregnancy/lactation safety before client use.,gut-health,https://examine.com/supplements/cod-liver-oil/,Check pregnancy/lactation safety before client use.
Coenzyme Q10,Muscle Gain & Exercise,Coenzyme Q10 is a molecule found in mitochondria that has a critical role in producing energy for the body.,Muscle Gain & Exercise,Potential benefits are context-specific; review the source evidence before using Coenzyme Q10 in a protocol.,Coenzyme Q10 is discussed in relation to oxidative-stress or inflammatory pathways.,"The total daily requirement for coenzyme Q10 (CoQ10), encompassing both endogenous synthesis and external sources like food or supplements, is estimated to be approximately 500 mg per day. Notably, only a minimal amount of around 5 mg daily is typically acquired through dietary intake.[1][2] For supplementation,","Daily, following dosage notes.",,Coenzyme Q10 is a molecule found in mitochondria that has a critical role in producing energy for the body. Potential benefits are context-specific; review the source evidence before using Coenzyme Q10 in a protocol. Coenzyme Q10 is discussed in relation to oxidative-stress or inflammatory pathways. Paraphrased from public Examine page extraction; educational only.,muscle-gain-exercise;stimulant;hormones,https://examine.com/supplements/coenzyme-q10/,Paraphrased from public Examine page extraction; educational only.
Coffee Pulp Extract,Muscle Gain & Exercise,"Coffee pulp extract is a supplement made from the by-products of coffee production, including the husks, skin, and spent coffee beans.",Muscle Gain & Exercise,Potential benefits are context-specific; review the source evidence before using Coffee Pulp Extract in a protocol.,"Coffee Pulp Extract appears to act mainly through stimulant-like nervous-system pathways that can affect energy, alertness, or exertion.",No clear public dosage summary extracted; review source before use.,,,"Coffee pulp extract is a supplement made from the by-products of coffee production, including the husks, skin, and spent coffee beans. Potential benefits are context-specific; review the source evidence before using Coffee Pulp Extract in a protocol. Coffee Pulp Extract appears to act mainly through stimulant-like nervous-system pathways that can affect energy, alertness, or exertion. Check pregnancy/lactation safety before client use.",muscle-gain-exercise;stimulant,https://examine.com/supplements/coffee-pulp-extract/,Check pregnancy/lactation safety before client use.
Coleus forskohlii,Metabolic Health,"Coleus forskohlii is an Ayurvedic herb. Extremely limited research suggests that forskolin, the plant’s main bioactive compound, may reduce intraocular pressure and asthma symptoms, increase testosterone and bone mineral density, and improve metabolic health a",Metabolic Health,Reported benefits should be matched to the specific outcome studied rather than assumed broadly.,Coleus forskohlii likely works by correcting or supporting nutrient-dependent physiological processes.,"Only a handful of clinical trials have looked at the effects of Coleus forskohlii in humans. Most of these trials have administered 250 mg of Coleus forskohlii extract standardized to contain 10% forskolin twice per day, for a total daily dose of 500 mg of Coleus forskohlii extract, equivalent to 50 mg of forskolin.","Daily, following dosage notes.",,"Coleus forskohlii is an Ayurvedic herb. Extremely limited research suggests that forskolin, the plant’s main bioactive compound, may reduce intraocular pressure and asthma symptoms, increase testosterone and bone mineral density, and improve metabolic health a Reported benefits should be matched to the specific outcome studied rather than assumed broadly. Coleus forskohlii likely works by correcting or supporting nutrient-dependent physiological processes.",metabolic-health;cognition;exercise;hormones;heart-health,https://examine.com/supplements/coleus-forskohlii/,Paraphrased from public Examine page extraction; educational only.
Collagen Peptides,General Health,Collagen is a structural protein that makes up about one-third of the protein found in the human body.,General Health,Potential benefits are context-specific; review the source evidence before using Collagen Peptides in a protocol.,"Collagen Peptides is being investigated for tissue-signaling and repair pathways, but human mechanisms remain uncertain.",Formulation: Collagen peptides are most often sold as pills or as powder. There are also topical preparations available. Range of dosages studied: Hydrolyzed collagen has been studied at dosages ranging from 720 milligrams to 10 grams per day.,"Daily, following dosage notes.",,"Collagen is a structural protein that makes up about one-third of the protein found in the human body. Potential benefits are context-specific; review the source evidence before using Collagen Peptides in a protocol. Collagen Peptides is being investigated for tissue-signaling and repair pathways, but human mechanisms remain uncertain. Paraphrased from public Examine page extraction; educational only.",general-health;cognition;exercise;hormones,https://examine.com/supplements/collagen/,Paraphrased from public Examine page extraction; educational only.
Colostrum,Muscle Gain & Exercise,"Colostrum, also known as first milk, is a mammary secretion produced by cows and related animals.",Muscle Gain & Exercise,Reported benefits should be matched to the specific outcome studied rather than assumed broadly.,Colostrum is discussed in relation to oxidative-stress or inflammatory pathways.,"The standard colostrum dose intended as a protein supplemented or intestinal health agent is between 20-60g. This dose contains 2-4g (10-20%) of immunoglobulin. Colostrum is supplemented through a powder form. A colostrum dose intended to reduce the risk of E. coli-induced diarrhea should contain between 400-3,500mg of immunoglobulins. It should be taken shortly after a meal.",With or shortly after meals.,,"Colostrum, also known as first milk, is a mammary secretion produced by cows and related animals. Reported benefits should be matched to the specific outcome studied rather than assumed broadly. Colostrum is discussed in relation to oxidative-stress or inflammatory pathways. Paraphrased from public Examine page extraction; educational only.",muscle-gain-exercise;exercise;inflammation;gut-health,https://examine.com/supplements/colostrum/,Paraphrased from public Examine page extraction; educational only.
Coluracetam,Mental Health,Coluracetam (MKC-231) is a racetam drug purported to be a cognitive enhancing drug.,Mental Health,"Human evidence appears limited, so treat benefits as uncertain.",Coluracetam may influence choline availability and acetylcholine-related signaling.,"The animal research on coluracetam uses an oral dose of 300-3,000mcg/kg bodyweight, which is roughly translated into a human dose of 48-480mcg/kg or (for a 150lb person) 3.2-32.7mg overall. It appears to have very rapid kinetics, with a peak in blood at around 30 minutes and on the decline within 3 hours. Due to this, supplementation may be time-dependent in relation to activity.",,,"Coluracetam (MKC-231) is a racetam drug purported to be a cognitive enhancing drug. Human evidence appears limited, so treat benefits as uncertain. Coluracetam may influence choline availability and acetylcholine-related signaling. Evidence appears limited; human review recommended.",mental-health;cognition;experimental,https://examine.com/supplements/coluracetam/,Evidence appears limited; human review recommended.
Conjugated Linoleic Acid,Metabolic Health,CLAs are fatty acids that acts on a system known as PPAR to induce fat loss.,Metabolic Health,Potential benefits are context-specific; review the source evidence before using Conjugated Linoleic Acid in a protocol.,Conjugated Linoleic Acid is discussed in relation to oxidative-stress or inflammatory pathways.,"Supplementation of conjugated linoleic acid (CLA) tends to be in the range of 3,200-6,400mg daily, taken with meals. This dosage assumes that approximately 70% of the product by weight is comprised of one of the two main active isomers, cis-9 trans-11 (c9t11) and trans-10 cis-12 (t10c12). Limited studies using higher doses than the aforementioned have failed to find additional benefit,",With or shortly after meals.,,CLAs are fatty acids that acts on a system known as PPAR to induce fat loss. Potential benefits are context-specific; review the source evidence before using Conjugated Linoleic Acid in a protocol. Conjugated Linoleic Acid is discussed in relation to oxidative-stress or inflammatory pathways. Paraphrased from public Examine page extraction; educational only.,metabolic-health;blood-sugar;lipids;inflammation,https://examine.com/supplements/conjugated-linoleic-acid/,Paraphrased from public Examine page extraction; educational only.
Convolvulus pluricaulis,Mental Health,"Convolvulus pluricaulis is one of four herbs referred to as Shankhapushpi in Ayurveda, and is traditionally used for its cognitive promiting and nootropic effects.",Mental Health,"Human evidence appears limited, so treat benefits as uncertain.",Mechanism details are not clear from the public summary; review the source before applying Convolvulus pluricaulis clinically.,No clear public dosage summary extracted; review source before use.,,,"Convolvulus pluricaulis is one of four herbs referred to as Shankhapushpi in Ayurveda, and is traditionally used for its cognitive promiting and nootropic effects. Human evidence appears limited, so treat benefits as uncertain. Mechanism details are not clear from the public summary; review the source before applying Convolvulus pluricaulis clinically. Check pregnancy/lactation safety before client use. Evidence appears limited; human review recommended.",mental-health;cognition;experimental,https://examine.com/supplements/convolvulus-pluricaulis/,Check pregnancy/lactation safety before client use. Evidence appears limited; human review recommended.
Copper,Immune & Inflammation,Copper is an essential mineral for antioxidative enzymes in the human body.,Immune & Inflammation,"Human evidence appears limited, so treat benefits as uncertain.",Copper is discussed in relation to oxidative-stress or inflammatory pathways.,"Supplementation of copper tends to be in the 1mg dosage, but at this moment in time there seems to be no major supplemental purpose of copper in any form. Doses of 1mg appear to be safe over the short term while higher doses should be avoided.",,,"Copper is an essential mineral for antioxidative enzymes in the human body. Human evidence appears limited, so treat benefits as uncertain. Copper is discussed in relation to oxidative-stress or inflammatory pathways. Evidence appears limited; human review recommended.",immune-inflammation;inflammation;hormones,https://examine.com/supplements/copper/,Evidence appears limited; human review recommended.
Cordyceps,General Health,Cordyceps is a mushroom used in Traditional Chinese Medicine that is touted to be anti-aging and pro-vitality; these quite vague claims have not yet been evaluated in human interventions.,General Health,Potential benefits are context-specific; review the source evidence before using Cordyceps in a protocol.,Mechanism details are not clear from the public summary; review the source before applying Cordyceps clinically.,"Cordyceps has been used in human trials in the dosage range of 1,000-3,000mg daily, either in one single dose or multiple doses with meals. There is no indication if this is the optimal dose or not, and it is uncertain if this dosage is even effective as some of the research has come back null.",With or shortly after meals.,,Cordyceps is a mushroom used in Traditional Chinese Medicine that is touted to be anti-aging and pro-vitality; these quite vague claims have not yet been evaluated in human interventions. Potential benefits are context-specific; review the source evidence before using Cordyceps in a protocol. Mechanism details are not clear from the public summary; review the source before applying Cordyceps clinically. Paraphrased from public Examine page extraction; educational only.,general-health;cognition;exercise;hormones,https://examine.com/supplements/cordyceps/,Paraphrased from public Examine page extraction; educational only.
Cornelian Cherry Extract,Muscle Gain & Exercise,Cherry extract is a supplement made from Cornelian cherry (Cornus mas) that contains high levels of antioxidants.,Muscle Gain & Exercise,Reported benefits should be matched to the specific outcome studied rather than assumed broadly.,Cornelian Cherry Extract is discussed in relation to oxidative-stress or inflammatory pathways.,No clear public dosage summary extracted; review source before use.,,,Cherry extract is a supplement made from Cornelian cherry (Cornus mas) that contains high levels of antioxidants. Reported benefits should be matched to the specific outcome studied rather than assumed broadly. Cornelian Cherry Extract is discussed in relation to oxidative-stress or inflammatory pathways. Check pregnancy/lactation safety before client use.,muscle-gain-exercise;blood-sugar;sleep;exercise;inflammation,https://examine.com/supplements/cherry-extract/,Check pregnancy/lactation safety before client use.
Cotton Seed,General Health,"Gossypium herbaceum is a species of cotton native to sub-Saharan Africa and Arabia, where it grows as a shrub or shrub-like plant.",General Health,Potential benefits are context-specific; review the source evidence before using Cotton Seed in a protocol.,Mechanism details are not clear from the public summary; review the source before applying Cotton Seed clinically.,No clear public dosage summary extracted; review source before use.,,,"Gossypium herbaceum is a species of cotton native to sub-Saharan Africa and Arabia, where it grows as a shrub or shrub-like plant. Potential benefits are context-specific; review the source evidence before using Cotton Seed in a protocol. Mechanism details are not clear from the public summary; review the source before applying Cotton Seed clinically. Check pregnancy/lactation safety before client use.",general-health,https://examine.com/supplements/cotton-seed/,Check pregnancy/lactation safety before client use.
Creatine,Muscle Gain & Exercise,Creatine is among the most well-studied and effective supplements for improving exercise performance.,Muscle Gain & Exercise,Reported benefits should be matched to the specific outcome studied rather than assumed broadly.,"Creatine appears to act mainly through stimulant-like nervous-system pathways that can affect energy, alertness, or exertion.","There are many different forms of creatine available on the market, but creatine monohydrate is the most extensively researched and tends to be the cheapest form. Another option is micronized creatine monohydrate, which dissolves more easily in water. In most studies,",,,"Creatine is among the most well-studied and effective supplements for improving exercise performance. Reported benefits should be matched to the specific outcome studied rather than assumed broadly. Creatine appears to act mainly through stimulant-like nervous-system pathways that can affect energy, alertness, or exertion. Check pregnancy/lactation safety before client use.",muscle-gain-exercise;cognition;exercise;stimulant;hormones,https://examine.com/supplements/creatine/,Check pregnancy/lactation safety before client use.
Creatinol O-Phosphate,General Health,Creatinol O-Phosphate (COP) is a creatine analogue synthesized for the treatment of heart complications.,General Health,Reported benefits should be matched to the specific outcome studied rather than assumed broadly.,"Creatinol O-Phosphate is being investigated for tissue-signaling and repair pathways, but human mechanisms remain uncertain.","Past studies used injections of up to 3g daily. There is currently no bioavailability data on how much is absorbed, but if it is 100% then this is the dose where benefits have been noted in humans.","Daily, following dosage notes.",,"Creatinol O-Phosphate (COP) is a creatine analogue synthesized for the treatment of heart complications. Reported benefits should be matched to the specific outcome studied rather than assumed broadly. Creatinol O-Phosphate is being investigated for tissue-signaling and repair pathways, but human mechanisms remain uncertain. Paraphrased from public Examine page extraction; educational only.",general-health;hormones;heart-health,https://examine.com/supplements/creatinol-o-phosphate/,Paraphrased from public Examine page extraction; educational only.
Cucurbita pepo,General Health,"Cucurbita pepo is a plant which has variants called pumpkin, squash, zucchini, and gourds; it is sometimes called pumpkin extract (either a water extract or seed oil) and appears to be a phytopharmaceutical for prostate disorders.",General Health,Potential benefits are context-specific; review the source evidence before using Cucurbita pepo in a protocol.,Mechanism details are not clear from the public summary; review the source before applying Cucurbita pepo clinically.,No clear public dosage summary extracted; review source before use.,,,"Cucurbita pepo is a plant which has variants called pumpkin, squash, zucchini, and gourds; it is sometimes called pumpkin extract (either a water extract or seed oil) and appears to be a phytopharmaceutical for prostate disorders. Potential benefits are context-specific; review the source evidence before using Cucurbita pepo in a protocol. Mechanism details are not clear from the public summary; review the source before applying Cucurbita pepo clinically.",general-health,https://examine.com/supplements/cucurbita-pepo/,Check pregnancy/lactation safety before client use.
Curcumin,Mental Health,Curcumin is the primary bioactive substance in turmeric.,Mental Health,Reported benefits should be matched to the specific outcome studied rather than assumed broadly.,Curcumin is discussed in relation to oxidative-stress or inflammatory pathways.,"Formulation Oral curcumin is commercially available in tablets, capsules, soft gels, powder, and liquid preparations. When taken orally, curcumin is poorly absorbed.",,,Curcumin is the primary bioactive substance in turmeric. Reported benefits should be matched to the specific outcome studied rather than assumed broadly. Curcumin is discussed in relation to oxidative-stress or inflammatory pathways. Check pregnancy/lactation safety before client use.,mental-health;inflammation,https://examine.com/supplements/curcumin/,Check pregnancy/lactation safety before client use.
Cyanidin,Muscle Gain & Exercise,"Cyanidin is one of the six Anthocyanin subsets, and its glucoside Cyanidin-3-Glucoside (C3G) has been garnering attention for its ability to decrease blood glucose levels, and its ability to not hinder muscle protein synthesis at the same time (downstream of A",Muscle Gain & Exercise,Reported benefits should be matched to the specific outcome studied rather than assumed broadly.,Cyanidin is discussed in relation to oxidative-stress or inflammatory pathways.,"Benefits have been seen with blood sugar reductions in the range of 150mg/kg bodyweight, a dose well above what is achieved through foods. It is possible long-term benefits may be seen with a lower dose of cyanidin compounds through foods, due to the many correlations of plant intake and health; however, causation has not been given to cyanidins as of yet. Additionally,",,,"Cyanidin is one of the six Anthocyanin subsets, and its glucoside Cyanidin-3-Glucoside (C3G) has been garnering attention for its ability to decrease blood glucose levels, and its ability to not hinder muscle protein synthesis at the same time (downstream of A Reported benefits should be matched to the specific outcome studied rather than assumed broadly. Cyanidin is discussed in relation to oxidative-stress or inflammatory pathways. Paraphrased from public Examine page extraction;",muscle-gain-exercise;blood-sugar;exercise;inflammation;hormones,https://examine.com/supplements/cyanidin/,Paraphrased from public Examine page extraction; educational only.
D-Aspartic Acid,General Health,D-aspartic acid is an amino acid synthesized in the body and obtained through protein-containing foods or a dietary supplement.,General Health,Potential benefits are context-specific; review the source evidence before using D-Aspartic Acid in a protocol.,Mechanism details are not clear from the public summary; review the source before applying D-Aspartic Acid clinically.,"The standard dose for D-aspartic acid is between 2,000 – 3,000mg. D-AA is taken daily. Different studies have used different supplementation protocols. One study used 3,000mg for 12 days, taken daily, followed by a week with no supplementation. A different study did not cycle D-AA, and used 2,000mg of continual daily supplementation with no harm. Further study is needed to determine whether D-AA should be cycled.","Daily, following dosage notes.",,D-aspartic acid is an amino acid synthesized in the body and obtained through protein-containing foods or a dietary supplement. Potential benefits are context-specific; review the source evidence before using D-Aspartic Acid in a protocol. Mechanism details are not clear from the public summary; review the source before applying D-Aspartic Acid clinically. Paraphrased from public Examine page extraction; educational only.,general-health;cognition;exercise;hormones,https://examine.com/supplements/d-aspartic-acid/,Paraphrased from public Examine page extraction; educational only.
D-Ribose,Muscle Gain & Exercise,"Ribose is a five‑carbon sugar that forms the backbone of RNA and key energy molecules like ATP, NADH, and some B vitamins.",Muscle Gain & Exercise,Reported benefits should be matched to the specific outcome studied rather than assumed broadly.,"D-Ribose may affect metabolic signaling, glucose handling, or lipid-related pathways.","Formulation: D-ribose is taken in tablets/capsules or loose powder dissolved in water. Range of dosages studied: 3 to 60 grams per day, often divided into 3 to 4 doses throughout the day. Effective Dosages: Heart failure Adults: The effective dosage for improving symptoms of heart failure, e.g., increased left ventricular ejection fraction and exercise-capacity-with-heart-conditions,",Split across the day as described in dosage notes.,,"Ribose is a five‑carbon sugar that forms the backbone of RNA and key energy molecules like ATP, NADH, and some B vitamins. Reported benefits should be matched to the specific outcome studied rather than assumed broadly. D-Ribose may affect metabolic signaling, glucose handling, or lipid-related pathways. Check pregnancy/lactation safety before client use.",muscle-gain-exercise;blood-sugar;stress;exercise;stimulant;inflammation;heart-health,https://examine.com/supplements/d-ribose/,Check pregnancy/lactation safety before client use.
D-Serine,Mental Health,D-Serine is an amino acid that plays a role in cognitive enhancement and schizophrenia treatment.,Mental Health,Reported benefits should be matched to the specific outcome studied rather than assumed broadly.,Mechanism details are not clear from the public summary; review the source before applying D-Serine clinically.,"The usual dose used in D-serine studies is 30 mg/kg of bodyweight. This correlates to an approximate dose range of 2,045 – 2,727 mg for people between 150 and 200 lbs. This dose appears to be the minimal effective dose for improving cognition in people suffering from a variety of diseases. Preliminary evidence suggests that doubling or quadrupling the dose to 60 mg/kg and 120 mg/kg, respectively,",,,D-Serine is an amino acid that plays a role in cognitive enhancement and schizophrenia treatment. Reported benefits should be matched to the specific outcome studied rather than assumed broadly. Mechanism details are not clear from the public summary; review the source before applying D-Serine clinically. Paraphrased from public Examine page extraction; educational only.,mental-health;cognition;hormones,https://examine.com/supplements/d-serine/,Paraphrased from public Examine page extraction; educational only.
Dactylorhiza hatagirea,Muscle Gain & Exercise,Dactylorhiza hatagirea is an ayurvedic sexual stimulant.,Muscle Gain & Exercise,"Human evidence appears limited, so treat benefits as uncertain.","Dactylorhiza hatagirea appears to act mainly through stimulant-like nervous-system pathways that can affect energy, alertness, or exertion.",There is currently not enough information to recommend a supplemental dose of this herb.,,,"Dactylorhiza hatagirea is an ayurvedic sexual stimulant. Human evidence appears limited, so treat benefits as uncertain. Dactylorhiza hatagirea appears to act mainly through stimulant-like nervous-system pathways that can affect energy, alertness, or exertion. Check pregnancy/lactation safety before client use. Evidence appears limited; human review recommended.",muscle-gain-exercise;cognition;exercise;stimulant;hormones;experimental,https://examine.com/supplements/dactylorhiza-hatagirea/,Check pregnancy/lactation safety before client use. Evidence appears limited; human review recommended.
Damiana Leaf,Mental Health,Damiana Leaf is a part of the Tunera Diffusa plant which is traditionally used as an aphrodisiac and physical tonic.,Mental Health,"Human evidence appears limited, so treat benefits as uncertain.",Mechanism details are not clear from the public summary; review the source before applying Damiana Leaf clinically.,"There is currently not enough evidence to recommend an effective dosage of Damiana. Traditionally, the dried leaves have been brewed as a tea.",,,"Damiana Leaf is a part of the Tunera Diffusa plant which is traditionally used as an aphrodisiac and physical tonic. Human evidence appears limited, so treat benefits as uncertain. Mechanism details are not clear from the public summary; review the source before applying Damiana Leaf clinically. Evidence appears limited; human review recommended.",mental-health;hormones;experimental,https://examine.com/supplements/damiana-leaf/,Evidence appears limited; human review recommended.
Dandelion,Gut Health,"Taraxacum officinale, also known as dandelion, is a vegetable occasionally used as a salad green.",Gut Health,Potential benefits are context-specific; review the source evidence before using Dandelion in a protocol.,Mechanism details are not clear from the public summary; review the source before applying Dandelion clinically.,"About 100 g of dandelion can be using in a salad to provide 10-15% of your daily potassium requirement. The dose above is equivalent to approximately 10g of the dry weight of the plant, assuming water content of 87-90%. Supplementation of dandelion cannot be recommended at this time due to a lack of human evidence for its effects. Consuming wild dandelions is not recommended,","Daily, following dosage notes.",,"Taraxacum officinale, also known as dandelion, is a vegetable occasionally used as a salad green. Potential benefits are context-specific; review the source evidence before using Dandelion in a protocol. Mechanism details are not clear from the public summary; review the source before applying Dandelion clinically. Paraphrased from public Examine page extraction; educational only.",gut-health,https://examine.com/supplements/dandelion/,Paraphrased from public Examine page extraction; educational only.
Dang Shen,Mental Health,Codonopsis Pilosula (Dangshen) is a herb that has historically been used as a cheap replacement for Panax Ginseng which was costly.,Mental Health,Reported benefits should be matched to the specific outcome studied rather than assumed broadly.,Mechanism details are not clear from the public summary; review the source before applying Dang Shen clinically.,No clear public dosage summary extracted; review source before use.,,,Codonopsis Pilosula (Dangshen) is a herb that has historically been used as a cheap replacement for Panax Ginseng which was costly. Reported benefits should be matched to the specific outcome studied rather than assumed broadly. Mechanism details are not clear from the public summary; review the source before applying Dang Shen clinically. Check pregnancy/lactation safety before client use.,mental-health;cognition,https://examine.com/supplements/dang-shen/,Check pregnancy/lactation safety before client use.
Danshen,General Health,Salvia miltiorrhiza (Danshen) is a Traditional Chinese Medicine used for circulatory and heart health; it appears to be somewhat effective at this claim and is one of the best selling Chinese Medicines for heart health.,General Health,Potential benefits are context-specific; review the source evidence before using Danshen in a protocol.,Mechanism details are not clear from the public summary; review the source before applying Danshen clinically.,"The Fufang Danshen Dripping pill is most commonly used as 30 pills spread over 3 times a day (10 each) taken either sublingually or orally. Fufang Danshen tablets are taken 3 times a day, with 3 taken each time. The standard therapeutic dose of Danshen is 6.56mg / kg bodyweight","Daily, following dosage notes.",,Salvia miltiorrhiza (Danshen) is a Traditional Chinese Medicine used for circulatory and heart health; it appears to be somewhat effective at this claim and is one of the best selling Chinese Medicines for heart health. Potential benefits are context-specific; review the source evidence before using Danshen in a protocol. Mechanism details are not clear from the public summary; review the source before applying Danshen clinically. Paraphrased from public Examine page extraction;,general-health;cognition;exercise;hormones;heart-health,https://examine.com/supplements/danshen/,Paraphrased from public Examine page extraction; educational only.
Date Palm Pollen,General Health,"Date palm pollen is a supplement that contains several bioactive compounds, including amino acids, fatty acids, flavonoids, and sterols.",General Health,Reported benefits should be matched to the specific outcome studied rather than assumed broadly.,Mechanism details are not clear from the public summary; review the source before applying Date Palm Pollen clinically.,No clear public dosage summary extracted; review source before use.,,,"Date palm pollen is a supplement that contains several bioactive compounds, including amino acids, fatty acids, flavonoids, and sterols. Reported benefits should be matched to the specific outcome studied rather than assumed broadly. Mechanism details are not clear from the public summary; review the source before applying Date Palm Pollen clinically. Check pregnancy/lactation safety before client use.",general-health;hormones,https://examine.com/supplements/date-palm-pollen/,Check pregnancy/lactation safety before client use.
Dendrobium,Gut Health,Dendrobium is a family of plants (well over 200 commonly used) that has a history of medicinal usage in East Asia.,Gut Health,Potential benefits are context-specific; review the source evidence before using Dendrobium in a protocol.,Dendrobium is discussed in relation to oxidative-stress or inflammatory pathways.,No clear public dosage summary extracted; review source before use.,,,Dendrobium is a family of plants (well over 200 commonly used) that has a history of medicinal usage in East Asia. Potential benefits are context-specific; review the source evidence before using Dendrobium in a protocol. Dendrobium is discussed in relation to oxidative-stress or inflammatory pathways. Check pregnancy/lactation safety before client use.,gut-health;inflammation,https://examine.com/supplements/dendrobium/,Check pregnancy/lactation safety before client use.
Devil's Claw,Gut Health,"Harpagophytum Procumbens (Devil's Claw) is a tuber that has traditional usage for musculoskeletal disorders, pain relief, and appetite stimulation; it appears to have preliminary evidence for its benefits to osteoarthritis and pain.",Gut Health,Reported benefits should be matched to the specific outcome studied rather than assumed broadly.,Devil's Claw may influence choline availability and acetylcholine-related signaling.,"Studies conducted on humans using Devil's Claw tend to use a brand called Doloteffin, where 6,000mg of Devil's Claw root is taken daily which totals 50mg Harpagoside (tends to be used as an indicator of efficacy). It was taken in three divided doses, with 2,000mg taken at each of the three major meals. Benefits of Devil's Claw extract, as it pertains to arthritis and inflammation,",Split across the day as described in dosage notes.,,"Harpagophytum Procumbens (Devil's Claw) is a tuber that has traditional usage for musculoskeletal disorders, pain relief, and appetite stimulation; it appears to have preliminary evidence for its benefits to osteoarthritis and pain. Reported benefits should be matched to the specific outcome studied rather than assumed broadly. Devil's Claw may influence choline availability and acetylcholine-related signaling. Paraphrased from public Examine page extraction; educational only.",gut-health;inflammation,https://examine.com/supplements/devlis-claw/,Paraphrased from public Examine page extraction; educational only.
DHEA,General Health,DHEA is a steroid hormone produced by the adrenal glands.,General Health,Reported benefits should be matched to the specific outcome studied rather than assumed broadly.,Mechanism details are not clear from the public summary; review the source before applying DHEA clinically.,"DHEA has been studied at dosages of 25–200 mg/day, with dosages of 50–100 mg/day being more frequently examined.[1][2][3] A subgroup analysis in one meta-analysis of randomized controlled trials found that dosages of over 50 mg/day resulted in higher testosterone levels than less than 50 mg/day.[2] However higher dosages of DHEA are likely to result in higher levels of estrogens as well.[4]",,,DHEA is a steroid hormone produced by the adrenal glands. Reported benefits should be matched to the specific outcome studied rather than assumed broadly. Mechanism details are not clear from the public summary; review the source before applying DHEA clinically. Check pregnancy/lactation safety before client use.,general-health;cognition;exercise;hormones,https://examine.com/supplements/dhea/,Check pregnancy/lactation safety before client use.
Dihydroberberine,Metabolic Health,"Dihydroberberine is a form of berberine, but with a higher bioavailability and lower risk of gastric distress.",Metabolic Health,Reported benefits should be matched to the specific outcome studied rather than assumed broadly.,"Dihydroberberine may affect metabolic signaling, glucose handling, or lipid-related pathways.",No clear public dosage summary extracted; review source before use.,,,"Dihydroberberine is a form of berberine, but with a higher bioavailability and lower risk of gastric distress. Reported benefits should be matched to the specific outcome studied rather than assumed broadly. Dihydroberberine may affect metabolic signaling, glucose handling, or lipid-related pathways. Check pregnancy/lactation safety before client use.",metabolic-health;blood-sugar;stress,https://examine.com/supplements/dihydroberberine/,Check pregnancy/lactation safety before client use.
Dill,Metabolic Health,Anethum graveolens (Dill) is a vegetable whose fruits (not commonly eaten) have traditionally been used for intestinal and feminine health.,Metabolic Health,"Human evidence appears limited, so treat benefits as uncertain.",Mechanism details are not clear from the public summary; review the source before applying Dill clinically.,No clear public dosage summary extracted; review source before use.,,,"Anethum graveolens (Dill) is a vegetable whose fruits (not commonly eaten) have traditionally been used for intestinal and feminine health. Human evidence appears limited, so treat benefits as uncertain. Mechanism details are not clear from the public summary; review the source before applying Dill clinically. Check pregnancy/lactation safety before client use. Evidence appears limited; human review recommended.",metabolic-health;experimental,https://examine.com/supplements/dill/,Check pregnancy/lactation safety before client use. Evidence appears limited; human review recommended.
DIM,General Health,"Diindolylmethane (DIM) is a molecule which is named after its structure, two indole groups attached to a methane group.",General Health,Reported benefits should be matched to the specific outcome studied rather than assumed broadly.,Mechanism details are not clear from the public summary; review the source before applying DIM clinically.,A supplemental dose of approximately 100mg DIM has been noted to alter urinary estrogens in a manner thought to reflect less estrogenicity.,,,"Diindolylmethane (DIM) is a molecule which is named after its structure, two indole groups attached to a methane group. Reported benefits should be matched to the specific outcome studied rather than assumed broadly. Mechanism details are not clear from the public summary; review the source before applying DIM clinically. Paraphrased from public Examine page extraction; educational only.",general-health;cognition;exercise;hormones,https://examine.com/supplements/dim/,Paraphrased from public Examine page extraction; educational only.
DMAE,Metabolic Health,"DMAE is a choline molecule with one less methyl group, and has the ability to reduce build-up of the age pigmentation known as beta-amyloid.",Metabolic Health,Reported benefits should be matched to the specific outcome studied rather than assumed broadly.,DMAE may influence choline availability and acetylcholine-related signaling.,No clear public dosage summary extracted; review source before use.,,,"DMAE is a choline molecule with one less methyl group, and has the ability to reduce build-up of the age pigmentation known as beta-amyloid. Reported benefits should be matched to the specific outcome studied rather than assumed broadly. DMAE may influence choline availability and acetylcholine-related signaling. Check pregnancy/lactation safety before client use.",metabolic-health;cognition,https://examine.com/supplements/dmae/,Check pregnancy/lactation safety before client use.
Docosahexaenoic Acid (DHA),Mental Health,Docosahexaenoic acid (DHA) is an omega-3 fatty acid found in fatty fish and some types of seaweed.,Mental Health,Reported benefits should be matched to the specific outcome studied rather than assumed broadly.,Mechanism details are not clear from the public summary; review the source before applying Docosahexaenoic Acid (DHA) clinically.,No clear public dosage summary extracted; review source before use.,,,Docosahexaenoic acid (DHA) is an omega-3 fatty acid found in fatty fish and some types of seaweed. Reported benefits should be matched to the specific outcome studied rather than assumed broadly. Mechanism details are not clear from the public summary; review the source before applying Docosahexaenoic Acid (DHA) clinically. Check pregnancy/lactation safety before client use.,mental-health;cognition;heart-health,https://examine.com/supplements/docosahexaenoic-acid/,Check pregnancy/lactation safety before client use.
Dong Quai,Muscle Gain & Exercise,"Angelica gigas is an herb used in traditional Korean medicine, usually by women.",Muscle Gain & Exercise,Reported benefits should be matched to the specific outcome studied rather than assumed broadly.,Mechanism details are not clear from the public summary; review the source before applying Dong Quai clinically.,No clear public dosage summary extracted; review source before use.,,,"Angelica gigas is an herb used in traditional Korean medicine, usually by women. Reported benefits should be matched to the specific outcome studied rather than assumed broadly. Mechanism details are not clear from the public summary; review the source before applying Dong Quai clinically. Check pregnancy/lactation safety before client use.",muscle-gain-exercise;exercise;hormones;heart-health,https://examine.com/supplements/dong-quai/,Check pregnancy/lactation safety before client use.
Dwarf Morning Glory,Mental Health,Evolvulus alsinoides is one of 4 herbs referred to as Shankhapushpi and is traditionally used in Ayurveda for nootropic and psychotropic effects.,Mental Health,Reported benefits should be matched to the specific outcome studied rather than assumed broadly.,Dwarf Morning Glory is discussed in relation to oxidative-stress or inflammatory pathways.,"There is insufficient evidence in humans to recommend an ideal dose, but the estimated effective dose in rats — 200 mg per kilogram of body weight (mg/kg) — correlates to approximately 32 mg/kg of the ethanolic extract in humans and the following equivalents: 2,200 mg for a 150 lb person 2,900 mg for a 200 lb person 3,600 mg for a 250 lb person These dosages for an ethanolic extract of Evolvulus alsinoides are only",,,Evolvulus alsinoides is one of 4 herbs referred to as Shankhapushpi and is traditionally used in Ayurveda for nootropic and psychotropic effects. Reported benefits should be matched to the specific outcome studied rather than assumed broadly. Dwarf Morning Glory is discussed in relation to oxidative-stress or inflammatory pathways. Paraphrased from public Examine page extraction; educational only.,mental-health;cognition;inflammation;hormones,https://examine.com/supplements/dwarf-morning-glory/,Paraphrased from public Examine page extraction; educational only.
East Indian Globe Thistle,Metabolic Health,Sphaeranthus indicus (also known as East Indian globe thistle) is a herb with a wide range of reported benefits but minimal research on it.,Metabolic Health,Reported benefits should be matched to the specific outcome studied rather than assumed broadly.,"East Indian Globe Thistle may affect metabolic signaling, glucose handling, or lipid-related pathways.","There is no human evidence at this moment in time for an optimal dose of sphaeranthus indicus, but based on rat evidence using 200mg/kg then an estimated human dose is: 2,200mg for a 150lb person 2,900mg for a 200lb person 3,600mg for a 250lb person",,,"Sphaeranthus indicus (also known as East Indian globe thistle) is a herb with a wide range of reported benefits but minimal research on it. Reported benefits should be matched to the specific outcome studied rather than assumed broadly. East Indian Globe Thistle may affect metabolic signaling, glucose handling, or lipid-related pathways. Paraphrased from public Examine page extraction; educational only.",metabolic-health;blood-sugar;hormones,https://examine.com/supplements/east-indian-globe-thistle/,Paraphrased from public Examine page extraction; educational only.
ECA,Muscle Gain & Exercise,"ECA stands for Ephedrine, Caffeine and Aspirin; these compounds were found to be synergistic for fat loss, and isolating ephedrine from the Ephedra sinicus plant and putting it into ECA appears to be quite an effective method of fat loss and neural stimulation",Muscle Gain & Exercise,Reported benefits should be matched to the specific outcome studied rather than assumed broadly.,"ECA appears to act mainly through stimulant-like nervous-system pathways that can affect energy, alertness, or exertion.",No clear public dosage summary extracted; review source before use.,,,"ECA stands for Ephedrine, Caffeine and Aspirin; these compounds were found to be synergistic for fat loss, and isolating ephedrine from the Ephedra sinicus plant and putting it into ECA appears to be quite an effective method of fat loss and neural stimulation Reported benefits should be matched to the specific outcome studied rather than assumed broadly. ECA appears to act mainly through stimulant-like nervous-system pathways that can affect energy, alertness, or exertion.",muscle-gain-exercise;stimulant;heart-health,https://examine.com/supplements/eca/,Check pregnancy/lactation safety before client use.
Ecdysteroids,Muscle Gain & Exercise,"Ecdysteroids are a type of steroid hormone found in arthropods, where they are responsible for reproduction and molting.",Muscle Gain & Exercise,Reported benefits should be matched to the specific outcome studied rather than assumed broadly.,Mechanism details are not clear from the public summary; review the source before applying Ecdysteroids clinically.,"There is not enough research to recommend a specific dosage for each possible use of ecdysteroids, and most of the available research has been done on animals. Studies seem to show a dose-dependent response for hyperglycemia (high blood sugar). In in vivo liver cells from both diabetic and nondiabetic rats, higher doses of ecdysone resulted in a greater suppression of glucose production. However,",,,"Ecdysteroids are a type of steroid hormone found in arthropods, where they are responsible for reproduction and molting. Reported benefits should be matched to the specific outcome studied rather than assumed broadly. Mechanism details are not clear from the public summary; review the source before applying Ecdysteroids clinically. Paraphrased from public Examine page extraction; educational only.",muscle-gain-exercise;blood-sugar;cognition;exercise;hormones,https://examine.com/supplements/ecdysteroids/,Paraphrased from public Examine page extraction; educational only.
Echinacea,General Health,Echinacea purpurea is an herb commonly used either in response to or daily for prevention of the common cold.,General Health,Reported benefits should be matched to the specific outcome studied rather than assumed broadly.,Mechanism details are not clear from the public summary; review the source before applying Echinacea clinically.,"For dehydrated powders (including encapsulated echinacea) the species of purpuera tends to be used and oral doses are taken upwards of 300mg thrice a day (900mg daily) and 500mg thrice daily (1,500mg daily). Tinctures of an ethanolic extract of the aerial parts (leaves and stems) appears to be used in the concentration of 2.5mL thrice a day or up to 10mL daily.","Daily, following dosage notes.",,Echinacea purpurea is an herb commonly used either in response to or daily for prevention of the common cold. Reported benefits should be matched to the specific outcome studied rather than assumed broadly. Mechanism details are not clear from the public summary; review the source before applying Echinacea clinically. Paraphrased from public Examine page extraction; educational only.,general-health,https://examine.com/supplements/echinacea/,Paraphrased from public Examine page extraction; educational only.
Ecklonia Cava,Metabolic Health,"Ecklonia Cava is a brown seaweed with a rich polyphenolic content (this particular subset being known as eckols or phlorotannins) that confers anti-oxidant properties, it is being investigated for health properties.",Metabolic Health,Reported benefits should be matched to the specific outcome studied rather than assumed broadly.,Ecklonia Cava is discussed in relation to oxidative-stress or inflammatory pathways.,"Ecklonia Cava products appear to benefit the body in relatively low doses, with weak health benefits on blood pressure and glucose in the range of 100mg; higher doses (which would be expected when consuming the seaweed itself as a food product) confer dose-dependent responses.",,,"Ecklonia Cava is a brown seaweed with a rich polyphenolic content (this particular subset being known as eckols or phlorotannins) that confers anti-oxidant properties, it is being investigated for health properties. Reported benefits should be matched to the specific outcome studied rather than assumed broadly. Ecklonia Cava is discussed in relation to oxidative-stress or inflammatory pathways. Paraphrased from public Examine page extraction; educational only.",metabolic-health;blood-sugar;inflammation;heart-health,https://examine.com/supplements/ecklonia-cava/,Paraphrased from public Examine page extraction; educational only.
Eicosapentaenoic Acid (EPA),Mental Health,Eicosapentaenoic acid (EPA) is an omega-3 fatty acid that is found in fatty fish.,Mental Health,Reported benefits should be matched to the specific outcome studied rather than assumed broadly.,Mechanism details are not clear from the public summary; review the source before applying Eicosapentaenoic Acid (EPA) clinically.,No clear public dosage summary extracted; review source before use.,,,Eicosapentaenoic acid (EPA) is an omega-3 fatty acid that is found in fatty fish. Reported benefits should be matched to the specific outcome studied rather than assumed broadly. Mechanism details are not clear from the public summary; review the source before applying Eicosapentaenoic Acid (EPA) clinically. Check pregnancy/lactation safety before client use.,mental-health;cognition;heart-health,https://examine.com/supplements/eicosapentaenoic-acid/,Check pregnancy/lactation safety before client use.
Elderberry,Muscle Gain & Exercise,"Elderberry (Sambucus spp., especially S. nigra) is a fairly ubiquitous fruit that is known on most continents.",Muscle Gain & Exercise,Reported benefits should be matched to the specific outcome studied rather than assumed broadly.,Elderberry is discussed in relation to oxidative-stress or inflammatory pathways.,"⚠️ Caution: Proper preparation is necessary Most studies administer elderberry in lozenge, capsule, syrup, or juice forms, with doses ranging from 175 to 900 mg/day (15 to 177 mL in liquid forms) over periods of 48 hours to four weeks when used for treatment, and for up to 12 weeks when used as a preventative measure.[4][5][6][7][8][9][10][11][12][13]",Split across the day as described in dosage notes.,,"Elderberry (Sambucus spp., especially S. nigra) is a fairly ubiquitous fruit that is known on most continents. Reported benefits should be matched to the specific outcome studied rather than assumed broadly. Elderberry is discussed in relation to oxidative-stress or inflammatory pathways. Check pregnancy/lactation safety before client use.",muscle-gain-exercise;lipids;cognition;exercise;inflammation;hormones;heart-health,https://examine.com/supplements/elderberry/,Check pregnancy/lactation safety before client use.
Electric Nerve Stimulation,Muscle Gain & Exercise,"Electric nerve stimulation, also known as transcutaneous electric nerve stimulation (TENS), is the use of low-voltage electrical currents on the skin to stimulate nerves involved in pain perception.",Muscle Gain & Exercise,Potential benefits are context-specific; review the source evidence before using Electric Nerve Stimulation in a protocol.,Mechanism details are not clear from the public summary; review the source before applying Electric Nerve Stimulation clinically.,No clear public dosage summary extracted; review source before use.,,,"Electric nerve stimulation, also known as transcutaneous electric nerve stimulation (TENS), is the use of low-voltage electrical currents on the skin to stimulate nerves involved in pain perception. Potential benefits are context-specific; review the source evidence before using Electric Nerve Stimulation in a protocol. Mechanism details are not clear from the public summary; review the source before applying Electric Nerve Stimulation clinically.",muscle-gain-exercise;exercise,https://examine.com/supplements/electric-nerve-stimulation/,Check pregnancy/lactation safety before client use.
Electrolytes,Muscle Gain & Exercise,"Electrolytes are essential minerals. They include sodium, calcium, potassium, magnesium, and chloride.",Muscle Gain & Exercise,Potential benefits are context-specific; review the source evidence before using Electrolytes in a protocol.,Electrolytes likely works by correcting or supporting nutrient-dependent physiological processes.,No clear public dosage summary extracted; review source before use.,,,"Electrolytes are essential minerals. They include sodium, calcium, potassium, magnesium, and chloride. Potential benefits are context-specific; review the source evidence before using Electrolytes in a protocol. Electrolytes likely works by correcting or supporting nutrient-dependent physiological processes. Check pregnancy/lactation safety before client use.",muscle-gain-exercise;cognition;exercise,https://examine.com/supplements/electrolytes/,Check pregnancy/lactation safety before client use.
Eleuthero,Muscle Gain & Exercise,Eleutherococcus senticosus is an adaptogen and herb that may increase work capacity during strenuous aerobic activity.,Muscle Gain & Exercise,Reported benefits should be matched to the specific outcome studied rather than assumed broadly.,Mechanism details are not clear from the public summary; review the source before applying Eleuthero clinically.,"The standard dose for Eleutherococcus senticosus is 300-1,200mg, though the 2-4g range and more have been traditionally recommended. The most common form of Eleutherococcus senticosus supplements are root and stem extracts, though leaf extracts have been used as well.",,,Eleutherococcus senticosus is an adaptogen and herb that may increase work capacity during strenuous aerobic activity. Reported benefits should be matched to the specific outcome studied rather than assumed broadly. Mechanism details are not clear from the public summary; review the source before applying Eleuthero clinically. Paraphrased from public Examine page extraction; educational only.,muscle-gain-exercise;stress;cognition;exercise;hormones,https://examine.com/supplements/eleuthero/,Paraphrased from public Examine page extraction; educational only.
Ellagic Acid,Metabolic Health,Ellagic acid is an antioxidant compound found in many fruits and vegetables.,Metabolic Health,Reported benefits should be matched to the specific outcome studied rather than assumed broadly.,Ellagic Acid is discussed in relation to oxidative-stress or inflammatory pathways.,No clear public dosage summary extracted; review source before use.,,,Ellagic acid is an antioxidant compound found in many fruits and vegetables. Reported benefits should be matched to the specific outcome studied rather than assumed broadly. Ellagic Acid is discussed in relation to oxidative-stress or inflammatory pathways. Check pregnancy/lactation safety before client use.,metabolic-health;blood-sugar;cognition;inflammation,https://examine.com/supplements/ellagic-acid/,Check pregnancy/lactation safety before client use.
Ephedrine,Metabolic Health,Ephedrine is one of the four active components of the herb Ephedra.,Metabolic Health,Potential benefits are context-specific; review the source evidence before using Ephedrine in a protocol.,"Ephedrine appears to act mainly through stimulant-like nervous-system pathways that can affect energy, alertness, or exertion.","All Doses Standardized to Ephedrine HCl In an ECA stack, ephedrine is dosed at 20-24mg for three doses taken throughout the day. Human studies have found success with ephedrine in isolation on fat metabolism with doses of 20-50mg thrice a day. The higher range (150mg) may be too stimulatory for some, and can induce headaches or light hand tremors.",Split across the day as described in dosage notes.,,"Ephedrine is one of the four active components of the herb Ephedra. Potential benefits are context-specific; review the source evidence before using Ephedrine in a protocol. Ephedrine appears to act mainly through stimulant-like nervous-system pathways that can affect energy, alertness, or exertion. Paraphrased from public Examine page extraction; educational only.",metabolic-health;cognition;exercise;stimulant;hormones,https://examine.com/supplements/ephedrine/,Paraphrased from public Examine page extraction; educational only.
Epigallocatechin Gallate,Mental Health,"Epigallocatechin gallate (EGCG) is a type of plant polyphenol found primarily in Green Tea, Green Tea Extract, and certain fruits and nuts.",Mental Health,Reported benefits should be matched to the specific outcome studied rather than assumed broadly.,Epigallocatechin Gallate is discussed in relation to oxidative-stress or inflammatory pathways.,No clear public dosage summary extracted; review source before use.,,,"Epigallocatechin gallate (EGCG) is a type of plant polyphenol found primarily in Green Tea, Green Tea Extract, and certain fruits and nuts. Reported benefits should be matched to the specific outcome studied rather than assumed broadly. Epigallocatechin Gallate is discussed in relation to oxidative-stress or inflammatory pathways. Check pregnancy/lactation safety before client use.",mental-health;cognition;inflammation;heart-health,https://examine.com/supplements/epigallocatechin-gallate/,Check pregnancy/lactation safety before client use.
Erythropoiesis-Stimulating Agents,General Health,Erythropoiesis-stimulating agents are drugs that increase the body’s production of erythropoietin (EPO).,General Health,Reported benefits should be matched to the specific outcome studied rather than assumed broadly.,Mechanism details are not clear from the public summary; review the source before applying Erythropoiesis-Stimulating Agents clinically.,No clear public dosage summary extracted; review source before use.,,,Erythropoiesis-stimulating agents are drugs that increase the body’s production of erythropoietin (EPO). Reported benefits should be matched to the specific outcome studied rather than assumed broadly. Mechanism details are not clear from the public summary; review the source before applying Erythropoiesis-Stimulating Agents clinically. Check pregnancy/lactation safety before client use.,general-health;hormones,https://examine.com/supplements/erythropoiesis-stimulating-agents/,Check pregnancy/lactation safety before client use.
Essential Amino Acid (EAA),Muscle Gain & Exercise,"Proteins are composed of amino acids, some of which the body can synthesize and others it cannot.",Muscle Gain & Exercise,Potential benefits are context-specific; review the source evidence before using Essential Amino Acid (EAA) in a protocol.,Mechanism details are not clear from the public summary; review the source before applying Essential Amino Acid (EAA) clinically.,No clear public dosage summary extracted; review source before use.,,,"Proteins are composed of amino acids, some of which the body can synthesize and others it cannot. Potential benefits are context-specific; review the source evidence before using Essential Amino Acid (EAA) in a protocol. Mechanism details are not clear from the public summary; review the source before applying Essential Amino Acid (EAA) clinically. Check pregnancy/lactation safety before client use.",muscle-gain-exercise;exercise,https://examine.com/supplements/essential-amino-acids/,Check pregnancy/lactation safety before client use.
Essential Fatty Acid (EFA),Metabolic Health,"EFAs are fatty acids that the body needs but cannot synthesize, and therefore, they must be ingested.",Metabolic Health,Reported benefits should be matched to the specific outcome studied rather than assumed broadly.,Essential Fatty Acid (EFA) may influence choline availability and acetylcholine-related signaling.,No clear public dosage summary extracted; review source before use.,,,"EFAs are fatty acids that the body needs but cannot synthesize, and therefore, they must be ingested. Reported benefits should be matched to the specific outcome studied rather than assumed broadly. Essential Fatty Acid (EFA) may influence choline availability and acetylcholine-related signaling. Check pregnancy/lactation safety before client use.",metabolic-health;cognition,https://examine.com/supplements/efa/,Check pregnancy/lactation safety before client use.
Eucommia Bark,General Health,Eucommia ulmoides is a traditional chinese medicine of which the bark is used for medicinal purposes.,General Health,Reported benefits should be matched to the specific outcome studied rather than assumed broadly.,Mechanism details are not clear from the public summary; review the source before applying Eucommia Bark clinically.,"There is insufficient evidence to suggest an optimal dosage, but the limited human evidence and the animal evidence suggest a daily dose of around 3g of the leaf extract is effective for blood pressure and fat mass reduction. It may be prudent to use this in three daily doses of 1g, as the lone human study used thrice daily dosing.",Split across the day as described in dosage notes.,,Eucommia ulmoides is a traditional chinese medicine of which the bark is used for medicinal purposes. Reported benefits should be matched to the specific outcome studied rather than assumed broadly. Mechanism details are not clear from the public summary; review the source before applying Eucommia Bark clinically. Paraphrased from public Examine page extraction; educational only.,general-health;lipids;inflammation;hormones;heart-health,https://examine.com/supplements/eucommia-bark/,Paraphrased from public Examine page extraction; educational only.
European Raspberry,Micronutrient,"The European raspberry, commonly known as red raspberry, is a small, tart, red berry that is a rich source of antioxidants, potassium, fiber, vitamin C, manganese, and B vitamins.",Micronutrient,Potential benefits are context-specific; review the source evidence before using European Raspberry in a protocol.,European Raspberry is discussed in relation to oxidative-stress or inflammatory pathways.,No clear public dosage summary extracted; review source before use.,,,"The European raspberry, commonly known as red raspberry, is a small, tart, red berry that is a rich source of antioxidants, potassium, fiber, vitamin C, manganese, and B vitamins. Potential benefits are context-specific; review the source evidence before using European Raspberry in a protocol. European Raspberry is discussed in relation to oxidative-stress or inflammatory pathways. Check pregnancy/lactation safety before client use.",micronutrient,https://examine.com/supplements/european-raspberry/,Check pregnancy/lactation safety before client use.
Evening Primrose Oil,Mental Health,Evening primrose oil (EPO) is extracted from the seeds of the evening primrose plant and is primarily composed of the omega-6 fatty acids linoleic acid and gamma-linolenic acid.,Mental Health,Reported benefits should be matched to the specific outcome studied rather than assumed broadly.,Mechanism details are not clear from the public summary; review the source before applying Evening Primrose Oil clinically.,"EPO is available in both liquid and capsule form. In clinical trials, oral EPO dosages have generally ranged from 500 mg up to 6 grams daily. For cervical ripening, EPO capsules inserted vaginally appear to be most effective, and dosages of 1 to 4 grams daily are often used. Importantly,","Daily, following dosage notes.",,Evening primrose oil (EPO) is extracted from the seeds of the evening primrose plant and is primarily composed of the omega-6 fatty acids linoleic acid and gamma-linolenic acid. Reported benefits should be matched to the specific outcome studied rather than assumed broadly. Mechanism details are not clear from the public summary; review the source before applying Evening Primrose Oil clinically. Check pregnancy/lactation safety before client use.,mental-health;cognition;gut-health;hormones,https://examine.com/supplements/evening-primrose-oil/,Check pregnancy/lactation safety before client use.
Evodia rutaecarpa,Mental Health,Used in Traditional Chinese Medicine to increase warmth in the body.,Mental Health,Reported benefits should be matched to the specific outcome studied rather than assumed broadly.,Mechanism details are not clear from the public summary; review the source before applying Evodia rutaecarpa clinically.,"There are currently no human studies on evodia rutaecarpa berries. Traditional usage of the berries involves making a decoction using 3-9g of the berries and then dividing said decoction into either two servings daily (morning and evening) or thrice daily (morning, noon, and evening)","Daily, following dosage notes.",,Used in Traditional Chinese Medicine to increase warmth in the body. Reported benefits should be matched to the specific outcome studied rather than assumed broadly. Mechanism details are not clear from the public summary; review the source before applying Evodia rutaecarpa clinically. Paraphrased from public Examine page extraction; educational only.,mental-health;stress,https://examine.com/supplements/evodia-rutaecarpa/,Paraphrased from public Examine page extraction; educational only.
Exogenous Ketones,General Health,Exogenous ketones are supplements that mimic ketosis by increasing ketone bodies in the blood.,General Health,Reported benefits should be matched to the specific outcome studied rather than assumed broadly.,Mechanism details are not clear from the public summary; review the source before applying Exogenous Ketones clinically.,"Formulation: Exogenous ketone supplements are typically taken as a liquid and contain beta-hydroxybutyrate (a.k.a. 3-hydroxybutyrate), which is often attached to an ester — a ketone ester — or a salt — a ketone salt. Some manufacturers produce ketone supplements in powder or tablet form; however, most research studies have used liquid forms.",,,Exogenous ketones are supplements that mimic ketosis by increasing ketone bodies in the blood. Reported benefits should be matched to the specific outcome studied rather than assumed broadly. Mechanism details are not clear from the public summary; review the source before applying Exogenous Ketones clinically. Paraphrased from public Examine page extraction; educational only.,general-health;stress;cognition;exercise;heart-health,https://examine.com/supplements/exogenous-ketones/,Paraphrased from public Examine page extraction; educational only.
Fadogia agrestis,Gut Health,"Fadogia agrestis, also known as black aphrodisiac, is traditionally used for its purported aphrodisiac, pro-erectile, anti-malarial, and anti-fever properties.",Gut Health,Potential benefits are context-specific; review the source evidence before using Fadogia agrestis in a protocol.,Mechanism details are not clear from the public summary; review the source before applying Fadogia agrestis clinically.,"It is unclear whether or not consumption of Fadogia agrestis is safe at any dosage, so no dosage can be recommended.",,,"Fadogia agrestis, also known as black aphrodisiac, is traditionally used for its purported aphrodisiac, pro-erectile, anti-malarial, and anti-fever properties. Potential benefits are context-specific; review the source evidence before using Fadogia agrestis in a protocol. Mechanism details are not clear from the public summary; review the source before applying Fadogia agrestis clinically. Check pregnancy/lactation safety before client use.",gut-health;cognition;exercise;hormones,https://examine.com/supplements/fadogia-agrestis/,Check pregnancy/lactation safety before client use.
Fang Ji,Metabolic Health,Stephania tetrandra (Fang Ji) is a medicinal herb from Traditional Chinese Medicine that is sometimes used alongside Astragalus membranaceus for kidney protection and diabetes prevention; it is moderately antiinflammatory.,Metabolic Health,Potential benefits are context-specific; review the source evidence before using Fang Ji in a protocol.,Mechanism details are not clear from the public summary; review the source before applying Fang Ji clinically.,No clear public dosage summary extracted; review source before use.,,,Stephania tetrandra (Fang Ji) is a medicinal herb from Traditional Chinese Medicine that is sometimes used alongside Astragalus membranaceus for kidney protection and diabetes prevention; it is moderately antiinflammatory. Potential benefits are context-specific; review the source evidence before using Fang Ji in a protocol. Mechanism details are not clear from the public summary; review the source before applying Fang Ji clinically. Check pregnancy/lactation safety before client use.,metabolic-health;blood-sugar;inflammation,https://examine.com/supplements/fang-ji/,Check pregnancy/lactation safety before client use.
Felty Germander,General Health,"Teucrium polium (felty germander) is a plant used in traditional folk medicine to treat stomach and gastrointestinal issues, aid in weight loss, manage fever, and improve oral hygiene, though there is a lack of evidence to support many of these purported benef",General Health,Reported benefits should be matched to the specific outcome studied rather than assumed broadly.,Mechanism details are not clear from the public summary; review the source before applying Felty Germander clinically.,No clear public dosage summary extracted; review source before use.,,,"Teucrium polium (felty germander) is a plant used in traditional folk medicine to treat stomach and gastrointestinal issues, aid in weight loss, manage fever, and improve oral hygiene, though there is a lack of evidence to support many of these purported benef Reported benefits should be matched to the specific outcome studied rather than assumed broadly. Mechanism details are not clear from the public summary; review the source before applying Felty Germander clinically.",general-health,https://examine.com/supplements/felty-germander/,Check pregnancy/lactation safety before client use.
Fennel,General Health,Fennel is a flowering plant often used as a seed or an herb.,General Health,Reported benefits should be matched to the specific outcome studied rather than assumed broadly.,Mechanism details are not clear from the public summary; review the source before applying Fennel clinically.,No clear public dosage summary extracted; review source before use.,,,Fennel is a flowering plant often used as a seed or an herb. Reported benefits should be matched to the specific outcome studied rather than assumed broadly. Mechanism details are not clear from the public summary; review the source before applying Fennel clinically. Check pregnancy/lactation safety before client use.,general-health,https://examine.com/supplements/fennel/,Check pregnancy/lactation safety before client use.
Fennel Essential Oil,General Health,Fennel Essential oil is seen as a 'stimulatory' essential oil.,General Health,Potential benefits are context-specific; review the source evidence before using Fennel Essential Oil in a protocol.,Mechanism details are not clear from the public summary; review the source before applying Fennel Essential Oil clinically.,No clear public dosage summary extracted; review source before use.,,,Fennel Essential oil is seen as a 'stimulatory' essential oil. Potential benefits are context-specific; review the source evidence before using Fennel Essential Oil in a protocol. Mechanism details are not clear from the public summary; review the source before applying Fennel Essential Oil clinically. Check pregnancy/lactation safety before client use.,general-health,https://examine.com/supplements/fennel-essential-oil/,Check pregnancy/lactation safety before client use.
Fenugreek,Metabolic Health,"Fenugreek, Trigonella foenum-graecum, is a plant in the legume family.",Metabolic Health,Reported benefits should be matched to the specific outcome studied rather than assumed broadly.,"Fenugreek may affect metabolic signaling, glucose handling, or lipid-related pathways.","Fenugreek can be taken as fenugreek seed powder, as fenugreek seed extract, as a tea, or as a syrup or applied in a vaginal cream. Studies of fenugreek for testosterone have used 250 to 600 mg of fenugreek seed extract per day, in a single dose or divided into two doses,",Split across the day as described in dosage notes.,,"Fenugreek, Trigonella foenum-graecum, is a plant in the legume family. Reported benefits should be matched to the specific outcome studied rather than assumed broadly. Fenugreek may affect metabolic signaling, glucose handling, or lipid-related pathways. Check pregnancy/lactation safety before client use.",metabolic-health;blood-sugar;lipids;gut-health;hormones;heart-health,https://examine.com/supplements/fenugreek/,Check pregnancy/lactation safety before client use.
Ferulic Acid,General Health,"Ferulic acid is a plant-based compound found in foods such as bran, oats, rice, eggplant, citrus fruit, and apple seeds.",General Health,Reported benefits should be matched to the specific outcome studied rather than assumed broadly.,Ferulic Acid is discussed in relation to oxidative-stress or inflammatory pathways.,No clear public dosage summary extracted; review source before use.,,,"Ferulic acid is a plant-based compound found in foods such as bran, oats, rice, eggplant, citrus fruit, and apple seeds. Reported benefits should be matched to the specific outcome studied rather than assumed broadly. Ferulic Acid is discussed in relation to oxidative-stress or inflammatory pathways. Check pregnancy/lactation safety before client use.",general-health,https://examine.com/supplements/ferulic-acid/,Check pregnancy/lactation safety before client use.
Feverfew,Muscle Gain & Exercise,Feverfew is an herb with anti-inflammatory properties used to prevent migraines.,Muscle Gain & Exercise,"Human evidence appears limited, so treat benefits as uncertain.",Feverfew is discussed in relation to oxidative-stress or inflammatory pathways.,"The standard adult dose for feverfew supplementation is 100-300 mg of a feverfew supplement containing 0.2%-0.4% parthenolide, taken one to four times a day. Children younger than two should not be given feverfew. The standard feverfew dose for children is based off of a standard adult weight of 150 lbs. For example, if a child weighs 50lbs, the dose is one-third of the adult dose.",Split across the day as described in dosage notes.,,"Feverfew is an herb with anti-inflammatory properties used to prevent migraines. Human evidence appears limited, so treat benefits as uncertain. Feverfew is discussed in relation to oxidative-stress or inflammatory pathways. Evidence appears limited; human review recommended.",muscle-gain-exercise;exercise;inflammation;experimental,https://examine.com/supplements/feverfew/,Evidence appears limited; human review recommended.
Fiber,Gut Health,Fiber is a type of carbohydrate that the body can’t digest.,Gut Health,Potential benefits are context-specific; review the source evidence before using Fiber in a protocol.,Mechanism details are not clear from the public summary; review the source before applying Fiber clinically.,No clear public dosage summary extracted; review source before use.,,,Fiber is a type of carbohydrate that the body can’t digest. Potential benefits are context-specific; review the source evidence before using Fiber in a protocol. Mechanism details are not clear from the public summary; review the source before applying Fiber clinically. Check pregnancy/lactation safety before client use.,gut-health;blood-sugar;lipids;heart-health,https://examine.com/supplements/fiber/,Check pregnancy/lactation safety before client use.
Fish Oil,Metabolic Health,"Fish oil is a source of the omega-3 fatty acids, DHA and EPA.",Metabolic Health,Reported benefits should be matched to the specific outcome studied rather than assumed broadly.,"Fish Oil may affect metabolic signaling, glucose handling, or lipid-related pathways.","Formulation Fish oil supplements contain the long-chain omega-3 fatty acids, docosahexaenoic-acid (DHA) and eicosapentaenoic-acid (EPA), and are commonly taken orally as softgel capsules or liquid oil. Fish oil can also be consumed through foods, with some of the best sources being salmon, sardines, anchovies, and trout.[1] The DHA and EPA in fish oil supplements come in several forms, including as triglycerides,",,,"Fish oil is a source of the omega-3 fatty acids, DHA and EPA. Reported benefits should be matched to the specific outcome studied rather than assumed broadly. Fish Oil may affect metabolic signaling, glucose handling, or lipid-related pathways. Check pregnancy/lactation safety before client use.",metabolic-health;lipids;inflammation;heart-health,https://examine.com/supplements/fish-oil/,Check pregnancy/lactation safety before client use.
Flavanols,General Health,Flavanols (not to be confused with Flavonols) are a subset of a larger category of plant compounds called Flavonoids.,General Health,Reported benefits should be matched to the specific outcome studied rather than assumed broadly.,Flavanols is discussed in relation to oxidative-stress or inflammatory pathways.,No clear public dosage summary extracted; review source before use.,,,Flavanols (not to be confused with Flavonols) are a subset of a larger category of plant compounds called Flavonoids. Reported benefits should be matched to the specific outcome studied rather than assumed broadly. Flavanols is discussed in relation to oxidative-stress or inflammatory pathways. Check pregnancy/lactation safety before client use.,general-health;heart-health,https://examine.com/supplements/flavanols/,Check pregnancy/lactation safety before client use.
Flavonoids,General Health,"Flavonoids are a group of antioxidant plant compounds that include flavonols, isoflavones, and anthocyanins.",General Health,Potential benefits are context-specific; review the source evidence before using Flavonoids in a protocol.,Flavonoids is discussed in relation to oxidative-stress or inflammatory pathways.,No clear public dosage summary extracted; review source before use.,,,"Flavonoids are a group of antioxidant plant compounds that include flavonols, isoflavones, and anthocyanins. Potential benefits are context-specific; review the source evidence before using Flavonoids in a protocol. Flavonoids is discussed in relation to oxidative-stress or inflammatory pathways. Check pregnancy/lactation safety before client use.",general-health,https://examine.com/supplements/flavonoids/,Check pregnancy/lactation safety before client use.
Flavonols,General Health,"Flavonols (not to be confused with Flavanols) are plant compounds that are part of the flavonoids family and are found in many colorful fruits and vegetables as well as wine, tea, and chocolate.",General Health,Reported benefits should be matched to the specific outcome studied rather than assumed broadly.,Flavonols is discussed in relation to oxidative-stress or inflammatory pathways.,No clear public dosage summary extracted; review source before use.,,,"Flavonols (not to be confused with Flavanols) are plant compounds that are part of the flavonoids family and are found in many colorful fruits and vegetables as well as wine, tea, and chocolate. Reported benefits should be matched to the specific outcome studied rather than assumed broadly. Flavonols is discussed in relation to oxidative-stress or inflammatory pathways. Check pregnancy/lactation safety before client use.",general-health;inflammation,https://examine.com/supplements/flavonols/,Check pregnancy/lactation safety before client use.
Folic Acid (Vitamin B9),Micronutrient,"Folic acid is a synthetic form of folate, an essential B vitamin, found in dietary supplements and fortified foods.",Micronutrient,Reported benefits should be matched to the specific outcome studied rather than assumed broadly.,Folic Acid (Vitamin B9) likely works by correcting or supporting nutrient-dependent physiological processes.,"Folic acid is most often taken at a dosage of 400 to 800 micrograms (μg), i.e., 0.4 to 0.8 mg, daily. The tolerable upper intake level (UL) of folic acid is 1,000 μg (1 mg) daily. This represents the maximum daily dose unlikely to cause adverse effects and was set based on the concern of folic acid masking vitamin B12 deficiency.[1] In some circumstances, a higher dosage may be warranted.","Daily, following dosage notes.",,"Folic acid is a synthetic form of folate, an essential B vitamin, found in dietary supplements and fortified foods. Reported benefits should be matched to the specific outcome studied rather than assumed broadly. Folic Acid (Vitamin B9) likely works by correcting or supporting nutrient-dependent physiological processes. Check pregnancy/lactation safety before client use.",micronutrient;heart-health,https://examine.com/supplements/folic-acid/,Check pregnancy/lactation safety before client use.
GABA,Mental Health,GABA (gamma-aminobutyric acid) is an inhibitory neurotransmitter.,Mental Health,Reported benefits should be matched to the specific outcome studied rather than assumed broadly.,Mechanism details are not clear from the public summary; review the source before applying GABA clinically.,"Supplemental GABA in the dose range of 20 to 300 mg (0.02–0.3 grams) has been used to improve sleep quality,[1] mood,[2] and markers of stress,[1] while a dose of 800 mg (0.8 grams) has been used to improve attention.[3] Some studies using daily GABA supplementation for 1–4 weeks have used a dosage range of 100 to 300 mg (0.1 to 0.3 grams) per day to improve sleep quality.[1] A supplemental GABA dose in the range of","Daily, following dosage notes.",,GABA (gamma-aminobutyric acid) is an inhibitory neurotransmitter. Reported benefits should be matched to the specific outcome studied rather than assumed broadly. Mechanism details are not clear from the public summary; review the source before applying GABA clinically. Paraphrased from public Examine page extraction; educational only.,mental-health;stress;sleep;cognition;exercise;hormones,https://examine.com/supplements/gaba/,Paraphrased from public Examine page extraction; educational only.
Gale of the Wind,Gut Health,"Gale of the wind, also known as chanca piedra (Phyllanthus niruri), is a tropical herb that is supplemented for digestive, liver, and kidney health.",Gut Health,Potential benefits are context-specific; review the source evidence before using Gale of the Wind in a protocol.,Mechanism details are not clear from the public summary; review the source before applying Gale of the Wind clinically.,No clear public dosage summary extracted; review source before use.,,,"Gale of the wind, also known as chanca piedra (Phyllanthus niruri), is a tropical herb that is supplemented for digestive, liver, and kidney health. Potential benefits are context-specific; review the source evidence before using Gale of the Wind in a protocol. Mechanism details are not clear from the public summary; review the source before applying Gale of the Wind clinically. Check pregnancy/lactation safety before client use.",gut-health,https://examine.com/supplements/gale-of-the-wind/,Check pregnancy/lactation safety before client use.
Gamma Oryzanol,Metabolic Health,"Gamma Oryzanol (γ-Oryzanol), a mixture of compounds found notably in rice bran oil, is a promising but unproven cholesterol-lowering agent with some skin health properties.",Metabolic Health,Reported benefits should be matched to the specific outcome studied rather than assumed broadly.,"Gamma Oryzanol may affect metabolic signaling, glucose handling, or lipid-related pathways.","The dosages of Gamma-oryzanol used are highly variable, with some studies using a lower dose (50mg once daily or 20mg thrice daily) and other studies using a markedly higher dosage (300-800mg daily). As there are no reliable benefits associated with Gamma-oryzanol supplementation in the first place, it is unsure what dosage should be recommended (if this supplement is to be recommended at all).","Daily, following dosage notes.",,"Gamma Oryzanol (γ-Oryzanol), a mixture of compounds found notably in rice bran oil, is a promising but unproven cholesterol-lowering agent with some skin health properties. Reported benefits should be matched to the specific outcome studied rather than assumed broadly. Gamma Oryzanol may affect metabolic signaling, glucose handling, or lipid-related pathways. Paraphrased from public Examine page extraction; educational only.",metabolic-health;lipids;cognition;exercise;hormones,https://examine.com/supplements/gamma-oryzanol/,Paraphrased from public Examine page extraction; educational only.
Garcinia,General Health,Garcinia cambogia is a fruit that has historically been used as a food-flavoring agent and in traditional medicine in Southeast Asia.,General Health,Reported benefits should be matched to the specific outcome studied rather than assumed broadly.,Mechanism details are not clear from the public summary; review the source before applying Garcinia clinically.,"Formulation: Garcinia cambogia supplements are usually taken as capsules and are also often part of combination weight-loss supplements. The usual dosage is 1,500 milligrams per day (mg/day) of the active ingredient hydroxycitric acid (HCA),","Daily, following dosage notes.",,Garcinia cambogia is a fruit that has historically been used as a food-flavoring agent and in traditional medicine in Southeast Asia. Reported benefits should be matched to the specific outcome studied rather than assumed broadly. Mechanism details are not clear from the public summary; review the source before applying Garcinia clinically. Paraphrased from public Examine page extraction; educational only.,general-health;hormones,https://examine.com/supplements/garcinia/,Paraphrased from public Examine page extraction; educational only.
Ginkgo Biloba,Mental Health,Ginkgo biloba is the most commonly ingested herb for brain health.,Mental Health,Reported benefits should be matched to the specific outcome studied rather than assumed broadly.,Mechanism details are not clear from the public summary; review the source before applying Ginkgo Biloba clinically.,"For cognitive enhancement, take 120-240mg, one to four hours before performance. To alleviate cognitive decline in older adults, take 40-120mg, three times a day. The supplement form of Ginkgo biloba is also called EGb-761 extract. It should be a 50:1 concentrated extract. Ginkgo biloba should be taken with meals.",With or shortly after meals.,,Ginkgo biloba is the most commonly ingested herb for brain health. Reported benefits should be matched to the specific outcome studied rather than assumed broadly. Mechanism details are not clear from the public summary; review the source before applying Ginkgo Biloba clinically. Paraphrased from public Examine page extraction; educational only.,mental-health;cognition;exercise;hormones,https://examine.com/supplements/ginkgo-biloba/,Paraphrased from public Examine page extraction; educational only.
Glucosamine,Metabolic Health,Glucosamine is a supplement obtained from the shell of shellfish that may slightly delay the progression of knee osteoarthritis and collagen degradation.,Metabolic Health,"Human evidence appears limited, so treat benefits as uncertain.",Mechanism details are not clear from the public summary; review the source before applying Glucosamine clinically.,"Glucosamine sulfate is typically taken as a 500 mg dose three times a day with food.[1] The benefits of glucosamine are dose-dependent, and some studies on athletes used up to 2,000–3,000 mg a day, taken in divided doses.[2] Glucosamine sulfate salts are usually taken as a one-a-day dose of 1500 mg glucosamine.[3]",Split across the day as described in dosage notes.,,"Glucosamine is a supplement obtained from the shell of shellfish that may slightly delay the progression of knee osteoarthritis and collagen degradation. Human evidence appears limited, so treat benefits as uncertain. Mechanism details are not clear from the public summary; review the source before applying Glucosamine clinically. Check pregnancy/lactation safety before client use. Evidence appears limited; human review recommended.",metabolic-health;blood-sugar;cognition;exercise;inflammation;hormones;heart-health,https://examine.com/supplements/glucosamine/,Check pregnancy/lactation safety before client use. Evidence appears limited; human review recommended.
Glucuronolactone,Muscle Gain & Exercise,"Glucuronolactone is a molecule commonly found as a component of energy drink formulations with surprisingly minimal research on it, given its societal usage.",Muscle Gain & Exercise,Potential benefits are context-specific; review the source evidence before using Glucuronolactone in a protocol.,Mechanism details are not clear from the public summary; review the source before applying Glucuronolactone clinically.,No clear public dosage summary extracted; review source before use.,,,"Glucuronolactone is a molecule commonly found as a component of energy drink formulations with surprisingly minimal research on it, given its societal usage. Potential benefits are context-specific; review the source evidence before using Glucuronolactone in a protocol. Mechanism details are not clear from the public summary; review the source before applying Glucuronolactone clinically. Check pregnancy/lactation safety before client use.",muscle-gain-exercise;stimulant,https://examine.com/supplements/glucuronolactone/,Check pregnancy/lactation safety before client use.
Glutamate,Mental Health,"Glutamate is a neurotransmitter produced by the body that plays an important role in learning, memory, and brain development.",Mental Health,Potential benefits are context-specific; review the source evidence before using Glutamate in a protocol.,Mechanism details are not clear from the public summary; review the source before applying Glutamate clinically.,No clear public dosage summary extracted; review source before use.,,,"Glutamate is a neurotransmitter produced by the body that plays an important role in learning, memory, and brain development. Potential benefits are context-specific; review the source evidence before using Glutamate in a protocol. Mechanism details are not clear from the public summary; review the source before applying Glutamate clinically. Check pregnancy/lactation safety before client use.",mental-health;cognition,https://examine.com/supplements/glutamate/,Check pregnancy/lactation safety before client use.
Glutamine,Mental Health,"Glutamine is an amino acid that may benefit the body when it is under a period of great physical stress, such as after surgery, burns, or radiation exposure.",Mental Health,Reported benefits should be matched to the specific outcome studied rather than assumed broadly.,Mechanism details are not clear from the public summary; review the source before applying Glutamine clinically.,"Supplementation of L-glutamine tends to be dosed at 5 g or above, with higher doses being advised against due to excessive ammonia in serum. The lowest dose found to increase ammonia in serum has been 0.75 g/kg, or approximately 51 g for a 150 lb individual. Due to the relative inefficacy of glutamine supplementation for increasing muscle mass, the optimal dosage is not known.",,,"Glutamine is an amino acid that may benefit the body when it is under a period of great physical stress, such as after surgery, burns, or radiation exposure. Reported benefits should be matched to the specific outcome studied rather than assumed broadly. Mechanism details are not clear from the public summary; review the source before applying Glutamine clinically. Paraphrased from public Examine page extraction; educational only.",mental-health;stress;cognition;exercise;hormones,https://examine.com/supplements/glutamine/,Paraphrased from public Examine page extraction; educational only.
Glutathione,General Health,Glutathione is an antioxidant used by every cell and tissue in the body.,General Health,Reported benefits should be matched to the specific outcome studied rather than assumed broadly.,Glutathione is discussed in relation to oxidative-stress or inflammatory pathways.,No clear public dosage summary extracted; review source before use.,,,Glutathione is an antioxidant used by every cell and tissue in the body. Reported benefits should be matched to the specific outcome studied rather than assumed broadly. Glutathione is discussed in relation to oxidative-stress or inflammatory pathways. Paraphrased from public Examine page extraction; educational only.,general-health,https://examine.com/supplements/glutathione/,Paraphrased from public Examine page extraction; educational only.
Glycine,Mental Health,Glycine is an amino acid and neurotransmitter.,Mental Health,Potential benefits are context-specific; review the source evidence before using Glycine in a protocol.,Mechanism details are not clear from the public summary; review the source before applying Glycine clinically.,"Formulation Glycine is most often taken as a powder dissolved in liquid (water, juice, etc.) or in a capsule. Range of dosages studied Dosages of glycine used in studies have generally ranged from 3 grams to 60 grams daily, for durations of up to 4 months. Dosages above 30 grams daily have only been used in the context of schizophrenia.[1]","Daily, following dosage notes.",,Glycine is an amino acid and neurotransmitter. Potential benefits are context-specific; review the source evidence before using Glycine in a protocol. Mechanism details are not clear from the public summary; review the source before applying Glycine clinically. Paraphrased from public Examine page extraction; educational only.,mental-health;blood-sugar;sleep;cognition;exercise;hormones,https://examine.com/supplements/glycine/,Paraphrased from public Examine page extraction; educational only.
GlyNAC,Metabolic Health,GlyNAC is a term that describes co-administered glycine and N-acetylcysteine.,Metabolic Health,Potential benefits are context-specific; review the source evidence before using GlyNAC in a protocol.,GlyNAC is discussed in relation to oxidative-stress or inflammatory pathways.,"The most common dosage in the (limited) body of research is 1.33 and 0.81 mmol/kg/day (millimoles per kilogram of bodyweight per day) of glycine and cysteine (in the form of N-acetylcysteine, which is about 74% cysteine), respectively. This dosage is equivalent to about 100 and 133 mg per kilogram of body weight per day (mg/kg/day) of glycine and N-acetylcysteine, respectively.","Daily, following dosage notes.",,GlyNAC is a term that describes co-administered glycine and N-acetylcysteine. Potential benefits are context-specific; review the source evidence before using GlyNAC in a protocol. GlyNAC is discussed in relation to oxidative-stress or inflammatory pathways. Paraphrased from public Examine page extraction; educational only.,metabolic-health;blood-sugar;stress;cognition;exercise;inflammation;hormones,https://examine.com/supplements/glynac/,Paraphrased from public Examine page extraction; educational only.
Gotu Kola,Mental Health,Centella asiatica (Gotu Kola) is a traditional medicine mainly known for its cognitive-enhancing properties (usually alongside Bacopa monnieri) and its ability to regenerate wound healing; it appears to be effective on both parameters in preclinical evidence a,Mental Health,Reported benefits should be matched to the specific outcome studied rather than assumed broadly.,Gotu Kola is discussed in relation to oxidative-stress or inflammatory pathways.,"Most of the human studies (in the context of chronic venous insufficiency) on this herb have used a Centella asiatica supplement 2 to 3 times per day, and at each dose, the total saponin dose (asiatic acid, madecassic acid, asiaticoside, and madecassoside) has totalled 30 to 60 mg, given a total daily range of 60 to 180 mg of total saponins. Although there are currently no human studies on cognitive enhancement,","Daily, following dosage notes.",,Centella asiatica (Gotu Kola) is a traditional medicine mainly known for its cognitive-enhancing properties (usually alongside Bacopa monnieri) and its ability to regenerate wound healing; it appears to be effective on both parameters in preclinical evidence a Reported benefits should be matched to the specific outcome studied rather than assumed broadly. Gotu Kola is discussed in relation to oxidative-stress or inflammatory pathways. Paraphrased from public Examine page extraction;,mental-health;cognition;inflammation;heart-health,https://examine.com/supplements/gotu-kola/,Paraphrased from public Examine page extraction; educational only.
Gou-teng,Mental Health,Uncaria rhynchophylla (Gou-Teng or Chotoko) is an antiepileptic eastern medicine and major component of 'Yokukansan' for the treatment of agitation in elderly persons.,Mental Health,Reported benefits should be matched to the specific outcome studied rather than assumed broadly.,Gou-teng is discussed in relation to oxidative-stress or inflammatory pathways.,"There is currently no evidence in humans to recommend an ideal human dose, but based on the rat studies conducted noting efficacy with the water extract at 250-1,000 mg/kg oral intake a preliminary guess at the dosages would be: 2,700-11,000 mg for a 150lb person 3,600-14,500 mg for a 200lb person 4,500-18,000 mg for a 250lb person The formulation known as Yokukansan (one serving is 20.5 grams) which is given to hum",,,Uncaria rhynchophylla (Gou-Teng or Chotoko) is an antiepileptic eastern medicine and major component of 'Yokukansan' for the treatment of agitation in elderly persons. Reported benefits should be matched to the specific outcome studied rather than assumed broadly. Gou-teng is discussed in relation to oxidative-stress or inflammatory pathways. Paraphrased from public Examine page extraction; educational only.,mental-health;cognition;inflammation;heart-health,https://examine.com/supplements/gou-teng/,Paraphrased from public Examine page extraction; educational only.
Grains of Paradise,Metabolic Health,Aframomum melegueta (Grains of Paradise) is a spice with a similar composition as Ginger that belongs to the same Zingiberaceae family.,Metabolic Health,Reported benefits should be matched to the specific outcome studied rather than assumed broadly.,Mechanism details are not clear from the public summary; review the source before applying Grains of Paradise clinically.,"The only current human study used a 95%-ethanolic extract of Aframomum melegueta at 10 mg daily. There is no evidence to suggest whether this is the optimal dose, but it appears to be a low enough dose that the spice itself can be used on top of food.","Daily, following dosage notes.",,Aframomum melegueta (Grains of Paradise) is a spice with a similar composition as Ginger that belongs to the same Zingiberaceae family. Reported benefits should be matched to the specific outcome studied rather than assumed broadly. Mechanism details are not clear from the public summary; review the source before applying Grains of Paradise clinically. Paraphrased from public Examine page extraction; educational only.,metabolic-health;gut-health;hormones,https://examine.com/supplements/grains-of-paradise/,Paraphrased from public Examine page extraction; educational only.
Grape Pomace,General Health,"Grape pomace is a residue consisting of the stems, skins, and seeds of the grape berry that is left over from winemaking.",General Health,Potential benefits are context-specific; review the source evidence before using Grape Pomace in a protocol.,Grape Pomace is discussed in relation to oxidative-stress or inflammatory pathways.,No clear public dosage summary extracted; review source before use.,,,"Grape pomace is a residue consisting of the stems, skins, and seeds of the grape berry that is left over from winemaking. Potential benefits are context-specific; review the source evidence before using Grape Pomace in a protocol. Grape Pomace is discussed in relation to oxidative-stress or inflammatory pathways. Check pregnancy/lactation safety before client use.",general-health,https://examine.com/supplements/grape-pomace/,Check pregnancy/lactation safety before client use.
Grape Seed Extract,Metabolic Health,"Grape seed extract is a dietary supplement derived from the seeds of grapes, containing antioxidant compounds called proanthocyanidins.",Metabolic Health,Reported benefits should be matched to the specific outcome studied rather than assumed broadly.,Grape Seed Extract is discussed in relation to oxidative-stress or inflammatory pathways.,"Formulation: Grape seed extract is usually available in liquid extracts, tablets, or capsules. Its main active ingredient is oligomeric proanthocyanidin complexes (OPCs); some formulations may have varying amounts. Range of dosages studied: 100 to 2,100 mg per day","Daily, following dosage notes.",,"Grape seed extract is a dietary supplement derived from the seeds of grapes, containing antioxidant compounds called proanthocyanidins. Reported benefits should be matched to the specific outcome studied rather than assumed broadly. Grape Seed Extract is discussed in relation to oxidative-stress or inflammatory pathways. Paraphrased from public Examine page extraction; educational only.",metabolic-health;lipids;cognition;exercise;inflammation;hormones;heart-health,https://examine.com/supplements/grape-seed-extract/,Paraphrased from public Examine page extraction; educational only.
Green Coffee Extract,General Health,"Green coffee extract, made from unroasted coffee beans, has made small improvements in some outcomes in cardiovascular disease such as blood pressure and weight.",General Health,Reported benefits should be matched to the specific outcome studied rather than assumed broadly.,Mechanism details are not clear from the public summary; review the source before applying Green Coffee Extract clinically.,"Formulation: Green coffee extract, often approximately 30% to 60% chlorogenic acid,[1] is usually taken in capsules or as a powder mixed into boiling water.[1][2] Range of dosages studied: Green coffee extract has been given at dosages of 46 mg to 6,000 mg per day (14 mg to 1200 mg of chlorogenic acid) for 1 to 12 weeks.[1][2][3][4][5][6][7][8][9][10][11]","Daily, following dosage notes.",,"Green coffee extract, made from unroasted coffee beans, has made small improvements in some outcomes in cardiovascular disease such as blood pressure and weight. Reported benefits should be matched to the specific outcome studied rather than assumed broadly. Mechanism details are not clear from the public summary; review the source before applying Green Coffee Extract clinically. Paraphrased from public Examine page extraction; educational only.",general-health;blood-sugar;lipids;cognition;exercise;hormones;heart-health,https://examine.com/supplements/green-coffee-extract/,Paraphrased from public Examine page extraction; educational only.
Green Mandarin Extract,Gut Health,Green mandarin extract is commonly used as an essential oil because of its fruity and floral aromas.,Gut Health,Reported benefits should be matched to the specific outcome studied rather than assumed broadly.,Mechanism details are not clear from the public summary; review the source before applying Green Mandarin Extract clinically.,No clear public dosage summary extracted; review source before use.,,,Green mandarin extract is commonly used as an essential oil because of its fruity and floral aromas. Reported benefits should be matched to the specific outcome studied rather than assumed broadly. Mechanism details are not clear from the public summary; review the source before applying Green Mandarin Extract clinically. Check pregnancy/lactation safety before client use.,gut-health,https://examine.com/supplements/green-mandarin-extract/,Check pregnancy/lactation safety before client use.
Green Oat Extract,Mental Health,Green oat extract contains a high amount of antioxidants known as avenanthramides.,Mental Health,Reported benefits should be matched to the specific outcome studied rather than assumed broadly.,Green Oat Extract is discussed in relation to oxidative-stress or inflammatory pathways.,No clear public dosage summary extracted; review source before use.,,,Green oat extract contains a high amount of antioxidants known as avenanthramides. Reported benefits should be matched to the specific outcome studied rather than assumed broadly. Green Oat Extract is discussed in relation to oxidative-stress or inflammatory pathways. Check pregnancy/lactation safety before client use.,mental-health;cognition;inflammation,https://examine.com/supplements/green-oat-extract/,Check pregnancy/lactation safety before client use.
Green Tea Extract,Muscle Gain & Exercise,"Green tea extract is obtained from green tea leaves and contains high levels of flavonoids, catechins like EGCG, and often caffeine.",Muscle Gain & Exercise,Reported benefits should be matched to the specific outcome studied rather than assumed broadly.,"Green Tea Extract appears to act mainly through stimulant-like nervous-system pathways that can affect energy, alertness, or exertion.","Most doses are standardized against EGCG. Although the amount of EGCG-equivalent varies from one cup of tea to another, depending on many factors (species of tea, length of steeping, time spent oxidizing), one cup of Camellia sinensis green tea contains approximately 50 mg of EGCG-equivalent.",,,"Green tea extract is obtained from green tea leaves and contains high levels of flavonoids, catechins like EGCG, and often caffeine. Reported benefits should be matched to the specific outcome studied rather than assumed broadly. Green Tea Extract appears to act mainly through stimulant-like nervous-system pathways that can affect energy, alertness, or exertion. Paraphrased from public Examine page extraction; educational only.",muscle-gain-exercise;lipids;stress;cognition;stimulant;inflammation;hormones;heart-health,https://examine.com/supplements/green-tea-extract/,Paraphrased from public Examine page extraction; educational only.
Griffonia simplicifolia,Mental Health,Griffonia simplicifolia is an African shrub and a source of the compound 5-HTP.,Mental Health,Potential benefits are context-specific; review the source evidence before using Griffonia simplicifolia in a protocol.,Mechanism details are not clear from the public summary; review the source before applying Griffonia simplicifolia clinically.,"Further research is needed to determine the optimal human dose of Griffonia simplicifolia. The lowest effect dose for rats is 25mg/kg of bodyweight, which is about 4mg/kg of Griffonia simplicifolia extract, assuming 20% 5-HTP content.",,,Griffonia simplicifolia is an African shrub and a source of the compound 5-HTP. Potential benefits are context-specific; review the source evidence before using Griffonia simplicifolia in a protocol. Mechanism details are not clear from the public summary; review the source before applying Griffonia simplicifolia clinically. Paraphrased from public Examine page extraction; educational only.,mental-health;hormones,https://examine.com/supplements/griffonia-simplicifolia/,Paraphrased from public Examine page extraction; educational only.
Guarana,Muscle Gain & Exercise,"Paullinia cupana, also known as guarana, is a seed that contains more caffeine than coffee beans.",Muscle Gain & Exercise,Potential benefits are context-specific; review the source evidence before using Guarana in a protocol.,"Guarana appears to act mainly through stimulant-like nervous-system pathways that can affect energy, alertness, or exertion.","To supplement guarana, take 50 – 75mg once a day, before noon. Two divided dose of 50 mg (once after waking up and once shortly after noon) can also be used, for a total daily dose of 100 mg. Further study is needed to determine the optimal guarana dose. Guarana is not recommended to be used at night because it contains caffeine and has other stimulatory properties.",With or shortly after meals.,,"Paullinia cupana, also known as guarana, is a seed that contains more caffeine than coffee beans. Potential benefits are context-specific; review the source evidence before using Guarana in a protocol. Guarana appears to act mainly through stimulant-like nervous-system pathways that can affect energy, alertness, or exertion. Paraphrased from public Examine page extraction; educational only.",muscle-gain-exercise;cognition;stimulant;hormones,https://examine.com/supplements/guarana/,Paraphrased from public Examine page extraction; educational only.
Guduchi,Metabolic Health,"Tinospora cordifolia, also known as Guduchi or Amrita, is an immune system boosting herb that can potently reduce the symptoms of allergic rhinitis.",Metabolic Health,Reported benefits should be matched to the specific outcome studied rather than assumed broadly.,Guduchi is discussed in relation to oxidative-stress or inflammatory pathways.,"To supplement Tinospora cordifolia, take 1g of a 5% bitters water extract of the stem. The standard dose is 300mg, taken three times a day. To supplement Amrita Ghrita (Tinospora cordifolia with ghee and ginger), take 10 – 15 g, once a day. This is the traditional Ayurveda dosage. Tinospora cordifolia should be taken with a meal.",With or shortly after meals.,,"Tinospora cordifolia, also known as Guduchi or Amrita, is an immune system boosting herb that can potently reduce the symptoms of allergic rhinitis. Reported benefits should be matched to the specific outcome studied rather than assumed broadly. Guduchi is discussed in relation to oxidative-stress or inflammatory pathways. Paraphrased from public Examine page extraction; educational only.",metabolic-health;blood-sugar;inflammation,https://examine.com/supplements/guduchi/,Paraphrased from public Examine page extraction; educational only.
Guggul,Metabolic Health,"Guggul is a product of the Guggul tree, Commiphora mukul.",Metabolic Health,Reported benefits should be matched to the specific outcome studied rather than assumed broadly.,Guggul is discussed in relation to oxidative-stress or inflammatory pathways.,"A standard dose of guggul (plant extract) is 400-500mg taken thrice daily with meals, totaling 1,200-1,500mg daily (although doses up to 2,000mg have been used before) If using the guggulsterones in isolation, a dose of 25mg taken thrice a day with meals is used. Sometimes 'gum guggul' is used in doses of 2-4.5g a day (total),",With or shortly after meals.,,"Guggul is a product of the Guggul tree, Commiphora mukul. Reported benefits should be matched to the specific outcome studied rather than assumed broadly. Guggul is discussed in relation to oxidative-stress or inflammatory pathways. Paraphrased from public Examine page extraction; educational only.",metabolic-health;lipids;cognition;inflammation;hormones,https://examine.com/supplements/guggul/,Paraphrased from public Examine page extraction; educational only.
Gymnema sylvestre,Metabolic Health,Gymnema sylvestre (GS) is a plant in the Gymnema genus of the Asclepiadaceae family.,Metabolic Health,Potential benefits are context-specific; review the source evidence before using Gymnema sylvestre in a protocol.,"Gymnema sylvestre may affect metabolic signaling, glucose handling, or lipid-related pathways.","Dosages used in research range from 400 mg per day up to 10 grams per day. The most frequent recommendation from manufacturers of GS supplements is to take a 100 mg tablet 3 to 4 times daily. Although this dosage is likely to be safe for most people, an evidence-based dosage has not yet been established.[1]","Daily, following dosage notes.",,"Gymnema sylvestre (GS) is a plant in the Gymnema genus of the Asclepiadaceae family. Potential benefits are context-specific; review the source evidence before using Gymnema sylvestre in a protocol. Gymnema sylvestre may affect metabolic signaling, glucose handling, or lipid-related pathways. Paraphrased from public Examine page extraction; educational only.",metabolic-health;blood-sugar;lipids;cognition;exercise;hormones;heart-health,https://examine.com/supplements/gymnema-sylvestre/,Paraphrased from public Examine page extraction; educational only.
Haninjin,Immune & Inflammation,"Artemisia iwayomogi (Haninjin) has limited traditional use, but as of late is being investigated for anti-cancer properties.",Immune & Inflammation,Reported benefits should be matched to the specific outcome studied rather than assumed broadly.,Mechanism details are not clear from the public summary; review the source before applying Haninjin clinically.,"There is insufficient evidence for a recommended dose for human consumption of Artemisia iwayomogi, although rat stdies have used 200 mg/kg of a 95% ethanolic extract for bioactivities. Assuming this dose, the estimated human doses are 32 mg/kg,",,,"Artemisia iwayomogi (Haninjin) has limited traditional use, but as of late is being investigated for anti-cancer properties. Reported benefits should be matched to the specific outcome studied rather than assumed broadly. Mechanism details are not clear from the public summary; review the source before applying Haninjin clinically. Paraphrased from public Examine page extraction; educational only.",immune-inflammation;cognition;exercise;hormones,https://examine.com/supplements/haninjin/,Paraphrased from public Examine page extraction; educational only.
Hederagenin,General Health,"Hederagenin is a triterpenoid saponin similar to ones like ursolic acid, and is found in high levels in foods such as quinoa.",General Health,Potential benefits are context-specific; review the source evidence before using Hederagenin in a protocol.,Mechanism details are not clear from the public summary; review the source before applying Hederagenin clinically.,No clear public dosage summary extracted; review source before use.,,,"Hederagenin is a triterpenoid saponin similar to ones like ursolic acid, and is found in high levels in foods such as quinoa. Potential benefits are context-specific; review the source evidence before using Hederagenin in a protocol. Mechanism details are not clear from the public summary; review the source before applying Hederagenin clinically. Check pregnancy/lactation safety before client use.",general-health,https://examine.com/supplements/hederagenin/,Check pregnancy/lactation safety before client use.
Hemp Protein,General Health,"Hemp is a food product derived from the same plant of which Marijuana originates from, but without intoxicating components; the protein fragment appears to be a popular meal replacement supplement but is not yet linked to unique properties (relative to other P",General Health,Reported benefits should be matched to the specific outcome studied rather than assumed broadly.,Mechanism details are not clear from the public summary; review the source before applying Hemp Protein clinically.,"Like any protein supplement, hemp protein supplements are dosed in relation to dietary protein goals and how much dietary protein is consumed via other sources. Protein goals vary from person to person, but a general guide is: If you are an athlete or highly active person currently attempting to lose body fat while preserving lean muscle mass,",,,"Hemp is a food product derived from the same plant of which Marijuana originates from, but without intoxicating components; the protein fragment appears to be a popular meal replacement supplement but is not yet linked to unique properties (relative to other P Reported benefits should be matched to the specific outcome studied rather than assumed broadly. Mechanism details are not clear from the public summary; review the source before applying Hemp Protein clinically.",general-health;exercise,https://examine.com/supplements/hemp-protein/,Paraphrased from public Examine page extraction; educational only.
Hesperidin,Metabolic Health,"Hesperidin, found abundantly in orange peels and various citrus fruits, exhibits promising potential in reducing risk factors associated with cardiovascular disease, such as triglycerides and total cholesterol.",Metabolic Health,Reported benefits should be matched to the specific outcome studied rather than assumed broadly.,Hesperidin is discussed in relation to oxidative-stress or inflammatory pathways.,"Most studies tend to use 500 mg or more of supplemental hesperidin, and use the standard form of hesperidin if taking it as a daily preventative.[1] For the prevention of muscle soreness associated with delayed onset muscle soreness (DOMS), a daily dosage of 500 mg of hesperidin methyl chalcone (HMC) for 3 days prior to intensive anaerobic exercise has shown positive outcomes.","Daily, following dosage notes.",,"Hesperidin, found abundantly in orange peels and various citrus fruits, exhibits promising potential in reducing risk factors associated with cardiovascular disease, such as triglycerides and total cholesterol. Reported benefits should be matched to the specific outcome studied rather than assumed broadly. Hesperidin is discussed in relation to oxidative-stress or inflammatory pathways. Check pregnancy/lactation safety before client use.",metabolic-health;lipids;exercise;inflammation;heart-health,https://examine.com/supplements/hesperidin/,Check pregnancy/lactation safety before client use.
Hibiscus macranthus,General Health,"Hibiscus Macranthus is a herb commonly used alongside the herb Basella Alba in order to promote male fertility and increase testosterone, and this combination therapy has shown benefits in at least one rat study; overall, understudied.",General Health,Reported benefits should be matched to the specific outcome studied rather than assumed broadly.,Mechanism details are not clear from the public summary; review the source before applying Hibiscus macranthus clinically.,There is insufficient evidence to recommend a supplemental dose of hibiscus macranthus at this moment in time.,,,"Hibiscus Macranthus is a herb commonly used alongside the herb Basella Alba in order to promote male fertility and increase testosterone, and this combination therapy has shown benefits in at least one rat study; overall, understudied. Reported benefits should be matched to the specific outcome studied rather than assumed broadly. Mechanism details are not clear from the public summary; review the source before applying Hibiscus macranthus clinically.",general-health;cognition;exercise;hormones,https://examine.com/supplements/hibiscus-macranthus/,Check pregnancy/lactation safety before client use.
Roselle,Metabolic Health,Hibiscus Sabdariffa (Roselle or Sour Tea) is a tea where the usually dark colored flowers are used to brew.,Metabolic Health,"Human evidence appears limited, so treat benefits as uncertain.","Roselle may affect metabolic signaling, glucose handling, or lipid-related pathways.","When using Hibiscus Sabdariffa as a tea, a dried calyx (the part of the blooming top of a flower that is not the petals, but beneath them) weighing about a gram is steeped into tea; drunk either once in the morning or twice a day with 8 hours between doses. Supplemental Hibiscus Sabdariffa is taken according to the content of anthocyanins;","Daily, following dosage notes.",,"Hibiscus Sabdariffa (Roselle or Sour Tea) is a tea where the usually dark colored flowers are used to brew. Human evidence appears limited, so treat benefits as uncertain. Roselle may affect metabolic signaling, glucose handling, or lipid-related pathways. Check pregnancy/lactation safety before client use. Evidence appears limited; human review recommended.",metabolic-health;blood-sugar;hormones;heart-health;experimental,https://examine.com/supplements/hibiscus-sabdariffa/,Check pregnancy/lactation safety before client use. Evidence appears limited; human review recommended.
Higenamine,General Health,Higenamine (Norcoclaurine) is part of the Nandina plant that has traditionally been used as an anti-asthmatic and is currently used as a fat burner due to sharing similar mechanisms to ephedrine; limited evidence on these claims.,General Health,"Human evidence appears limited, so treat benefits as uncertain.","Higenamine appears to act mainly through stimulant-like nervous-system pathways that can affect energy, alertness, or exertion.","Higenamine tends to be dosed in similar levels as synephrine or ephedrine, meaning a dose of 20-30mg taken 2-3 times daily. There is currently no evidence to support this as an optimal dose.","Daily, following dosage notes.",,"Higenamine (Norcoclaurine) is part of the Nandina plant that has traditionally been used as an anti-asthmatic and is currently used as a fat burner due to sharing similar mechanisms to ephedrine; limited evidence on these claims. Human evidence appears limited, so treat benefits as uncertain. Higenamine appears to act mainly through stimulant-like nervous-system pathways that can affect energy, alertness, or exertion. Evidence appears limited; human review recommended.",general-health;cognition;inflammation;hormones;experimental,https://examine.com/supplements/higenamine/,Evidence appears limited; human review recommended.
Histidine,General Health,Histidine is one of the nine essential amino acids humans must get from their diets.,General Health,Potential benefits are context-specific; review the source evidence before using Histidine in a protocol.,Mechanism details are not clear from the public summary; review the source before applying Histidine clinically.,No clear public dosage summary extracted; review source before use.,,,Histidine is one of the nine essential amino acids humans must get from their diets. Potential benefits are context-specific; review the source evidence before using Histidine in a protocol. Mechanism details are not clear from the public summary; review the source before applying Histidine clinically. Check pregnancy/lactation safety before client use.,general-health,https://examine.com/supplements/histidine/,Check pregnancy/lactation safety before client use.
HMB,Muscle Gain & Exercise,HMB is a metabolite of the essential amino acid leucine that plays an anticatabolic role in muscle tissue.,Muscle Gain & Exercise,Reported benefits should be matched to the specific outcome studied rather than assumed broadly.,"HMB may affect metabolic signaling, glucose handling, or lipid-related pathways.","Supplementation of HMB tends to be in the dosage range of 1–3 grams daily for the purpose of reducing muscle mass losses over time (anticatabolic). As HMB is said to be 20-fold more potent than leucine for this purpose, it is seen as equivalent to 20–60g of leucine supplementation.[1] HMB, a water-soluble metabolite of leucine, is excreted in the urine and is not reabsorbed by the kidneys back into the bloodstream.","Daily, following dosage notes.",,"HMB is a metabolite of the essential amino acid leucine that plays an anticatabolic role in muscle tissue. Reported benefits should be matched to the specific outcome studied rather than assumed broadly. HMB may affect metabolic signaling, glucose handling, or lipid-related pathways. Check pregnancy/lactation safety before client use.",muscle-gain-exercise;lipids;exercise;heart-health,https://examine.com/supplements/hmb/,Check pregnancy/lactation safety before client use.
Hordenine,Muscle Gain & Exercise,"Hordenine (N,N-dimethyltyramine) is an adrenergic-like compound found in a variety of foods investigated for its fat-burning effects.",Muscle Gain & Exercise,Reported benefits should be matched to the specific outcome studied rather than assumed broadly.,"Hordenine appears to act mainly through stimulant-like nervous-system pathways that can affect energy, alertness, or exertion.",There is currently insufficient evidence to recommend an oral dose of hordenine supplementation for human consumption.,,,"Hordenine (N,N-dimethyltyramine) is an adrenergic-like compound found in a variety of foods investigated for its fat-burning effects. Reported benefits should be matched to the specific outcome studied rather than assumed broadly. Hordenine appears to act mainly through stimulant-like nervous-system pathways that can affect energy, alertness, or exertion. Paraphrased from public Examine page extraction; educational only.",muscle-gain-exercise;cognition;exercise;stimulant;hormones,https://examine.com/supplements/hordenine/,Paraphrased from public Examine page extraction; educational only.
Horny Goat Weed,Mental Health,"Horny goat weed, scientifically known as Epimedium, is a plant used in traditional Chinese medicine.",Mental Health,Potential benefits are context-specific; review the source evidence before using Horny Goat Weed in a protocol.,Mechanism details are not clear from the public summary; review the source before applying Horny Goat Weed clinically.,"Testosterone boosting effects in rats have been noted at a dosage of 200mg/kg of a 40% extract (80mg/kg Icariin), and based on body weight conversions from rats to humans[1] this results in an estimated human dose of: 900mg Icariin for a 150lb person 1,200mg Icariin for a 200lb person 1,500mg Icariin for a 250lb person Studies that use a lower dosage of Icariin (1-10mg/kg) are approximately equal to: 11-110mg Icarii",,,"Horny goat weed, scientifically known as Epimedium, is a plant used in traditional Chinese medicine. Potential benefits are context-specific; review the source evidence before using Horny Goat Weed in a protocol. Mechanism details are not clear from the public summary; review the source before applying Horny Goat Weed clinically. Paraphrased from public Examine page extraction; educational only.",mental-health;cognition;hormones;heart-health,https://examine.com/supplements/horny-goat-weed/,Paraphrased from public Examine page extraction; educational only.
Horse Chestnut,General Health,Horse chestnut (Aesculus hippocastanum) extract is a traditional botanical remedy derived from the seeds of a tree native to the Balkan peninsula.,General Health,Potential benefits are context-specific; review the source evidence before using Horse Chestnut in a protocol.,Mechanism details are not clear from the public summary; review the source before applying Horse Chestnut clinically.,"Formulation: Horse chestnut is commonly available as a standardized seed extract in the form of capsules, tablets, topical creams/gels, and liquid extracts. Most of the evidence supports using oral capsule formulations containing 16% to 20% of aescin (its main active ingredient). Range of dosages studied: 50 to 150 mg",,,Horse chestnut (Aesculus hippocastanum) extract is a traditional botanical remedy derived from the seeds of a tree native to the Balkan peninsula. Potential benefits are context-specific; review the source evidence before using Horse Chestnut in a protocol. Mechanism details are not clear from the public summary; review the source before applying Horse Chestnut clinically. Paraphrased from public Examine page extraction; educational only.,general-health;cognition;exercise;hormones,https://examine.com/supplements/horse-chestnut/,Paraphrased from public Examine page extraction; educational only.
Huperzine A,Muscle Gain & Exercise,"Huperzine-A is a cognitive enhancer that inhibits an enzyme that degrades the learning neurotransmitter, acetylcholine; due to this, a relative increase occurs.",Muscle Gain & Exercise,Reported benefits should be matched to the specific outcome studied rather than assumed broadly.,Huperzine A may influence choline availability and acetylcholine-related signaling.,"Supplementation of huperzine-A tends to be in the range of 50-200mcg daily, and while this can be divided into multiple dosages throughout the day it tends to be taken at a single dose. Supplementation of huperzine-A does not require food to be coingested with it and can be taken in a fasted state.",Split across the day as described in dosage notes.,,"Huperzine-A is a cognitive enhancer that inhibits an enzyme that degrades the learning neurotransmitter, acetylcholine; due to this, a relative increase occurs. Reported benefits should be matched to the specific outcome studied rather than assumed broadly. Huperzine A may influence choline availability and acetylcholine-related signaling. Paraphrased from public Examine page extraction; educational only.",muscle-gain-exercise;cognition;exercise;hormones,https://examine.com/supplements/huperzine-a/,Paraphrased from public Examine page extraction; educational only.
Hyaluronic Acid,General Health,"Hyaluronic acid (HA) is a large polysaccharide that is found naturally throughout the body and in high concentrations in the skin, the joint fluid, and the eye.",General Health,Potential benefits are context-specific; review the source evidence before using Hyaluronic Acid in a protocol.,"Hyaluronic Acid is being investigated for tissue-signaling and repair pathways, but human mechanisms remain uncertain.","For oral supplementation, the recommended dosage is 120 mg per day, with supplements usually available in either 60 mg or 120 mg tablets.[1] For dry eye treatments, drops are usually available in 0.3% solutions, although they may be effective from as low as 0.1%.[2] Topical creams and serums range from 0.1% to 0.3% HA concentrations, and will contain a mixture of high- and low-molecular-weight HA.[3]","Daily, following dosage notes.",,"Hyaluronic acid (HA) is a large polysaccharide that is found naturally throughout the body and in high concentrations in the skin, the joint fluid, and the eye. Potential benefits are context-specific; review the source evidence before using Hyaluronic Acid in a protocol. Hyaluronic Acid is being investigated for tissue-signaling and repair pathways, but human mechanisms remain uncertain. Paraphrased from public Examine page extraction; educational only.",general-health;cognition;exercise;hormones,https://examine.com/supplements/hyaluronic-acid/,Paraphrased from public Examine page extraction; educational only.
Hydroxyapatite,General Health,Hydroxyapatite is a calcium-phosphate compound which makes up the hard structural part of bones and teeth.,General Health,Potential benefits are context-specific; review the source evidence before using Hydroxyapatite in a protocol.,Mechanism details are not clear from the public summary; review the source before applying Hydroxyapatite clinically.,"In dietary supplements, ossein-hydroxyapatite and microcrystalline hydroxyapatite contain about 20-25% of elemental calcium by weight. Typical dosage of ossein-hydroxyapatite is two 830 mg tablets twice daily; each tablet contains 178 mg elemental calcium, for a daily total of 712 mg elemental calcium.[1] A typical dose of microcrystalline hydroxyapatite compound is eight 500 mg capsules;","Daily, following dosage notes.",,Hydroxyapatite is a calcium-phosphate compound which makes up the hard structural part of bones and teeth. Potential benefits are context-specific; review the source evidence before using Hydroxyapatite in a protocol. Mechanism details are not clear from the public summary; review the source before applying Hydroxyapatite clinically. Paraphrased from public Examine page extraction; educational only.,general-health;cognition;exercise;hormones,https://examine.com/supplements/hydroxyapatite/,Paraphrased from public Examine page extraction; educational only.
Idebenone,Immune & Inflammation,Idebenone (CV-2619) is a synthetic derivative of CoQ10 that appears to retain the antioxidative and bioenergetic effects of its parent compound.,Immune & Inflammation,Potential benefits are context-specific; review the source evidence before using Idebenone in a protocol.,Idebenone is discussed in relation to oxidative-stress or inflammatory pathways.,No clear public dosage summary extracted; review source before use.,,,Idebenone (CV-2619) is a synthetic derivative of CoQ10 that appears to retain the antioxidative and bioenergetic effects of its parent compound. Potential benefits are context-specific; review the source evidence before using Idebenone in a protocol. Idebenone is discussed in relation to oxidative-stress or inflammatory pathways. Check pregnancy/lactation safety before client use.,immune-inflammation;inflammation,https://examine.com/supplements/idebenone/,Check pregnancy/lactation safety before client use.
Inositol,Metabolic Health,Inositol is a naturally occurring sugar alcohol involved in cellular signalling.,Metabolic Health,Reported benefits should be matched to the specific outcome studied rather than assumed broadly.,"Inositol may affect metabolic signaling, glucose handling, or lipid-related pathways.","Formulation Most inositol supplements contain myo-inositol, which is also the most studied form. Some supplements also contain a combination of myo-inositol and D–chiro-inositol or D–chiro-inositol alone. Dosage forms for oral use include capsules and powders. Range of dosages studied Inositol has been studied at dosages ranging from 28 mg to 18,000 mg (18 grams) daily.","Daily, following dosage notes.",,"Inositol is a naturally occurring sugar alcohol involved in cellular signalling. Reported benefits should be matched to the specific outcome studied rather than assumed broadly. Inositol may affect metabolic signaling, glucose handling, or lipid-related pathways. Check pregnancy/lactation safety before client use.",metabolic-health;blood-sugar;cognition;exercise;hormones,https://examine.com/supplements/inositol/,Check pregnancy/lactation safety before client use.
Insect Protein,General Health,"Insect protein is protein powder made from edible insects, including grasshoppers, crickets, and mealworms.",General Health,Potential benefits are context-specific; review the source evidence before using Insect Protein in a protocol.,Mechanism details are not clear from the public summary; review the source before applying Insect Protein clinically.,No clear public dosage summary extracted; review source before use.,,,"Insect protein is protein powder made from edible insects, including grasshoppers, crickets, and mealworms. Potential benefits are context-specific; review the source evidence before using Insect Protein in a protocol. Mechanism details are not clear from the public summary; review the source before applying Insect Protein clinically. Check pregnancy/lactation safety before client use.",general-health,https://examine.com/supplements/insect-protein/,Check pregnancy/lactation safety before client use.
Inulin,Gut Health,"Inulin is a type of soluble fiber that can be taken as a supplement or found naturally in foods (e.g., Jerusalem artichokes, chicory, asparagus, garlic, onions, wheat, bananas).",Gut Health,Reported benefits should be matched to the specific outcome studied rather than assumed broadly.,Inulin may act through gut-microbiome or digestive pathways.,No clear public dosage summary extracted; review source before use.,,,"Inulin is a type of soluble fiber that can be taken as a supplement or found naturally in foods (e.g., Jerusalem artichokes, chicory, asparagus, garlic, onions, wheat, bananas). Reported benefits should be matched to the specific outcome studied rather than assumed broadly. Inulin may act through gut-microbiome or digestive pathways. Check pregnancy/lactation safety before client use.",gut-health;blood-sugar;lipids,https://examine.com/supplements/inulin/,Check pregnancy/lactation safety before client use.
Inulin-Type Fructans,General Health,Inulin-type fructans (ITFs) are a group of naturally occurring polysaccharides that have prebiotic properties.,General Health,Potential benefits are context-specific; review the source evidence before using Inulin-Type Fructans in a protocol.,Mechanism details are not clear from the public summary; review the source before applying Inulin-Type Fructans clinically.,No clear public dosage summary extracted; review source before use.,,,Inulin-type fructans (ITFs) are a group of naturally occurring polysaccharides that have prebiotic properties. Potential benefits are context-specific; review the source evidence before using Inulin-Type Fructans in a protocol. Mechanism details are not clear from the public summary; review the source before applying Inulin-Type Fructans clinically. Check pregnancy/lactation safety before client use.,general-health,https://examine.com/supplements/inulin-type-fructans/,Check pregnancy/lactation safety before client use.
Iodine,Mental Health,Iodine is an essential trace mineral used for thyroid hormone synthesis.,Mental Health,Potential benefits are context-specific; review the source evidence before using Iodine in a protocol.,Iodine likely works by correcting or supporting nutrient-dependent physiological processes.,"Formulation Iodine can be taken orally as tablets, capsules, or liquid drops. Studied formulations include potassium iodide, potassium iodate, molecular iodine (I2), sodium iodide (iodized salt), or iodized oil. Potassium iodide is the most common form found in supplements. Range of dosages studied Studies have given iodine in dosages ranging from 50 µg to 300 µg taken once daily for up to 18 months.","Daily, following dosage notes.",,Iodine is an essential trace mineral used for thyroid hormone synthesis. Potential benefits are context-specific; review the source evidence before using Iodine in a protocol. Iodine likely works by correcting or supporting nutrient-dependent physiological processes. Paraphrased from public Examine page extraction; educational only.,mental-health;cognition;hormones,https://examine.com/supplements/iodine/,Paraphrased from public Examine page extraction; educational only.
IP6,General Health,"Insositol hexaphosphate (IP6) is naturally found in cereals, where it is also referred to as phytic acid.",General Health,Reported benefits should be matched to the specific outcome studied rather than assumed broadly.,Mechanism details are not clear from the public summary; review the source before applying IP6 clinically.,No clear public dosage summary extracted; review source before use.,,,"Insositol hexaphosphate (IP6) is naturally found in cereals, where it is also referred to as phytic acid. Reported benefits should be matched to the specific outcome studied rather than assumed broadly. Mechanism details are not clear from the public summary; review the source before applying IP6 clinically. Check pregnancy/lactation safety before client use.",general-health,https://examine.com/supplements/ip6/,Check pregnancy/lactation safety before client use.
Iron,Mental Health,Iron is an essential mineral best known for helping red blood cells to carry oxygen.,Mental Health,Reported benefits should be matched to the specific outcome studied rather than assumed broadly.,Iron is discussed in relation to oxidative-stress or inflammatory pathways.,"Formulation Iron is available orally as a tablet, capsule, or liquid in various chemical forms including the following:[1] Iron salts (e.g., ferrous gluconate, ferrous sulfate, ferrous fumarate) Iron-amino acid chelates (e.g., ferrous bisglycinate) Iron-polysaccharide complexes Heme-iron polypeptides Liposomal iron Lipophilic iron chelates (e.g.,",,,Iron is an essential mineral best known for helping red blood cells to carry oxygen. Reported benefits should be matched to the specific outcome studied rather than assumed broadly. Iron is discussed in relation to oxidative-stress or inflammatory pathways. Check pregnancy/lactation safety before client use.,mental-health;stress;inflammation;heart-health,https://examine.com/supplements/iron/,Check pregnancy/lactation safety before client use.
Isoleucine,Muscle Gain & Exercise,Isoleucine is one of the three branched-chain amino acids (BCAAs).,Muscle Gain & Exercise,Reported benefits should be matched to the specific outcome studied rather than assumed broadly.,Mechanism details are not clear from the public summary; review the source before applying Isoleucine clinically.,"The recommended daily allowance (RDA) of isoleucine established by the Institute of Medicine is 19 mg of isoleucine per kilogram of bodyweight (mg/kg) daily. This is the average amount of isoleucine that meets the nutritional requirements of most people.[1] Isoleucine can be supplemented individually, but it is more commonly taken as part of a BCAA or complete protein supplement (e.g., whey protein, soy protein).","Daily, following dosage notes.",,Isoleucine is one of the three branched-chain amino acids (BCAAs). Reported benefits should be matched to the specific outcome studied rather than assumed broadly. Mechanism details are not clear from the public summary; review the source before applying Isoleucine clinically. Paraphrased from public Examine page extraction; educational only.,muscle-gain-exercise;blood-sugar;exercise;hormones,https://examine.com/supplements/isoleucine/,Paraphrased from public Examine page extraction; educational only.
Japanese Catnip,Immune & Inflammation,Schizonepeta tenuifolia (Japanese catnip) is a medicinal herb from China and Korea that appears to be selectively anti-inflammatory (to a moderate degree) and may suppress allergic responses.,Immune & Inflammation,Reported benefits should be matched to the specific outcome studied rather than assumed broadly.,Japanese Catnip is discussed in relation to oxidative-stress or inflammatory pathways.,"The traditional use of Japanese catnip for fighting colds and reducing skin eruptions involved taking 3 to 10 grams of a decoction. There are no human studies to confirm whether this is the optimal dose range,",,,Schizonepeta tenuifolia (Japanese catnip) is a medicinal herb from China and Korea that appears to be selectively anti-inflammatory (to a moderate degree) and may suppress allergic responses. Reported benefits should be matched to the specific outcome studied rather than assumed broadly. Japanese Catnip is discussed in relation to oxidative-stress or inflammatory pathways. Paraphrased from public Examine page extraction; educational only.,immune-inflammation;inflammation;hormones,https://examine.com/supplements/japanese-catnip/,Paraphrased from public Examine page extraction; educational only.
Japanese Knotweed,General Health,"Japanese Knotweed, or Polygonum cuspidatum, is a Traditional Chinese Medicine used for circulation and heart health.",General Health,Reported benefits should be matched to the specific outcome studied rather than assumed broadly.,Mechanism details are not clear from the public summary; review the source before applying Japanese Knotweed clinically.,"The only current human study used Japanese Knotweed at 200mg daily and standardized to 40mg Resveratrol which was effective. Although there are other bioactives in Japanese Knotweed, it may be prudent to dose it in accordance to the dosing guidelines on the resveratrol page.","Daily, following dosage notes.",,"Japanese Knotweed, or Polygonum cuspidatum, is a Traditional Chinese Medicine used for circulation and heart health. Reported benefits should be matched to the specific outcome studied rather than assumed broadly. Mechanism details are not clear from the public summary; review the source before applying Japanese Knotweed clinically. Paraphrased from public Examine page extraction; educational only.",general-health;hormones;heart-health,https://examine.com/supplements/japanese-knotweed/,Paraphrased from public Examine page extraction; educational only.
Japanese Raisin Tree,General Health,Hovenia dulcis (Japanese raisin tree) is a source of dihydromyricetin (ampelopsin) and has traditionally been used as an anti-alcohol herb and hangover cure.,General Health,Reported benefits should be matched to the specific outcome studied rather than assumed broadly.,Mechanism details are not clear from the public summary; review the source before applying Japanese Raisin Tree clinically.,"An ethanolic extract of 125 mg per kilogram of body weight has been used with efficacy in rats, which translates to the following estimated human doses: 1,400 mg for a 150 lb person 1,800 mg for a 200 lb person 2,300 mg for a 250 lb person These are estimated human doses based on rat studies, and it is uncertain whether they are the optimal dosage or not.",,,Hovenia dulcis (Japanese raisin tree) is a source of dihydromyricetin (ampelopsin) and has traditionally been used as an anti-alcohol herb and hangover cure. Reported benefits should be matched to the specific outcome studied rather than assumed broadly. Mechanism details are not clear from the public summary; review the source before applying Japanese Raisin Tree clinically. Check pregnancy/lactation safety before client use.,general-health;cognition;exercise;hormones,https://examine.com/supplements/japanese-raisin-tree/,Check pregnancy/lactation safety before client use.
Jiaogulan,Mental Health,Gynostemma pentaphyllum (Southern Ginseng) is a herb given Ginseng status although not related to Panax Ginseng.,Mental Health,Reported benefits should be matched to the specific outcome studied rather than assumed broadly.,Jiaogulan is discussed in relation to oxidative-stress or inflammatory pathways.,"Although not too many trials have been conducted, the two studies noting that Gynostemma Pentaphyllum could be useful to help diabetes used 6g of the leaves (dry weight) and made tea from that. The leaves themselves are a good source of both classes of active ingredients (the saponins, of which Gypenosides are a subset, and the flavonoids), and this is currently the best known dosage to use. Alternatively,",,,Gynostemma pentaphyllum (Southern Ginseng) is a herb given Ginseng status although not related to Panax Ginseng. Reported benefits should be matched to the specific outcome studied rather than assumed broadly. Jiaogulan is discussed in relation to oxidative-stress or inflammatory pathways. Paraphrased from public Examine page extraction; educational only.,mental-health;blood-sugar;stress;cognition;inflammation,https://examine.com/supplements/jiaogulan/,Paraphrased from public Examine page extraction; educational only.
Jojoba,General Health,Simmondsia chinensis (Jojoba) is a commonly used skin health supplement that may have appetite suppressing effects.,General Health,Potential benefits are context-specific; review the source evidence before using Jojoba in a protocol.,Mechanism details are not clear from the public summary; review the source before applying Jojoba clinically.,No clear public dosage summary extracted; review source before use.,,,Simmondsia chinensis (Jojoba) is a commonly used skin health supplement that may have appetite suppressing effects. Potential benefits are context-specific; review the source evidence before using Jojoba in a protocol. Mechanism details are not clear from the public summary; review the source before applying Jojoba clinically. Check pregnancy/lactation safety before client use.,general-health,https://examine.com/supplements/jojoba/,Check pregnancy/lactation safety before client use.
Jujube,Mental Health,"Ziziphus Jujuba (Chinese/Korean Date, Jujube) is a plant which bears fruits and seeds that are used for medicinal purposes in Traditional Chinese Medicine.",Mental Health,Reported benefits should be matched to the specific outcome studied rather than assumed broadly.,Mechanism details are not clear from the public summary; review the source before applying Jujube clinically.,"Traditional usage of Jujube is taking 50g of the fruits (20 individual 2-2.5cm diameter fruits) and doing a hot water extract, either a soup of a beverage. There currently is not enough evidence in humans to establish an effective oral dose of Zizyphus Jujube supplements but estimating from animal studies finding benefits with 500mg/kg for anxiety reduction,",,,"Ziziphus Jujuba (Chinese/Korean Date, Jujube) is a plant which bears fruits and seeds that are used for medicinal purposes in Traditional Chinese Medicine. Reported benefits should be matched to the specific outcome studied rather than assumed broadly. Mechanism details are not clear from the public summary; review the source before applying Jujube clinically. Paraphrased from public Examine page extraction; educational only.",mental-health;gut-health;hormones,https://examine.com/supplements/jujube/,Paraphrased from public Examine page extraction; educational only.
Kaempferol,General Health,"Kaempferol is one of the bioflavonoids that is present in high levels in cruciferous vegetables, and may mediate some of the bioactivities of these plants.",General Health,Potential benefits are context-specific; review the source evidence before using Kaempferol in a protocol.,Mechanism details are not clear from the public summary; review the source before applying Kaempferol clinically.,No clear public dosage summary extracted; review source before use.,,,"Kaempferol is one of the bioflavonoids that is present in high levels in cruciferous vegetables, and may mediate some of the bioactivities of these plants. Potential benefits are context-specific; review the source evidence before using Kaempferol in a protocol. Mechanism details are not clear from the public summary; review the source before applying Kaempferol clinically. Check pregnancy/lactation safety before client use.",general-health,https://examine.com/supplements/kaempferol/,Check pregnancy/lactation safety before client use.
Kanna,Mental Health,"Kanna comes from a herb called Sceletium tortuosum, and it is used traditionally to treat fatigue, stress, and sleeplessness.",Mental Health,Reported benefits should be matched to the specific outcome studied rather than assumed broadly.,Mechanism details are not clear from the public summary; review the source before applying Kanna clinically.,Currently studies using kanna have used the brand name Zembrin at doses of 8 to25 mg prior to cognitive testing. This brand name is a 2:1 concentration of kanna based on dry weight and is considered equivalent to 16 to 50 mg of the dry weight of the plant itself. Kanna has been studied as oral administration (capsules) but traditionally the leaves have been chewed and saliva swallowed for similar effects.,,,"Kanna comes from a herb called Sceletium tortuosum, and it is used traditionally to treat fatigue, stress, and sleeplessness. Reported benefits should be matched to the specific outcome studied rather than assumed broadly. Mechanism details are not clear from the public summary; review the source before applying Kanna clinically. Paraphrased from public Examine page extraction; educational only.",mental-health;stress;sleep;cognition;exercise;hormones,https://examine.com/supplements/kanna/,Paraphrased from public Examine page extraction; educational only.
Kava,Mental Health,"Kava (Piper methysticum) is a plant that has had many traditional uses throughout history, especially among South Pacific Islanders.",Mental Health,"Human evidence appears limited, so treat benefits as uncertain.",Mechanism details are not clear from the public summary; review the source before applying Kava clinically.,"⚠️ Caution: Risk of Liver Injury No optimal dosages or durations for kava consumption have been determined at this point.[8] Kava dosing, especially in standardized formulations, may be done with reference to the kavalactone (specifically, kavapyrone; all known kavalactones are pyrones) content. Clinical trials have used dosages ranging from 100 to 400 mg/day of kava, and from 60 to 630 mg of kavalactones,",,,"Kava (Piper methysticum) is a plant that has had many traditional uses throughout history, especially among South Pacific Islanders. Human evidence appears limited, so treat benefits as uncertain. Mechanism details are not clear from the public summary; review the source before applying Kava clinically. Check pregnancy/lactation safety before client use. Evidence appears limited; human review recommended.",mental-health;experimental,https://examine.com/supplements/kava/,Check pregnancy/lactation safety before client use. Evidence appears limited; human review recommended.
Keratin,General Health,"Keratins are a class of fibrous proteins that serve as the main structural component of hair, feathers, scales, horns, claws, hooves, and wool.",General Health,Potential benefits are context-specific; review the source evidence before using Keratin in a protocol.,Mechanism details are not clear from the public summary; review the source before applying Keratin clinically.,No clear public dosage summary extracted; review source before use.,,,"Keratins are a class of fibrous proteins that serve as the main structural component of hair, feathers, scales, horns, claws, hooves, and wool. Potential benefits are context-specific; review the source evidence before using Keratin in a protocol. Mechanism details are not clear from the public summary; review the source before applying Keratin clinically. Check pregnancy/lactation safety before client use.",general-health,https://examine.com/supplements/keratin/,Check pregnancy/lactation safety before client use.
King of Bitters,Gut Health,Andrographis paniculata is an herb frequently used in traditional medicines to treat the common cold.,Gut Health,Potential benefits are context-specific; review the source evidence before using King of Bitters in a protocol.,Mechanism details are not clear from the public summary; review the source before applying King of Bitters clinically.,"The standard dose of Andrographis paniculata basic root extract is 2,000 – 6,000 mg. Andrographis paniculata root extract tends to have 1-2% andrographolide content, by weight, though up to 4% has been reported. Concentrated root extracts can have an andrographolide content of up to 30%. The standard dose for a concentrated extract is 200mg.",,,Andrographis paniculata is an herb frequently used in traditional medicines to treat the common cold. Potential benefits are context-specific; review the source evidence before using King of Bitters in a protocol. Mechanism details are not clear from the public summary; review the source before applying King of Bitters clinically. Paraphrased from public Examine page extraction; educational only.,gut-health;cognition,https://examine.com/supplements/king-of-bitters/,Paraphrased from public Examine page extraction; educational only.
King Oyster,Immune & Inflammation,King Oyster (Pleurotus eryngii) is a dietary mushroom that contains an assortment of bioactive molecules.,Immune & Inflammation,Reported benefits should be matched to the specific outcome studied rather than assumed broadly.,Mechanism details are not clear from the public summary; review the source before applying King Oyster clinically.,"At this moment in time, all that can be recommended is to consume the fruiting body or stem of the King Oyster mushroom in your diet if you want the effects. Supplementation would work fine (and if we take motifs from other Bioactive Mushrooms would be around 1-3g daily) but minimal human studies have been conducted.","Daily, following dosage notes.",,King Oyster (Pleurotus eryngii) is a dietary mushroom that contains an assortment of bioactive molecules. Reported benefits should be matched to the specific outcome studied rather than assumed broadly. Mechanism details are not clear from the public summary; review the source before applying King Oyster clinically. Paraphrased from public Examine page extraction; educational only.,immune-inflammation;hormones;heart-health,https://examine.com/supplements/king-oyster/,Paraphrased from public Examine page extraction; educational only.
Kokilaksha,Muscle Gain & Exercise,Asteracantha longifolia (Kokilaksha) is an ayurvedic aphrodisiac and liver protective agent.,Muscle Gain & Exercise,"Human evidence appears limited, so treat benefits as uncertain.","Kokilaksha may affect metabolic signaling, glucose handling, or lipid-related pathways.",There is currently not enough information available at this moment in time to recommend an oral dose of any medicinal component of this herb.,,,"Asteracantha longifolia (Kokilaksha) is an ayurvedic aphrodisiac and liver protective agent. Human evidence appears limited, so treat benefits as uncertain. Kokilaksha may affect metabolic signaling, glucose handling, or lipid-related pathways. Evidence appears limited; human review recommended.",muscle-gain-exercise;blood-sugar;lipids;cognition;exercise;hormones,https://examine.com/supplements/kokilaksha/,Evidence appears limited; human review recommended.
Korean Black Raspberry,General Health,Rubus coreanus (Korean black raspberry) is a dark berry sometimes brewed as a wine called bokbunja ju; it has a high levels of anthocyanins of the cyanidin type and other tannin structures that underlie its antioxidant and proerectile properties.,General Health,Reported benefits should be matched to the specific outcome studied rather than assumed broadly.,Korean Black Raspberry is discussed in relation to oxidative-stress or inflammatory pathways.,"The one human study on the subject matter used 30 grams of the freeze-dried berries and noted antioxidative and liver benefits associated with that dose. For the food product, this dose is probably a good starting point, and there is not enough information to assess whether bokbunja ju can be used for health reasons.",,,Rubus coreanus (Korean black raspberry) is a dark berry sometimes brewed as a wine called bokbunja ju; it has a high levels of anthocyanins of the cyanidin type and other tannin structures that underlie its antioxidant and proerectile properties. Reported benefits should be matched to the specific outcome studied rather than assumed broadly. Korean Black Raspberry is discussed in relation to oxidative-stress or inflammatory pathways. Paraphrased from public Examine page extraction;,general-health;blood-sugar;inflammation;hormones,https://examine.com/supplements/korean-black-raspberry/,Paraphrased from public Examine page extraction; educational only.
Kratom,Mental Health,Kratom is an evergreen tree native to Southeast Asia whose leaves contain chemicals with partial opioid effects.,Mental Health,Potential benefits are context-specific; review the source evidence before using Kratom in a protocol.,Mechanism details are not clear from the public summary; review the source before applying Kratom clinically.,"Because kratom has been studied in very few clinical trials, most of the information about how it is used comes from surveys and traditional use. Traditionally, kratom leaves are chewed and can also be boiled to make tea. In Western countries, kratom is usually available as a powder to be mixed with liquids and also in capsule form.[1] In a survey of 129 regular kratom users in the U.S., most consumed kratom daily,","Daily, following dosage notes.",,Kratom is an evergreen tree native to Southeast Asia whose leaves contain chemicals with partial opioid effects. Potential benefits are context-specific; review the source evidence before using Kratom in a protocol. Mechanism details are not clear from the public summary; review the source before applying Kratom clinically. Paraphrased from public Examine page extraction; educational only.,mental-health;cognition;exercise;hormones,https://examine.com/supplements/kratom/,Paraphrased from public Examine page extraction; educational only.
Krill Oil,Metabolic Health,"Krill oil is a mixture of fatty acids high in EPA and DHA (fish oil fatty acids) in the form of phospholipids, mostly as phosphatidylcholine; it appears to be better absorbed than fish oil, may be more cardioprotective, and has some unique (unexplored) fat bur",Metabolic Health,Reported benefits should be matched to the specific outcome studied rather than assumed broadly.,Krill Oil may influence choline availability and acetylcholine-related signaling.,"Supplementation of Krill oil tends to be in the range of 1-3g daily (overall oil weight), which has been used in the clinical trials of krill oil supplementation. If supplementing in accordance with the omega-3 content, the omega-3 content that is supplemented from krill oil should be equal to approximately 2/3rds that used with basic fish oil supplementation to account for the increased absorption.","Daily, following dosage notes.",,"Krill oil is a mixture of fatty acids high in EPA and DHA (fish oil fatty acids) in the form of phospholipids, mostly as phosphatidylcholine; it appears to be better absorbed than fish oil, may be more cardioprotective, and has some unique (unexplored) fat bur Reported benefits should be matched to the specific outcome studied rather than assumed broadly. Krill Oil may influence choline availability and acetylcholine-related signaling. Paraphrased from public Examine page extraction;",metabolic-health;lipids;hormones;heart-health,https://examine.com/supplements/krill-oil/,Paraphrased from public Examine page extraction; educational only.
Ku shen,General Health,Sophora flavescens (Ku Shen) is a medicinal herb from China that appears to possess mostly anti-cancer properties.,General Health,Potential benefits are context-specific; review the source evidence before using Ku shen in a protocol.,Mechanism details are not clear from the public summary; review the source before applying Ku shen clinically.,No clear public dosage summary extracted; review source before use.,,,Sophora flavescens (Ku Shen) is a medicinal herb from China that appears to possess mostly anti-cancer properties. Potential benefits are context-specific; review the source evidence before using Ku shen in a protocol. Mechanism details are not clear from the public summary; review the source before applying Ku shen clinically. Check pregnancy/lactation safety before client use.,general-health,https://examine.com/supplements/ku-shen/,Check pregnancy/lactation safety before client use.
Kudzu,General Health,Pueraria Lobata (Kudzu) is a root plant that appears to have traditional usage in alleviating migraines and hangovers.,General Health,Potential benefits are context-specific; review the source evidence before using Kudzu in a protocol.,Mechanism details are not clear from the public summary; review the source before applying Kudzu clinically.,"The lone study on Kudzu root used a product containing 100mg of isoflavone equivalents, which appeared to be slightly effective for promoting cognition in postmenopausal women. It is unsure if this is near the optimal dosage or not.",,,Pueraria Lobata (Kudzu) is a root plant that appears to have traditional usage in alleviating migraines and hangovers. Potential benefits are context-specific; review the source evidence before using Kudzu in a protocol. Mechanism details are not clear from the public summary; review the source before applying Kudzu clinically. Check pregnancy/lactation safety before client use.,general-health;cognition;exercise;hormones,https://examine.com/supplements/kudzu/,Check pregnancy/lactation safety before client use.
Kutki,Mental Health,"Picrorhiza kurroa (Kutki or Picroliv) is a liver tonic from Ayurveda that, when used at low doses, appears to exceed milk thistle silymarins in potency.",Mental Health,Potential benefits are context-specific; review the source evidence before using Kutki in a protocol.,Mechanism details are not clear from the public summary; review the source before applying Kutki clinically.,"Supplementation of picroliv (picroside I plus picroside II) appears to be most effective in at 12mg/kg (the higher dose, 24mg/kg, is not significantly more effective than 12mg/kg in most cases) and this leads to a preliminary human dosage of: 130 mg for a 150lb person 170 mg for a 200lb person 220 mg for a 250lb person Although the above dosage levels are ideal,",,,"Picrorhiza kurroa (Kutki or Picroliv) is a liver tonic from Ayurveda that, when used at low doses, appears to exceed milk thistle silymarins in potency. Potential benefits are context-specific; review the source evidence before using Kutki in a protocol. Mechanism details are not clear from the public summary; review the source before applying Kutki clinically. Paraphrased from public Examine page extraction; educational only.",mental-health;stress,https://examine.com/supplements/kutki/,Paraphrased from public Examine page extraction; educational only.
L-Carnitine,Metabolic Health,"L-Carnitine may improve some aspects of metabolic health, liver health, and sperm quality.",Metabolic Health,Reported benefits should be matched to the specific outcome studied rather than assumed broadly.,"L-Carnitine may affect metabolic signaling, glucose handling, or lipid-related pathways.","Formulation L-Carnitine can be taken orally in dosage forms that include capsules, powders, or drinks. Standard L-carnitine is the most common form used as a supplement. The second most common form is acetyl-L-carnitine (ALCAR), which crosses the blood-brain barrier more effectively and is preferred for neurological purposes. L-carnitine L-tartrate (LCLT), propionyl-L-carnitine (PLC), carnitine orotate,",,,"L-Carnitine may improve some aspects of metabolic health, liver health, and sperm quality. Reported benefits should be matched to the specific outcome studied rather than assumed broadly. L-Carnitine may affect metabolic signaling, glucose handling, or lipid-related pathways. Check pregnancy/lactation safety before client use.",metabolic-health;blood-sugar;cognition;hormones;heart-health,https://examine.com/supplements/carnitine/,Check pregnancy/lactation safety before client use.
L-Cysteine,General Health,"L-Cysteine is a nutritionally semi-essential amino acid that, under normal conditions, is synthesized in the body from methionine.",General Health,Potential benefits are context-specific; review the source evidence before using L-Cysteine in a protocol.,L-Cysteine is discussed in relation to oxidative-stress or inflammatory pathways.,No clear public dosage summary extracted; review source before use.,,,"L-Cysteine is a nutritionally semi-essential amino acid that, under normal conditions, is synthesized in the body from methionine. Potential benefits are context-specific; review the source evidence before using L-Cysteine in a protocol. L-Cysteine is discussed in relation to oxidative-stress or inflammatory pathways. Check pregnancy/lactation safety before client use.",general-health,https://examine.com/supplements/l-cysteine/,Check pregnancy/lactation safety before client use.
L-Threonate,Micronutrient,"A metabolite of vitamin C that may have unique effects in the body, it is currently being researched for use as a mineral chelating agent able to greatly enhance bioavailability of minerals (such as Magnesium-L-Threonate).",Micronutrient,Reported benefits should be matched to the specific outcome studied rather than assumed broadly.,L-Threonate likely works by correcting or supporting nutrient-dependent physiological processes.,Not enough information is known at this time to suggest an optimal dose of L-Threonate in isolation. Mineral chelations of L-Threonate should be dosed according to the active mineral content of the chelation.,,,"A metabolite of vitamin C that may have unique effects in the body, it is currently being researched for use as a mineral chelating agent able to greatly enhance bioavailability of minerals (such as Magnesium-L-Threonate). Reported benefits should be matched to the specific outcome studied rather than assumed broadly. L-Threonate likely works by correcting or supporting nutrient-dependent physiological processes. Check pregnancy/lactation safety before client use.",micronutrient;cognition;exercise;hormones,https://examine.com/supplements/l-threonate/,Check pregnancy/lactation safety before client use.
L-Tyrosine,Mental Health,L-Tyrosine is an amino acid that is used as a precursor for the synthesis of the catecholamines dopamine (DA) and norepinephrine (NE).,Mental Health,Potential benefits are context-specific; review the source evidence before using L-Tyrosine in a protocol.,Mechanism details are not clear from the public summary; review the source before applying L-Tyrosine clinically.,"Anecdotally, L-Tyrosine tends to be taken in doses of 500–2000 mg approximately 30–60 minutes before any acute stressor (this tends to be exercise). Studies in humans showing most anti-stress promise for acute supplemental L-Tyrosine use a dosage range of 100–150 mg/kg of bodyweight which can be taken 60 minutes before exercise; this is a dosage range of 9–13.5 g for a 200 lb person and 7–10 g for a 150 lb person.",Before exercise as studied.,,L-Tyrosine is an amino acid that is used as a precursor for the synthesis of the catecholamines dopamine (DA) and norepinephrine (NE). Potential benefits are context-specific; review the source evidence before using L-Tyrosine in a protocol. Mechanism details are not clear from the public summary; review the source before applying L-Tyrosine clinically. Paraphrased from public Examine page extraction; educational only.,mental-health;stress;cognition;exercise;gut-health;hormones,https://examine.com/supplements/l-tyrosine/,Paraphrased from public Examine page extraction; educational only.
Lactase Enzyme,Gut Health,"If you can't digest the lactose in dairy (Lactose intolerance), you can either supplement with lactase enzyme pills or consume dairy that's predigested with the lactase enzyme.",Gut Health,Potential benefits are context-specific; review the source evidence before using Lactase Enzyme in a protocol.,Mechanism details are not clear from the public summary; review the source before applying Lactase Enzyme clinically.,"Rules of thumb used to calculate the amount of lactase are 7500 units for 16 grams of lactose (roughly one normal glass of milk), and 3000 units for 5 g, which is similar but higher. Of these, the latter was more likely to lead to a meantingful reduction when taken orally. This makes sense given the dynamic nature of the digestive tract,",,,"If you can't digest the lactose in dairy (Lactose intolerance), you can either supplement with lactase enzyme pills or consume dairy that's predigested with the lactase enzyme. Potential benefits are context-specific; review the source evidence before using Lactase Enzyme in a protocol. Mechanism details are not clear from the public summary; review the source before applying Lactase Enzyme clinically. Paraphrased from public Examine page extraction; educational only.",gut-health;blood-sugar,https://examine.com/supplements/lactase-enzyme/,Paraphrased from public Examine page extraction; educational only.
Lacticaseibacillus paracasei,General Health,"Lacticaseibacillus paracasei (L. paracasei), formerly known as Lactobacillus paracasei, is a type of probiotic found in the human gastrointestinal tract, as well as in fermented foods and dairy.",General Health,Potential benefits are context-specific; review the source evidence before using Lacticaseibacillus paracasei in a protocol.,Lacticaseibacillus paracasei may act through gut-microbiome or digestive pathways.,No clear public dosage summary extracted; review source before use.,,,"Lacticaseibacillus paracasei (L. paracasei), formerly known as Lactobacillus paracasei, is a type of probiotic found in the human gastrointestinal tract, as well as in fermented foods and dairy. Potential benefits are context-specific; review the source evidence before using Lacticaseibacillus paracasei in a protocol. Lacticaseibacillus paracasei may act through gut-microbiome or digestive pathways. Check pregnancy/lactation safety before client use.",general-health,https://examine.com/supplements/lacticaseibacillus-paracasei/,Check pregnancy/lactation safety before client use.
Lactobacillus acidophilus,General Health,"Lactobacillus acidophilus (L. acidophilus) is a commonly used probiotic found in the human gastrointestinal tract and vagina, as well as in fermented foods, dairy, and in supplemental form.",General Health,Potential benefits are context-specific; review the source evidence before using Lactobacillus acidophilus in a protocol.,Lactobacillus acidophilus may act through gut-microbiome or digestive pathways.,No clear public dosage summary extracted; review source before use.,,,"Lactobacillus acidophilus (L. acidophilus) is a commonly used probiotic found in the human gastrointestinal tract and vagina, as well as in fermented foods, dairy, and in supplemental form. Potential benefits are context-specific; review the source evidence before using Lactobacillus acidophilus in a protocol. Lactobacillus acidophilus may act through gut-microbiome or digestive pathways. Check pregnancy/lactation safety before client use.",general-health,https://examine.com/supplements/lactobacillus-acidophilus/,Check pregnancy/lactation safety before client use.
Lactobacillus casei,General Health,"Lactobacillus casei (now renamed to Lacticaseibacillus casei, often called Lactobacillus casei Shirota and Yakult) is a bacterial strain that is viewed as probiotic.",General Health,Potential benefits are context-specific; review the source evidence before using Lactobacillus casei in a protocol.,Lactobacillus casei may act through gut-microbiome or digestive pathways.,No clear public dosage summary extracted; review source before use.,,,"Lactobacillus casei (now renamed to Lacticaseibacillus casei, often called Lactobacillus casei Shirota and Yakult) is a bacterial strain that is viewed as probiotic. Potential benefits are context-specific; review the source evidence before using Lactobacillus casei in a protocol. Lactobacillus casei may act through gut-microbiome or digestive pathways. Check pregnancy/lactation safety before client use.",general-health,https://examine.com/supplements/lactobacillus-casei/,Check pregnancy/lactation safety before client use.
Lactobacillus reuteri,General Health,Lactobacillus reuteri (now renamed Limosilactobacillus reuteri) is a bacterium with probiotic properties.,General Health,Reported benefits should be matched to the specific outcome studied rather than assumed broadly.,Lactobacillus reuteri may act through gut-microbiome or digestive pathways.,"Formulation Lactobacillus reuteri is available in a variety of dosage forms, including capsules, regular tablets or chewable tablets, liquid drops, lozenges, and powders. There are many different strains of L. reuteri. Each strain has a slightly different genetic makeup, meaning the effect of the probiotic can vary between strains.",,,Lactobacillus reuteri (now renamed Limosilactobacillus reuteri) is a bacterium with probiotic properties. Reported benefits should be matched to the specific outcome studied rather than assumed broadly. Lactobacillus reuteri may act through gut-microbiome or digestive pathways. Paraphrased from public Examine page extraction; educational only.,general-health;hormones,https://examine.com/supplements/lactobacillus-reuteri/,Paraphrased from public Examine page extraction; educational only.
Lactoferrin,General Health,Lactoferrin is an iron-binding glycoprotein found in the milk of mammals.,General Health,Potential benefits are context-specific; review the source evidence before using Lactoferrin in a protocol.,Mechanism details are not clear from the public summary; review the source before applying Lactoferrin clinically.,No clear public dosage summary extracted; review source before use.,,,Lactoferrin is an iron-binding glycoprotein found in the milk of mammals. Potential benefits are context-specific; review the source evidence before using Lactoferrin in a protocol. Mechanism details are not clear from the public summary; review the source before applying Lactoferrin clinically. Check pregnancy/lactation safety before client use.,general-health,https://examine.com/supplements/lactoferrin/,Check pregnancy/lactation safety before client use.
Lactosucrose,Metabolic Health,"Lactosucrose is trisaccharide composed of galactose, glucose, and fructose linked together with glycosidic bonds.",Metabolic Health,Potential benefits are context-specific; review the source evidence before using Lactosucrose in a protocol.,"Lactosucrose may affect metabolic signaling, glucose handling, or lipid-related pathways.",No clear public dosage summary extracted; review source before use.,,,"Lactosucrose is trisaccharide composed of galactose, glucose, and fructose linked together with glycosidic bonds. Potential benefits are context-specific; review the source evidence before using Lactosucrose in a protocol. Lactosucrose may affect metabolic signaling, glucose handling, or lipid-related pathways. Check pregnancy/lactation safety before client use.",metabolic-health;blood-sugar,https://examine.com/supplements/lactosucrose/,Check pregnancy/lactation safety before client use.
Lavender,Mental Health,Lavender is a plant in the Lamiaceae (mint) family.,Mental Health,Potential benefits are context-specific; review the source evidence before using Lavender in a protocol.,Mechanism details are not clear from the public summary; review the source before applying Lavender clinically.,"The recommended dosage of oral lavender supplements is 80 to 160 mg per day.[1] To ensure therapeutic effectiveness, supplements should contain 25% to 46% linalyl acetate and 20% to 45% linalool.[2] For aromatherapy use, no specific dosage has been established.","Daily, following dosage notes.",,Lavender is a plant in the Lamiaceae (mint) family. Potential benefits are context-specific; review the source evidence before using Lavender in a protocol. Mechanism details are not clear from the public summary; review the source before applying Lavender clinically. Paraphrased from public Examine page extraction; educational only.,mental-health;stress;cognition;exercise;hormones,https://examine.com/supplements/lavender/,Paraphrased from public Examine page extraction; educational only.
Lemon Balm,Metabolic Health,Lemon balm (Melissa officinalis) is a bushy perennial herb in the mint family that has been used in food for over two thousand years.,Metabolic Health,Reported benefits should be matched to the specific outcome studied rather than assumed broadly.,"Lemon Balm may affect metabolic signaling, glucose handling, or lipid-related pathways.","Formulations: Oral: Lemon balm can be taken as an herbal tea (dried, broken-up herb infused in boiling water), as powdered dried herb, as a tincture, as a liquid extract of the dry herb, or as a dried liquid extract. Topical: A cream or ointment formulated with liquid or dried extract can be applied directly to the skin. Alternatively, a cotton ball soaked in lemon balm tea can be applied to the skin.",,,"Lemon balm (Melissa officinalis) is a bushy perennial herb in the mint family that has been used in food for over two thousand years. Reported benefits should be matched to the specific outcome studied rather than assumed broadly. Lemon Balm may affect metabolic signaling, glucose handling, or lipid-related pathways. Paraphrased from public Examine page extraction; educational only.",metabolic-health;lipids;sleep;heart-health,https://examine.com/supplements/lemon-balm/,Paraphrased from public Examine page extraction; educational only.
Lettuce Seed,Mental Health,Lettuce seeds are the seeds of the lettuce plant (Lactuca sativa).,Mental Health,Reported benefits should be matched to the specific outcome studied rather than assumed broadly.,Lettuce Seed is discussed in relation to oxidative-stress or inflammatory pathways.,No clear public dosage summary extracted; review source before use.,,,Lettuce seeds are the seeds of the lettuce plant (Lactuca sativa). Reported benefits should be matched to the specific outcome studied rather than assumed broadly. Lettuce Seed is discussed in relation to oxidative-stress or inflammatory pathways. Check pregnancy/lactation safety before client use.,mental-health;sleep;inflammation,https://examine.com/supplements/lettuce-seed/,Check pregnancy/lactation safety before client use.
Leucic Acid,Metabolic Health,Leucic acid (also known as α-hydroxyisocaproic acid or HICA) is a leucine metabolite touted to have anabolic properties.,Metabolic Health,"Human evidence appears limited, so treat benefits as uncertain.",Mechanism details are not clear from the public summary; review the source before applying Leucic Acid clinically.,"The only human evidence currently uses a daily dose of 1,500mg HICA, split into three divided doses of 500mg. There is not enough evidence to suggest if this is the optimal dose nor is there evidence to assess the comparative potency of HICA against leucine or HMB supplementation.",Split across the day as described in dosage notes.,,"Leucic acid (also known as α-hydroxyisocaproic acid or HICA) is a leucine metabolite touted to have anabolic properties. Human evidence appears limited, so treat benefits as uncertain. Mechanism details are not clear from the public summary; review the source before applying Leucic Acid clinically. Evidence appears limited; human review recommended.",metabolic-health;hormones;experimental,https://examine.com/supplements/leucic-acid/,Evidence appears limited; human review recommended.
Leucine,Muscle Gain & Exercise,Leucine is a branched-chain amino acid (BCAA) and potent nutrient-based signal to activate protein synthesis.,Muscle Gain & Exercise,Reported benefits should be matched to the specific outcome studied rather than assumed broadly.,Mechanism details are not clear from the public summary; review the source before applying Leucine clinically.,"Leucine tends to be supplemented in the 2,000-5,000mg range for acute usage. It tends to be taken either in a fasted state or alongside meals with an inhernetly low protein content (or protein sources that are low in leucine).",,,Leucine is a branched-chain amino acid (BCAA) and potent nutrient-based signal to activate protein synthesis. Reported benefits should be matched to the specific outcome studied rather than assumed broadly. Mechanism details are not clear from the public summary; review the source before applying Leucine clinically. Paraphrased from public Examine page extraction; educational only.,muscle-gain-exercise;exercise;gut-health,https://examine.com/supplements/leucine/,Paraphrased from public Examine page extraction; educational only.
Licorice,General Health,Licorice is the common name for plants of the Glycyrrhiza genus.,General Health,Reported benefits should be matched to the specific outcome studied rather than assumed broadly.,Mechanism details are not clear from the public summary; review the source before applying Licorice clinically.,"⚠️ Caution: There are safety concerns with licorice When used as a treatment, licorice can be found in a wide variety of formulations, including but not limited to tablets, powder, drops, chewables, capsules, tea, dried root infusions, decoctions, syrups, tinctures, and gum. It’s also found in a wide variety of candies, foods, beverages,",,,Licorice is the common name for plants of the Glycyrrhiza genus. Reported benefits should be matched to the specific outcome studied rather than assumed broadly. Mechanism details are not clear from the public summary; review the source before applying Licorice clinically. Paraphrased from public Examine page extraction; educational only.,general-health;stress;heart-health,https://examine.com/supplements/licorice/,Paraphrased from public Examine page extraction; educational only.
Limonene,Gut Health,D-Limonene is a molecule that is found in high levels in lemons (where it derives its name) but also most citrus foods.,Gut Health,Reported benefits should be matched to the specific outcome studied rather than assumed broadly.,Mechanism details are not clear from the public summary; review the source before applying Limonene clinically.,"30-40 liquid oz. of Mediterranean Style (pulp in) lemonade confers approximately 500mg D-Limonene, which can be seen as an active dose. Otherwise, many benefits are seen with 1g of D-Limonene daily.","Daily, following dosage notes.",,D-Limonene is a molecule that is found in high levels in lemons (where it derives its name) but also most citrus foods. Reported benefits should be matched to the specific outcome studied rather than assumed broadly. Mechanism details are not clear from the public summary; review the source before applying Limonene clinically. Paraphrased from public Examine page extraction; educational only.,gut-health;cognition;exercise;hormones,https://examine.com/supplements/limonene/,Paraphrased from public Examine page extraction; educational only.
Lion's Mane,Mental Health,"Lion's mane, Hericium erinaceus, is a culinary and medicinal mushroom.",Mental Health,Potential benefits are context-specific; review the source evidence before using Lion's Mane in a protocol.,Lion's Mane is discussed in relation to oxidative-stress or inflammatory pathways.,"Clinical studies investigating lion's mane mushroom have utilized dosages ranging from 1050–3000 mg, divided into three to four daily doses. Nevertheless, the optimal dose remains uncertain, and the minimum effective concentration may vary depending on the specific target system.[1][2][3][4]",Split across the day as described in dosage notes.,,"Lion's mane, Hericium erinaceus, is a culinary and medicinal mushroom. Potential benefits are context-specific; review the source evidence before using Lion's Mane in a protocol. Lion's Mane is discussed in relation to oxidative-stress or inflammatory pathways. Paraphrased from public Examine page extraction; educational only.",mental-health;cognition;exercise;gut-health;hormones,https://examine.com/supplements/lionsmane/,Paraphrased from public Examine page extraction; educational only.
Longan,Mental Health,Dimocarpus Longan (Dragon Eye or Euphoria) is a fruit with limited medicinal use.,Mental Health,"Human evidence appears limited, so treat benefits as uncertain.",Mechanism details are not clear from the public summary; review the source before applying Longan clinically.,No clear public dosage summary extracted; review source before use.,,,"Dimocarpus Longan (Dragon Eye or Euphoria) is a fruit with limited medicinal use. Human evidence appears limited, so treat benefits as uncertain. Mechanism details are not clear from the public summary; review the source before applying Longan clinically. Evidence appears limited; human review recommended.",mental-health;cognition;experimental,https://examine.com/supplements/longan/,Evidence appears limited; human review recommended.
Loquat,Metabolic Health,"Eriobotrya japonica (Common Loquat) is a plant whose fruits are commonly consumed for their taste and other parts (seeds, leaves, flowers) used in traditional chinese medicine for treatment of cough and respiratory distress; it appears to be rich in ursolic ac",Metabolic Health,Reported benefits should be matched to the specific outcome studied rather than assumed broadly.,Loquat is discussed in relation to oxidative-stress or inflammatory pathways.,"There is currently not enough information to recommend an ideal supplemental dose of this plant for any of its recommended supplemental purposes, although one study referencing the 'recommended human dose' for the seeds used a rat dose of 40mg/kg (ie. abouto 3-5g of the seeds for adults).",,,"Eriobotrya japonica (Common Loquat) is a plant whose fruits are commonly consumed for their taste and other parts (seeds, leaves, flowers) used in traditional chinese medicine for treatment of cough and respiratory distress; it appears to be rich in ursolic ac Reported benefits should be matched to the specific outcome studied rather than assumed broadly. Loquat is discussed in relation to oxidative-stress or inflammatory pathways. Paraphrased from public Examine page extraction;",metabolic-health;blood-sugar;stress;inflammation,https://examine.com/supplements/loquat/,Paraphrased from public Examine page extraction; educational only.
Luo Bu Ma,Mental Health,"Apocynum venetum is a plant that potentially reduces blood pressure and depression after supplementation, though more evidence is needed to confirm these effects.",Mental Health,Reported benefits should be matched to the specific outcome studied rather than assumed broadly.,Mechanism details are not clear from the public summary; review the source before applying Luo Bu Ma clinically.,Further research is needed to determine the optimal dose for Apocynum venetum. Most of the benefits associated with Apocynum venetum occur in the rat dosing range of 25-100 mg/kg of bodyweight.,,,"Apocynum venetum is a plant that potentially reduces blood pressure and depression after supplementation, though more evidence is needed to confirm these effects. Reported benefits should be matched to the specific outcome studied rather than assumed broadly. Mechanism details are not clear from the public summary; review the source before applying Luo Bu Ma clinically. Paraphrased from public Examine page extraction; educational only.",mental-health;hormones;heart-health,https://examine.com/supplements/luo-bu-ma/,Paraphrased from public Examine page extraction; educational only.
Lutein,Mental Health,"Lutein, as well as the related zeaxanthin, are carotenoid structures similar to pre-vitamin A (β-carotene) and involved in eye health.",Mental Health,Reported benefits should be matched to the specific outcome studied rather than assumed broadly.,Lutein is discussed in relation to oxidative-stress or inflammatory pathways.,No clear public dosage summary extracted; review source before use.,,,"Lutein, as well as the related zeaxanthin, are carotenoid structures similar to pre-vitamin A (β-carotene) and involved in eye health. Reported benefits should be matched to the specific outcome studied rather than assumed broadly. Lutein is discussed in relation to oxidative-stress or inflammatory pathways. Check pregnancy/lactation safety before client use.",mental-health;stress;inflammation,https://examine.com/supplements/lutein/,Check pregnancy/lactation safety before client use.
Lycopene,General Health,A carotenoid known for its antioxidant properties and its red color that accumulates in the skin,General Health,Potential benefits are context-specific; review the source evidence before using Lycopene in a protocol.,Lycopene is discussed in relation to oxidative-stress or inflammatory pathways.,No clear public dosage summary extracted; review source before use.,,,A carotenoid known for its antioxidant properties and its red color that accumulates in the skin Potential benefits are context-specific; review the source evidence before using Lycopene in a protocol. Lycopene is discussed in relation to oxidative-stress or inflammatory pathways. Check pregnancy/lactation safety before client use.,general-health,https://examine.com/supplements/lycopene/,Check pregnancy/lactation safety before client use.
Lysine,Micronutrient,Lysine is an amino acid commonly paired with Vitamin C in many supplements.,Micronutrient,Potential benefits are context-specific; review the source evidence before using Lysine in a protocol.,Lysine likely works by correcting or supporting nutrient-dependent physiological processes.,"To supplement Lysine to reduce symptoms of herpes simplex, take up to 2g of lysine daily in divided doses with meals. It should be noted that ingesting supplemental L-arginine at this time will be counterproductive for this purpose and, if the diet is modified to increase lysine intake, then L-arginine should be controlled.",With or shortly after meals.,,Lysine is an amino acid commonly paired with Vitamin C in many supplements. Potential benefits are context-specific; review the source evidence before using Lysine in a protocol. Lysine likely works by correcting or supporting nutrient-dependent physiological processes. Check pregnancy/lactation safety before client use.,micronutrient;cognition;exercise;hormones,https://examine.com/supplements/lysine/,Check pregnancy/lactation safety before client use.
Maca,Gut Health,"Maca refers to two plants belonging to the Brassicaceae family, Lepidium peruvianum and Lepidium meyeni.",Gut Health,Potential benefits are context-specific; review the source evidence before using Maca in a protocol.,Mechanism details are not clear from the public summary; review the source before applying Maca clinically.,"The standard dose for maca is 1,500-3,000 mg. Maca can be supplemented by eating maca root or through a maca extract. Extracts should be water or ethyl acetate-based. Maca should be taken daily, alongside food.","Daily, following dosage notes.",,"Maca refers to two plants belonging to the Brassicaceae family, Lepidium peruvianum and Lepidium meyeni. Potential benefits are context-specific; review the source evidence before using Maca in a protocol. Mechanism details are not clear from the public summary; review the source before applying Maca clinically. Check pregnancy/lactation safety before client use.",gut-health;cognition;exercise;hormones,https://examine.com/supplements/maca/,Check pregnancy/lactation safety before client use.
Magnesium,Muscle Gain & Exercise,"Magnesium is an essential dietary mineral that is involved in energy production, nervous system function, blood pressure regulation, and blood glucose control.",Muscle Gain & Exercise,Reported benefits should be matched to the specific outcome studied rather than assumed broadly.,"Magnesium may affect metabolic signaling, glucose handling, or lipid-related pathways.","Formulation: Dosage forms of magnesium include oral preparations such as tablets, capsules, powders, liquids, and effervescent tablets as well as topical preparations. Magnesium supplements come in a variety of salt forms that differ in how well they’re absorbed (their bioavailability), the amount of elemental magnesium they provide, and their physiological effect. Common forms include magnesium oxide,",,,"Magnesium is an essential dietary mineral that is involved in energy production, nervous system function, blood pressure regulation, and blood glucose control. Reported benefits should be matched to the specific outcome studied rather than assumed broadly. Magnesium may affect metabolic signaling, glucose handling, or lipid-related pathways. Paraphrased from public Examine page extraction; educational only.",muscle-gain-exercise;blood-sugar;exercise;stimulant;heart-health,https://examine.com/supplements/magnesium/,Paraphrased from public Examine page extraction; educational only.
Magnolia Bark Extract,Mental Health,"Magnolia officinalis is a traditional chinese medicine known for its neuroprotective and relaxing properties, being used to treat depression and anxiety as well as acting as a slight sedative.",Mental Health,Reported benefits should be matched to the specific outcome studied rather than assumed broadly.,Magnolia Bark Extract is discussed in relation to oxidative-stress or inflammatory pathways.,"The dosage of magnolia officinalis to take varies on goal. For those related to GABA (including anxiety, sedation, stress, and epilepsy) an oral dose of 0.2mg/kg in mice appears effective and suggests very lose doses (5-10 mg) are effective in humans. For those goals related to learning or depression, higher doses may be required. This usually means 15-30mg/kg in rats,",,,"Magnolia officinalis is a traditional chinese medicine known for its neuroprotective and relaxing properties, being used to treat depression and anxiety as well as acting as a slight sedative. Reported benefits should be matched to the specific outcome studied rather than assumed broadly. Magnolia Bark Extract is discussed in relation to oxidative-stress or inflammatory pathways. Paraphrased from public Examine page extraction; educational only.",mental-health;stress;cognition;inflammation;hormones,https://examine.com/supplements/magnolia-bark-extract/,Paraphrased from public Examine page extraction; educational only.
Malabar Spinach,General Health,Basella Alba is a herb used commonly alongside Hibiscus macranthus for the purpose of fertility.,General Health,Reported benefits should be matched to the specific outcome studied rather than assumed broadly.,Mechanism details are not clear from the public summary; review the source before applying Malabar Spinach clinically.,"Currently, not enough information is available to estimate human doses of Basella Alba.",,,Basella Alba is a herb used commonly alongside Hibiscus macranthus for the purpose of fertility. Reported benefits should be matched to the specific outcome studied rather than assumed broadly. Mechanism details are not clear from the public summary; review the source before applying Malabar Spinach clinically. Check pregnancy/lactation safety before client use.,general-health;cognition;exercise;hormones,https://examine.com/supplements/malabar-spinach/,Check pregnancy/lactation safety before client use.
Manganese,Micronutrient,Manganese is an essential mineral in the diet that serves primarily as a component of the antioxidant enzyme known as manganese superoxide dismutase.,Micronutrient,Potential benefits are context-specific; review the source evidence before using Manganese in a protocol.,Manganese is discussed in relation to oxidative-stress or inflammatory pathways.,No clear public dosage summary extracted; review source before use.,,,Manganese is an essential mineral in the diet that serves primarily as a component of the antioxidant enzyme known as manganese superoxide dismutase. Potential benefits are context-specific; review the source evidence before using Manganese in a protocol. Manganese is discussed in relation to oxidative-stress or inflammatory pathways. Check pregnancy/lactation safety before client use.,micronutrient,https://examine.com/supplements/manganese/,Check pregnancy/lactation safety before client use.
Maral Root,Muscle Gain & Exercise,"Commonly referred to as either maral root or Russian leuzea, Rhaponticum carthamoides is a plant source of ecdysteroids that are thought to promote muscle growth in a nonhormonal manner.",Muscle Gain & Exercise,"Human evidence appears limited, so treat benefits as uncertain.","Maral Root is being investigated for tissue-signaling and repair pathways, but human mechanisms remain uncertain.",No clear public dosage summary extracted; review source before use.,,,"Commonly referred to as either maral root or Russian leuzea, Rhaponticum carthamoides is a plant source of ecdysteroids that are thought to promote muscle growth in a nonhormonal manner. Human evidence appears limited, so treat benefits as uncertain. Maral Root is being investigated for tissue-signaling and repair pathways, but human mechanisms remain uncertain. Evidence appears limited; human review recommended.",muscle-gain-exercise;cognition;exercise;hormones;experimental,https://examine.com/supplements/maral-root/,Evidence appears limited; human review recommended.
Massularia acuminata,General Health,"Massularia acuminata is a traditionally used herb in Yoruba medicine (Nigeria), used as a chewing stick and aphrodisiac; the chewing stick aspect was researched for being an anti-gingivitis agent, and it appears to increase testosterone and libido in research",General Health,Reported benefits should be matched to the specific outcome studied rather than assumed broadly.,Mechanism details are not clear from the public summary; review the source before applying Massularia acuminata clinically.,"Based on rat studies, doses of 50mg/kg and 1,000mg/kg appear to increase testosterone while the higher dose is associated with some liver toxicity. Due to this, the estimated human doses based off of 50mg/kg would be: 550mg for a 150lb person 700mg for a 200lb person 900mg for a 250lb person Due to having no human evidence at this moment in time, the above recommendations are naught but estimates.",,,"Massularia acuminata is a traditionally used herb in Yoruba medicine (Nigeria), used as a chewing stick and aphrodisiac; the chewing stick aspect was researched for being an anti-gingivitis agent, and it appears to increase testosterone and libido in research Reported benefits should be matched to the specific outcome studied rather than assumed broadly. Mechanism details are not clear from the public summary; review the source before applying Massularia acuminata clinically.",general-health;cognition;exercise;hormones,https://examine.com/supplements/massularia-acuminata/,Paraphrased from public Examine page extraction; educational only.
Matured Hop Extract,General Health,Matured hop extract (aka matured hop bitter acids; MHBA) are iso-α-acids from the female hop plant (Humulus lupulus L.) found in beer that are broken down during storage into more complex bitter compounds.,General Health,Potential benefits are context-specific; review the source evidence before using Matured Hop Extract in a protocol.,Mechanism details are not clear from the public summary; review the source before applying Matured Hop Extract clinically.,No clear public dosage summary extracted; review source before use.,,,Matured hop extract (aka matured hop bitter acids; MHBA) are iso-α-acids from the female hop plant (Humulus lupulus L.) found in beer that are broken down during storage into more complex bitter compounds. Potential benefits are context-specific; review the source evidence before using Matured Hop Extract in a protocol. Mechanism details are not clear from the public summary; review the source before applying Matured Hop Extract clinically. Check pregnancy/lactation safety before client use.,general-health,https://examine.com/supplements/matured-hop-extract/,Check pregnancy/lactation safety before client use.
Medium-Chain Triglycerides,Muscle Gain & Exercise,Medium-chain triglycerides (MCTs) are found in foods like coconut oil and dairy products.,Muscle Gain & Exercise,Reported benefits should be matched to the specific outcome studied rather than assumed broadly.,"Medium-Chain Triglycerides may affect metabolic signaling, glucose handling, or lipid-related pathways.","Formulation: MCT oil, powder, or gel/jelly. Most of the studies used an MCT oil or jelly product. Range of dosages studied: 2 to 80 grams per day.","Daily, following dosage notes.",,"Medium-chain triglycerides (MCTs) are found in foods like coconut oil and dairy products. Reported benefits should be matched to the specific outcome studied rather than assumed broadly. Medium-Chain Triglycerides may affect metabolic signaling, glucose handling, or lipid-related pathways. Check pregnancy/lactation safety before client use.",muscle-gain-exercise;blood-sugar;lipids;cognition;exercise,https://examine.com/supplements/mcts/,Check pregnancy/lactation safety before client use.
Melatonin,Mental Health,Melatonin is a hormone secreted in the brain that regulates sleep.,Mental Health,Potential benefits are context-specific; review the source evidence before using Melatonin in a protocol.,Mechanism details are not clear from the public summary; review the source before applying Melatonin clinically.,"For regulating the sleep cycle and improving sleep disorders, doses of melatonin between 300 micrograms (μg) and 5 mg have been shown to work.[1][2] Start with 300 μg, and work up to 5 mg as needed. The benefits of melatonin are not dose-dependent — taking more will not help you fall asleep faster. That said, the most effective dose is an area of ongoing research. To help with sleep,",,,Melatonin is a hormone secreted in the brain that regulates sleep. Potential benefits are context-specific; review the source evidence before using Melatonin in a protocol. Mechanism details are not clear from the public summary; review the source before applying Melatonin clinically. Paraphrased from public Examine page extraction; educational only.,mental-health;sleep;cognition;exercise;hormones,https://examine.com/supplements/melatonin/,Paraphrased from public Examine page extraction; educational only.
Menthol,General Health,Menthol is a compound made synthetically or extracted from the peppermint plant or other mint plants.,General Health,Potential benefits are context-specific; review the source evidence before using Menthol in a protocol.,Mechanism details are not clear from the public summary; review the source before applying Menthol clinically.,No clear public dosage summary extracted; review source before use.,,,Menthol is a compound made synthetically or extracted from the peppermint plant or other mint plants. Potential benefits are context-specific; review the source evidence before using Menthol in a protocol. Mechanism details are not clear from the public summary; review the source before applying Menthol clinically. Check pregnancy/lactation safety before client use.,general-health,https://examine.com/supplements/menthol/,Check pregnancy/lactation safety before client use.
Methylliberine,Muscle Gain & Exercise,Methylliberine is a purine alkaloid found in the seeds and leaves of various coffee plant species.,Muscle Gain & Exercise,Potential benefits are context-specific; review the source evidence before using Methylliberine in a protocol.,"Methylliberine appears to act mainly through stimulant-like nervous-system pathways that can affect energy, alertness, or exertion.",No clear public dosage summary extracted; review source before use.,,,"Methylliberine is a purine alkaloid found in the seeds and leaves of various coffee plant species. Potential benefits are context-specific; review the source evidence before using Methylliberine in a protocol. Methylliberine appears to act mainly through stimulant-like nervous-system pathways that can affect energy, alertness, or exertion. Check pregnancy/lactation safety before client use.",muscle-gain-exercise;stimulant,https://examine.com/supplements/methylliberine/,Check pregnancy/lactation safety before client use.
Microbiota-Accessible Carbohydrates,Gut Health,Microbiota-accessible carbohydrates (MACs) are carbohydrates that resist human digestion and are instead fermented as prebiotics by the gut microbiota.,Gut Health,Reported benefits should be matched to the specific outcome studied rather than assumed broadly.,Mechanism details are not clear from the public summary; review the source before applying Microbiota-Accessible Carbohydrates clinically.,No clear public dosage summary extracted; review source before use.,,,Microbiota-accessible carbohydrates (MACs) are carbohydrates that resist human digestion and are instead fermented as prebiotics by the gut microbiota. Reported benefits should be matched to the specific outcome studied rather than assumed broadly. Mechanism details are not clear from the public summary; review the source before applying Microbiota-Accessible Carbohydrates clinically. Check pregnancy/lactation safety before client use.,gut-health,https://examine.com/supplements/microbiota-accessible-carbohydrates/,Check pregnancy/lactation safety before client use.
Microlactin,Muscle Gain & Exercise,"Microlactin (Hyperimmune milk) is a form of milk that is acquired by giving lactating cows immunostimulants, which produces a larger amount of antibodies in their secreted milk.",Muscle Gain & Exercise,Reported benefits should be matched to the specific outcome studied rather than assumed broadly.,"Microlactin appears to act mainly through stimulant-like nervous-system pathways that can affect energy, alertness, or exertion.","Microlactin has shown benefit following oral ingestion of both 2,000mg and 9,000mg when taken daily over the course of a few weeks. The optimal dose is currently not known.","Daily, following dosage notes.",,"Microlactin (Hyperimmune milk) is a form of milk that is acquired by giving lactating cows immunostimulants, which produces a larger amount of antibodies in their secreted milk. Reported benefits should be matched to the specific outcome studied rather than assumed broadly. Microlactin appears to act mainly through stimulant-like nervous-system pathways that can affect energy, alertness, or exertion. Check pregnancy/lactation safety before client use.",muscle-gain-exercise;lipids;cognition;exercise;stimulant;hormones,https://examine.com/supplements/microlactin/,Check pregnancy/lactation safety before client use.
Milk Protein,General Health,"Milk protein is a blend of Casein protein and Whey protein, usually in an 80/20 blend.",General Health,Reported benefits should be matched to the specific outcome studied rather than assumed broadly.,Mechanism details are not clear from the public summary; review the source before applying Milk Protein clinically.,No clear public dosage summary extracted; review source before use.,,,"Milk protein is a blend of Casein protein and Whey protein, usually in an 80/20 blend. Reported benefits should be matched to the specific outcome studied rather than assumed broadly. Mechanism details are not clear from the public summary; review the source before applying Milk Protein clinically. Check pregnancy/lactation safety before client use.",general-health;blood-sugar,https://examine.com/supplements/milk-protein/,Check pregnancy/lactation safety before client use.
Milk Thistle,Gut Health,"Milk thistle (Silybum marianum) contains silymarin, a complex of plant compounds known for their hepatoprotective (liver-protecting) properties.",Gut Health,Potential benefits are context-specific; review the source evidence before using Milk Thistle in a protocol.,Mechanism details are not clear from the public summary; review the source before applying Milk Thistle clinically.,"Milk thistle supplements are sold in the form of capsules, tablets, and tinctures and also exist as intravenous solutions (only available in hospital settings). The recommended daily dosage of any given milk thistle supplement depends on both the treatment purpose and the supplement’s silymarin content. When silymarin is used for hepatoprotection,","Daily, following dosage notes.",,"Milk thistle (Silybum marianum) contains silymarin, a complex of plant compounds known for their hepatoprotective (liver-protecting) properties. Potential benefits are context-specific; review the source evidence before using Milk Thistle in a protocol. Mechanism details are not clear from the public summary; review the source before applying Milk Thistle clinically. Paraphrased from public Examine page extraction; educational only.",gut-health;cognition;exercise;hormones,https://examine.com/supplements/milk-thistle/,Paraphrased from public Examine page extraction; educational only.
Mitoquinone mesylate,General Health,Mitoquinone mesylate is a derivative of CoQ10 believed to play a role in mitochondrial function.,General Health,Potential benefits are context-specific; review the source evidence before using Mitoquinone mesylate in a protocol.,Mechanism details are not clear from the public summary; review the source before applying Mitoquinone mesylate clinically.,No clear public dosage summary extracted; review source before use.,,,Mitoquinone mesylate is a derivative of CoQ10 believed to play a role in mitochondrial function. Potential benefits are context-specific; review the source evidence before using Mitoquinone mesylate in a protocol. Mechanism details are not clear from the public summary; review the source before applying Mitoquinone mesylate clinically. Check pregnancy/lactation safety before client use.,general-health,https://examine.com/supplements/mitoquinone-mesylate/,Check pregnancy/lactation safety before client use.
Molecular Hydrogen,Mental Health,Molecular hydrogen is a naturally occurring gas that is usually supplemented through hydrogen-rich water or inhaling hydrogen gas.,Mental Health,Potential benefits are context-specific; review the source evidence before using Molecular Hydrogen in a protocol.,Molecular Hydrogen is discussed in relation to oxidative-stress or inflammatory pathways.,"Molecular hydrogen can be administered in several ways, including inhaling hydrogen gas, drinking or bathing in hydrogen-rich water (HRW), or injecting/infusing hydrogen-rich saline. Injecting, infusing, or inhaling molecular hydrogen is generally done under medical supervision and with specialized equipment. Drinking HRW is probably the safest and most accessible option for most people.[1] Regardless,",,,Molecular hydrogen is a naturally occurring gas that is usually supplemented through hydrogen-rich water or inhaling hydrogen gas. Potential benefits are context-specific; review the source evidence before using Molecular Hydrogen in a protocol. Molecular Hydrogen is discussed in relation to oxidative-stress or inflammatory pathways. Paraphrased from public Examine page extraction; educational only.,mental-health;stress;exercise;inflammation,https://examine.com/supplements/molecular-hydrogen/,Paraphrased from public Examine page extraction; educational only.
Molybdenum,Micronutrient,"Molybdenum is an essential mineral. It is vital for the function of several enzymes, but is easily obtained through the diet.",Micronutrient,Reported benefits should be matched to the specific outcome studied rather than assumed broadly.,Molybdenum likely works by correcting or supporting nutrient-dependent physiological processes.,"Molybdenum supplementation is not recommended because there is no evidence to support any benefits from supplementation, deficiencies are extremely rare, and molybdenum is easily obtained through the diet. More research is needed to determine if long-term supplementation is safe. For this reason, molybdenum doses should not exceed 50µg (0.05mg).",,,"Molybdenum is an essential mineral. It is vital for the function of several enzymes, but is easily obtained through the diet. Reported benefits should be matched to the specific outcome studied rather than assumed broadly. Molybdenum likely works by correcting or supporting nutrient-dependent physiological processes. Paraphrased from public Examine page extraction; educational only.",micronutrient;hormones,https://examine.com/supplements/molybdenum/,Paraphrased from public Examine page extraction; educational only.
Mondo Grass,Immune & Inflammation,"Ophiopogon japonicus is an evergreen perennial used in traditional Chinese medicine, mostly for the treatment of cardiovascular complications and inflammation.",Immune & Inflammation,Potential benefits are context-specific; review the source evidence before using Mondo Grass in a protocol.,Mondo Grass is discussed in relation to oxidative-stress or inflammatory pathways.,No clear public dosage summary extracted; review source before use.,,,"Ophiopogon japonicus is an evergreen perennial used in traditional Chinese medicine, mostly for the treatment of cardiovascular complications and inflammation. Potential benefits are context-specific; review the source evidence before using Mondo Grass in a protocol. Mondo Grass is discussed in relation to oxidative-stress or inflammatory pathways. Check pregnancy/lactation safety before client use.",immune-inflammation;inflammation;heart-health,https://examine.com/supplements/mondo-grass/,Check pregnancy/lactation safety before client use.
Moringa,Metabolic Health,"Moringa oleifera is an economically important tree and vegetable, and preliminary evidence suggests that it has a respectable antioxidant and antiinflammatory potency.",Metabolic Health,Reported benefits should be matched to the specific outcome studied rather than assumed broadly.,Moringa is discussed in relation to oxidative-stress or inflammatory pathways.,"There is not a lot of human evidence at this point in time, but the majority of animal evidence uses rats as the models and uses a water extract of the leaves. When those conditions are met, it appears that 150-200mg/kg oral intake is deemed as optimal in these animal models. It is important to note that due to differences in rodent/ human biochemistry,",,,"Moringa oleifera is an economically important tree and vegetable, and preliminary evidence suggests that it has a respectable antioxidant and antiinflammatory potency. Reported benefits should be matched to the specific outcome studied rather than assumed broadly. Moringa is discussed in relation to oxidative-stress or inflammatory pathways. Paraphrased from public Examine page extraction; educational only.",metabolic-health;blood-sugar;inflammation,https://examine.com/supplements/moringa/,Paraphrased from public Examine page extraction; educational only.
Moro Orange Extract,General Health,"Moro orange extract is the extract of the Moro orange, a particularly pigmented cultivar of blood orange that is rich in anthocyanins and has antioxidant properties.",General Health,Potential benefits are context-specific; review the source evidence before using Moro Orange Extract in a protocol.,Moro Orange Extract is discussed in relation to oxidative-stress or inflammatory pathways.,No clear public dosage summary extracted; review source before use.,,,"Moro orange extract is the extract of the Moro orange, a particularly pigmented cultivar of blood orange that is rich in anthocyanins and has antioxidant properties. Potential benefits are context-specific; review the source evidence before using Moro Orange Extract in a protocol. Moro Orange Extract is discussed in relation to oxidative-stress or inflammatory pathways. Paraphrased from public Examine page extraction; educational only.",general-health,https://examine.com/supplements/moro-orange-extract/,Paraphrased from public Examine page extraction; educational only.
MSM,General Health,"Methylsulfonylmethane (MSM) is an organosulfur compound that is found naturally in fruit, vegetables, and grains.",General Health,Potential benefits are context-specific; review the source evidence before using MSM in a protocol.,MSM is discussed in relation to oxidative-stress or inflammatory pathways.,"Formulation MSM is available in tablet form, powder form, and in topical creams. The best evidence available is for the tablet form. Range of dosages studied MSM has been studied in doses ranging from 500 mg per day up to 6 grams per day. These doses have been given over periods ranging from 10 days up to 16 weeks. Other considerations Even though MSM is sometimes referred to as crystalline dimethyl sulfoxide,","Daily, following dosage notes.",,"Methylsulfonylmethane (MSM) is an organosulfur compound that is found naturally in fruit, vegetables, and grains. Potential benefits are context-specific; review the source evidence before using MSM in a protocol. MSM is discussed in relation to oxidative-stress or inflammatory pathways. Paraphrased from public Examine page extraction; educational only.",general-health;stress;cognition;exercise;inflammation;hormones,https://examine.com/supplements/msm/,Paraphrased from public Examine page extraction; educational only.
Mucuna pruriens,General Health,"Mucuna pruriens, or velvet bean, is a tropical legume known for its high content of L-DOPA, a direct precursor to dopamine.",General Health,Reported benefits should be matched to the specific outcome studied rather than assumed broadly.,Mechanism details are not clear from the public summary; review the source before applying Mucuna pruriens clinically.,"Most trials that investigated the effects of Mucuna pruriens on symptoms of Parkinson's disease or male infertility have used daily doses ranging between 5 and 45 grams of adequately prepared seed powder, corresponding to approximately 200 mg to 1,500 mg of L-DOPA.","Daily, following dosage notes.",,"Mucuna pruriens, or velvet bean, is a tropical legume known for its high content of L-DOPA, a direct precursor to dopamine. Reported benefits should be matched to the specific outcome studied rather than assumed broadly. Mechanism details are not clear from the public summary; review the source before applying Mucuna pruriens clinically. Paraphrased from public Examine page extraction; educational only.",general-health;blood-sugar;cognition;exercise;hormones,https://examine.com/supplements/mucuna-pruriens/,Paraphrased from public Examine page extraction; educational only.
Muira puama,Mental Health,"Muira puama (Marapuama, Potency Wood) is a traditionally used aphrodisiac and nerve tonic in the Brazil region.",Mental Health,Reported benefits should be matched to the specific outcome studied rather than assumed broadly.,Mechanism details are not clear from the public summary; review the source before applying Muira puama clinically.,"The recommended oral dose of muira puama appears to be 1000-1500mg of a 4:1 concentrated extract (equivalent to 4,000-6,000mg of the basic extract). It is unsure if this is the optimal dose or whether it needs to be taken with a meal. 100-300mg/kg appears to be the active range for anti-stress and anxiolytic effects in rats,",With or shortly after meals.,,"Muira puama (Marapuama, Potency Wood) is a traditionally used aphrodisiac and nerve tonic in the Brazil region. Reported benefits should be matched to the specific outcome studied rather than assumed broadly. Mechanism details are not clear from the public summary; review the source before applying Muira puama clinically. Paraphrased from public Examine page extraction; educational only.",mental-health;stress;cognition;exercise;hormones,https://examine.com/supplements/muira-puama/,Paraphrased from public Examine page extraction; educational only.
Mulberry Fruit Extract,General Health,"Mulberry fruit extract is the extract from the fruit of Morus alba, also known as mulberry, white mulberry, and silkworm mulberry.",General Health,Potential benefits are context-specific; review the source evidence before using Mulberry Fruit Extract in a protocol.,Mechanism details are not clear from the public summary; review the source before applying Mulberry Fruit Extract clinically.,No clear public dosage summary extracted; review source before use.,,,"Mulberry fruit extract is the extract from the fruit of Morus alba, also known as mulberry, white mulberry, and silkworm mulberry. Potential benefits are context-specific; review the source evidence before using Mulberry Fruit Extract in a protocol. Mechanism details are not clear from the public summary; review the source before applying Mulberry Fruit Extract clinically. Check pregnancy/lactation safety before client use.",general-health,https://examine.com/supplements/mulberry-fruit-extract/,Check pregnancy/lactation safety before client use.
Multivitamin,Micronutrient,"Multivitamin and multimineral (MVM) supplements contain a combination of vitamins and minerals, and sometimes other ingredients as well.",Micronutrient,Reported benefits should be matched to the specific outcome studied rather than assumed broadly.,Multivitamin likely works by correcting or supporting nutrient-dependent physiological processes.,No clear public dosage summary extracted; review source before use.,,,"Multivitamin and multimineral (MVM) supplements contain a combination of vitamins and minerals, and sometimes other ingredients as well. Reported benefits should be matched to the specific outcome studied rather than assumed broadly. Multivitamin likely works by correcting or supporting nutrient-dependent physiological processes. Check pregnancy/lactation safety before client use.",micronutrient,https://examine.com/supplements/multivitamin/,Check pregnancy/lactation safety before client use.
Mycoprotein,General Health,Mycoprotein is a type of protein derived from the fungus Fusarium venenatum.,General Health,Potential benefits are context-specific; review the source evidence before using Mycoprotein in a protocol.,Mechanism details are not clear from the public summary; review the source before applying Mycoprotein clinically.,No clear public dosage summary extracted; review source before use.,,,Mycoprotein is a type of protein derived from the fungus Fusarium venenatum. Potential benefits are context-specific; review the source evidence before using Mycoprotein in a protocol. Mechanism details are not clear from the public summary; review the source before applying Mycoprotein clinically. Check pregnancy/lactation safety before client use.,general-health,https://examine.com/supplements/mycoprotein/,Check pregnancy/lactation safety before client use.
Myricetin,General Health,"One of the many bioflavonoids, usually investigated as being more involved with anti-osteoporotic effects and bone health than other flavonoids like Kaempferol or Quercetin.",General Health,Potential benefits are context-specific; review the source evidence before using Myricetin in a protocol.,Mechanism details are not clear from the public summary; review the source before applying Myricetin clinically.,No clear public dosage summary extracted; review source before use.,,,"One of the many bioflavonoids, usually investigated as being more involved with anti-osteoporotic effects and bone health than other flavonoids like Kaempferol or Quercetin. Potential benefits are context-specific; review the source evidence before using Myricetin in a protocol. Mechanism details are not clear from the public summary; review the source before applying Myricetin clinically. Check pregnancy/lactation safety before client use.",general-health,https://examine.com/supplements/myricetin/,Check pregnancy/lactation safety before client use.
N-Acetylcysteine,General Health,N-acetylcysteine (NAC) is a precursor for the amino acid L-cysteine.,General Health,Reported benefits should be matched to the specific outcome studied rather than assumed broadly.,N-Acetylcysteine is discussed in relation to oxidative-stress or inflammatory pathways.,"N-acetylcysteine can be given orally, intravenously, topically, or through inhalation.[1] Research suggests that in order to achieve the mucolytic effects in the respiratory tract, NAC can be administered orally or by inhalation.[2] Alternatively,",,,N-acetylcysteine (NAC) is a precursor for the amino acid L-cysteine. Reported benefits should be matched to the specific outcome studied rather than assumed broadly. N-Acetylcysteine is discussed in relation to oxidative-stress or inflammatory pathways. Check pregnancy/lactation safety before client use.,general-health;inflammation;hormones,https://examine.com/supplements/n-acetylcysteine/,Check pregnancy/lactation safety before client use.
N-Phenylacetyl-L-prolylglycine ethyl ester,Mental Health,"N-phenylacetyl-L-prolylglycine ethyl ester (brand name: Noopept), a Nootropic molecule similar to Piracetam that may alleviate cognitive decline.",Mental Health,Potential benefits are context-specific; review the source evidence before using N-Phenylacetyl-L-prolylglycine ethyl ester in a protocol.,Mechanism details are not clear from the public summary; review the source before applying N-Phenylacetyl-L-prolylglycine ethyl ester clinically.,"To supplement Noopept, take 10 – 30 mg, once a day, for up to 56 days at a time. More research is needed to determine the optimal human dose for Noopept.","Daily, following dosage notes.",,"N-phenylacetyl-L-prolylglycine ethyl ester (brand name: Noopept), a Nootropic molecule similar to Piracetam that may alleviate cognitive decline. Potential benefits are context-specific; review the source evidence before using N-Phenylacetyl-L-prolylglycine ethyl ester in a protocol. Mechanism details are not clear from the public summary; review the source before applying N-Phenylacetyl-L-prolylglycine ethyl ester clinically. Paraphrased from public Examine page extraction; educational only.",mental-health;cognition;exercise;hormones,https://examine.com/supplements/noopept/,Paraphrased from public Examine page extraction; educational only.
"N,N-Dimethyltryptamine",General Health,"N,N-Dimethyltryptamine (DMT) is an alkaloid widely found in plants and animals that is best known for producing brief and intense psychedelic effects when ingested.",General Health,"Potential benefits are context-specific; review the source evidence before using N,N-Dimethyltryptamine in a protocol.","Mechanism details are not clear from the public summary; review the source before applying N,N-Dimethyltryptamine clinically.",No clear public dosage summary extracted; review source before use.,,,"N,N-Dimethyltryptamine (DMT) is an alkaloid widely found in plants and animals that is best known for producing brief and intense psychedelic effects when ingested. Potential benefits are context-specific; review the source evidence before using N,N-Dimethyltryptamine in a protocol. Mechanism details are not clear from the public summary; review the source before applying N,N-Dimethyltryptamine clinically. Check pregnancy/lactation safety before client use.",general-health,https://examine.com/supplements/nn-dimethyltryptamine/,Check pregnancy/lactation safety before client use.
Naringenin,General Health,Naringenin belongs to a subclass of flavonoids known as flavanones.,General Health,Potential benefits are context-specific; review the source evidence before using Naringenin in a protocol.,Naringenin is discussed in relation to oxidative-stress or inflammatory pathways.,No clear public dosage summary extracted; review source before use.,,,Naringenin belongs to a subclass of flavonoids known as flavanones. Potential benefits are context-specific; review the source evidence before using Naringenin in a protocol. Naringenin is discussed in relation to oxidative-stress or inflammatory pathways. Check pregnancy/lactation safety before client use.,general-health;inflammation;heart-health,https://examine.com/supplements/naringenin/,Check pregnancy/lactation safety before client use.
Nattokinase,General Health,Nattokinase is an enzyme derived from the fermented soy food product nattō which appears to have some direct fibrinolytic (blood-clot-busting) activity.,General Health,Potential benefits are context-specific; review the source evidence before using Nattokinase in a protocol.,Mechanism details are not clear from the public summary; review the source before applying Nattokinase clinically.,"Most commonly, 100 mg (2,000 fibrinolytic units (FU)) of nattokinase are taken by mouth daily.[1][2][3][4] This dose is reported to not cause adverse effects by the European Food Safety Authority (EFSA).[5] Limited research using higher doses of nattokinase also reported no adverse effects.","Daily, following dosage notes.",,Nattokinase is an enzyme derived from the fermented soy food product nattō which appears to have some direct fibrinolytic (blood-clot-busting) activity. Potential benefits are context-specific; review the source evidence before using Nattokinase in a protocol. Mechanism details are not clear from the public summary; review the source before applying Nattokinase clinically. Paraphrased from public Examine page extraction; educational only.,general-health;lipids;cognition;exercise;hormones;heart-health,https://examine.com/supplements/nattokinase/,Paraphrased from public Examine page extraction; educational only.
Neem,General Health,"Neem, also known as Azadirachta indica, is an herbal supplement that is commonly used to treat gingivitis, getting rid of parasitic infections, and improving skin and hair health.",General Health,Potential benefits are context-specific; review the source evidence before using Neem in a protocol.,Mechanism details are not clear from the public summary; review the source before applying Neem clinically.,No clear public dosage summary extracted; review source before use.,,,"Neem, also known as Azadirachta indica, is an herbal supplement that is commonly used to treat gingivitis, getting rid of parasitic infections, and improving skin and hair health. Potential benefits are context-specific; review the source evidence before using Neem in a protocol. Mechanism details are not clear from the public summary; review the source before applying Neem clinically. Check pregnancy/lactation safety before client use.",general-health,https://examine.com/supplements/neem/,Check pregnancy/lactation safety before client use.
Nefiracetam,Mental Health,Nefiracetam is a nootropic compound of the racetam family with similarities to Aniracetam.,Mental Health,Reported benefits should be matched to the specific outcome studied rather than assumed broadly.,Nefiracetam may influence choline availability and acetylcholine-related signaling.,"Supplementation of nefiracetam appears to be in the 150-450mg range over the course of a day (usually divided into three even doses). Animal studies using acute doses tend to note most benefits in the 3-10mg/kg range, and this correlates to a human dose of 0.48-1.6mg/kg (for a 150lb person, 33-110mg) which is similar to the aforementioned human doses.",Split across the day as described in dosage notes.,,Nefiracetam is a nootropic compound of the racetam family with similarities to Aniracetam. Reported benefits should be matched to the specific outcome studied rather than assumed broadly. Nefiracetam may influence choline availability and acetylcholine-related signaling. Paraphrased from public Examine page extraction; educational only.,mental-health;cognition,https://examine.com/supplements/nefiracetam/,Paraphrased from public Examine page extraction; educational only.
New Zealand Pine Bark Extract,Metabolic Health,New Zealand pine bark extract comes from the Pinus radiata tree.,Metabolic Health,Potential benefits are context-specific; review the source evidence before using New Zealand Pine Bark Extract in a protocol.,"New Zealand Pine Bark Extract may affect metabolic signaling, glucose handling, or lipid-related pathways.",No clear public dosage summary extracted; review source before use.,,,"New Zealand pine bark extract comes from the Pinus radiata tree. Potential benefits are context-specific; review the source evidence before using New Zealand Pine Bark Extract in a protocol. New Zealand Pine Bark Extract may affect metabolic signaling, glucose handling, or lipid-related pathways. Check pregnancy/lactation safety before client use.",metabolic-health;blood-sugar;cognition,https://examine.com/supplements/new-zealand-pine-bark-extract/,Check pregnancy/lactation safety before client use.
Niacin (Vitamin B3),Metabolic Health,"Niacin is a form of vitamin B3. Supplementation with niacin (nicotinic acid) can improve cholesterol levels; however, niacin's inability to reduce cardiovascular disease risk and its association with adverse effects make its use controversial.",Metabolic Health,Reported benefits should be matched to the specific outcome studied rather than assumed broadly.,"Niacin (Vitamin B3) may affect metabolic signaling, glucose handling, or lipid-related pathways.","Formulation Niacin (nicotinic acid) supplements are available in a variety of oral preparations, including tablets and capsules. To reduce the risk of flushing (a sudden reddening, warming, and/or tingling of the skin), some niacin supplements are formulated as controlled release, meaning that the niacin gets released slowly over time, rather than all at once. However,",,,"Niacin is a form of vitamin B3. Supplementation with niacin (nicotinic acid) can improve cholesterol levels; however, niacin's inability to reduce cardiovascular disease risk and its association with adverse effects make its use controversial. Reported benefits should be matched to the specific outcome studied rather than assumed broadly. Niacin (Vitamin B3) may affect metabolic signaling, glucose handling, or lipid-related pathways. Paraphrased from public Examine page extraction;",metabolic-health;lipids;heart-health,https://examine.com/supplements/vitamin-b3/,Paraphrased from public Examine page extraction; educational only.
Nicotinamide,Micronutrient,"Nicotinamide, also commonly known as niacinamide, is a form of vitamin B3.",Micronutrient,Reported benefits should be matched to the specific outcome studied rather than assumed broadly.,Nicotinamide likely works by correcting or supporting nutrient-dependent physiological processes.,"Formulation Nicotinamide supplements are available in a variety of oral preparations, including tablets and capsules, and are commonly marketed as “no-flush niacin”. Topical skincare formulations include creams, gels, lotions, and more. In skincare, nicotinamide is more commonly referred to as niacinamide.",,,"Nicotinamide, also commonly known as niacinamide, is a form of vitamin B3. Reported benefits should be matched to the specific outcome studied rather than assumed broadly. Nicotinamide likely works by correcting or supporting nutrient-dependent physiological processes. Paraphrased from public Examine page extraction; educational only.",micronutrient;hormones,https://examine.com/supplements/nicotinamide/,Paraphrased from public Examine page extraction; educational only.
Nicotinamide Adenine Dinucleotide,General Health,Nicotinamide adenine dinucleotide (NAD+) is one of the cofactors needed for metabolism and many other functions in the body.,General Health,Potential benefits are context-specific; review the source evidence before using Nicotinamide Adenine Dinucleotide in a protocol.,Nicotinamide Adenine Dinucleotide likely works by correcting or supporting nutrient-dependent physiological processes.,No clear public dosage summary extracted; review source before use.,,,Nicotinamide adenine dinucleotide (NAD+) is one of the cofactors needed for metabolism and many other functions in the body. Potential benefits are context-specific; review the source evidence before using Nicotinamide Adenine Dinucleotide in a protocol. Nicotinamide Adenine Dinucleotide likely works by correcting or supporting nutrient-dependent physiological processes. Check pregnancy/lactation safety before client use.,general-health,https://examine.com/supplements/nicotinamide-adenine-dinucleotide/,Check pregnancy/lactation safety before client use.
Nicotinamide Mononucleotide,Micronutrient,Nicotinamide mononucleotide (NMN) is a form of vitamin B3 taken to boost levels of NAD+ and for its purported anti-aging effects.,Micronutrient,Reported benefits should be matched to the specific outcome studied rather than assumed broadly.,Nicotinamide Mononucleotide likely works by correcting or supporting nutrient-dependent physiological processes.,Examine Database,,,Nicotinamide mononucleotide (NMN) is a form of vitamin B3 taken to boost levels of NAD+ and for its purported anti-aging effects. Reported benefits should be matched to the specific outcome studied rather than assumed broadly. Nicotinamide Mononucleotide likely works by correcting or supporting nutrient-dependent physiological processes. Paraphrased from public Examine page extraction; educational only.,micronutrient;cognition;exercise;hormones,https://examine.com/supplements/nicotinamide-mononucleotide/,Paraphrased from public Examine page extraction; educational only.
Nicotinamide Riboside,Immune & Inflammation,"Nicotinamide riboside (NR), also known as niagen, is a form of vitamin B3 that is converted by the body into an enzyme called NAD+, which plays a role in the body’s metabolism, repairing DNA, and regulating immune function.",Immune & Inflammation,Potential benefits are context-specific; review the source evidence before using Nicotinamide Riboside in a protocol.,Nicotinamide Riboside likely works by correcting or supporting nutrient-dependent physiological processes.,No clear public dosage summary extracted; review source before use.,,,"Nicotinamide riboside (NR), also known as niagen, is a form of vitamin B3 that is converted by the body into an enzyme called NAD+, which plays a role in the body’s metabolism, repairing DNA, and regulating immune function. Potential benefits are context-specific; review the source evidence before using Nicotinamide Riboside in a protocol. Nicotinamide Riboside likely works by correcting or supporting nutrient-dependent physiological processes. Check pregnancy/lactation safety before client use.",immune-inflammation,https://examine.com/supplements/nicotinamide-riboside/,Check pregnancy/lactation safety before client use.
Nicotine,Muscle Gain & Exercise,Nicotine is the main stimulatory compound found in cigarettes and is now sold in vaporizers and patches in isolation.,Muscle Gain & Exercise,Reported benefits should be matched to the specific outcome studied rather than assumed broadly.,"Nicotine appears to act mainly through stimulant-like nervous-system pathways that can affect energy, alertness, or exertion.","Nicotine can be administered via several methods (excluding cigarettes, which are not recommended due to risks greatly exceeding benefits): An inhaler, which lets you rapidly feel the effects of nicotine (and inherently carries more risk than other forms due to the speed at which it works) Topical patches,",,,"Nicotine is the main stimulatory compound found in cigarettes and is now sold in vaporizers and patches in isolation. Reported benefits should be matched to the specific outcome studied rather than assumed broadly. Nicotine appears to act mainly through stimulant-like nervous-system pathways that can affect energy, alertness, or exertion. Paraphrased from public Examine page extraction; educational only.",muscle-gain-exercise;cognition;stimulant;inflammation;hormones;heart-health,https://examine.com/supplements/nicotine/,Paraphrased from public Examine page extraction; educational only.
Nitrate,Muscle Gain & Exercise,"Nitrate (NO3-) is found in several foods (e.g., green leafy vegetables and beetroot).",Muscle Gain & Exercise,Reported benefits should be matched to the specific outcome studied rather than assumed broadly.,Mechanism details are not clear from the public summary; review the source before applying Nitrate clinically.,"Formulations: Tablets (sodium/potassium nitrate, beetroot extract) or liquid (beetroot juice). Range of dosages studied: 200 to 1,488 mg (3 to 24 mmol) of nitrate per day.","Daily, following dosage notes.",,"Nitrate (NO3-) is found in several foods (e.g., green leafy vegetables and beetroot). Reported benefits should be matched to the specific outcome studied rather than assumed broadly. Mechanism details are not clear from the public summary; review the source before applying Nitrate clinically. Check pregnancy/lactation safety before client use.",muscle-gain-exercise;exercise;heart-health,https://examine.com/supplements/nitrate/,Check pregnancy/lactation safety before client use.
Nondigestible Fermentable Carbohydrates,Gut Health,Nondigestible fermentable carbohydrates cannot be digested but can be fermented by gut bacteria into short-chain fatty acids and gases.,Gut Health,Potential benefits are context-specific; review the source evidence before using Nondigestible Fermentable Carbohydrates in a protocol.,Nondigestible Fermentable Carbohydrates may act through gut-microbiome or digestive pathways.,No clear public dosage summary extracted; review source before use.,,,Nondigestible fermentable carbohydrates cannot be digested but can be fermented by gut bacteria into short-chain fatty acids and gases. Potential benefits are context-specific; review the source evidence before using Nondigestible Fermentable Carbohydrates in a protocol. Nondigestible Fermentable Carbohydrates may act through gut-microbiome or digestive pathways. Check pregnancy/lactation safety before client use.,gut-health,https://examine.com/supplements/nondigestible-fermentable-carbohydrates/,Check pregnancy/lactation safety before client use.
Oat Bran,General Health,Oat bran comes from the outer layer of the oat.,General Health,Potential benefits are context-specific; review the source evidence before using Oat Bran in a protocol.,Mechanism details are not clear from the public summary; review the source before applying Oat Bran clinically.,No clear public dosage summary extracted; review source before use.,,,Oat bran comes from the outer layer of the oat. Potential benefits are context-specific; review the source evidence before using Oat Bran in a protocol. Mechanism details are not clear from the public summary; review the source before applying Oat Bran clinically. Check pregnancy/lactation safety before client use.,general-health,https://examine.com/supplements/oat-bran/,Check pregnancy/lactation safety before client use.
Octopamine,Muscle Gain & Exercise,"A metabolite of synephrine, Octopamine is a stimulant compound that is also thought to have minor fat burning effects.",Muscle Gain & Exercise,Potential benefits are context-specific; review the source evidence before using Octopamine in a protocol.,"Octopamine appears to act mainly through stimulant-like nervous-system pathways that can affect energy, alertness, or exertion.",No clear public dosage summary extracted; review source before use.,,,"A metabolite of synephrine, Octopamine is a stimulant compound that is also thought to have minor fat burning effects. Potential benefits are context-specific; review the source evidence before using Octopamine in a protocol. Octopamine appears to act mainly through stimulant-like nervous-system pathways that can affect energy, alertness, or exertion. High caution: prohibited, banned, or not approved language appears in the source. Check pregnancy/lactation safety before client use.",muscle-gain-exercise;stimulant;wada-caution,https://examine.com/supplements/octopamine/,"High caution: prohibited, banned, or not approved language appears in the source. Check pregnancy/lactation safety before client use."
Oleamide,Mental Health,"Oleamide is a derivative of Oleic Acid (major omega-9 fatty acid form Olive Oil) with a nitrogen group, and appears to be naturally associated with sleep; injections induce sleep and activate the same receptors as Marijuana.",Mental Health,Potential benefits are context-specific; review the source evidence before using Oleamide in a protocol.,Mechanism details are not clear from the public summary; review the source before applying Oleamide clinically.,No clear public dosage summary extracted; review source before use.,,,"Oleamide is a derivative of Oleic Acid (major omega-9 fatty acid form Olive Oil) with a nitrogen group, and appears to be naturally associated with sleep; injections induce sleep and activate the same receptors as Marijuana. Potential benefits are context-specific; review the source evidence before using Oleamide in a protocol. Mechanism details are not clear from the public summary; review the source before applying Oleamide clinically. Check pregnancy/lactation safety before client use.",mental-health;sleep,https://examine.com/supplements/oleamide/,Check pregnancy/lactation safety before client use.
Oleoylethanolamide,Muscle Gain & Exercise,"Oleoylethanolamide (OEA) is a molecule produced in the body, usually found in the intestines.",Muscle Gain & Exercise,Reported benefits should be matched to the specific outcome studied rather than assumed broadly.,"Oleoylethanolamide is being investigated for tissue-signaling and repair pathways, but human mechanisms remain uncertain.",Research on rats has observed effects at a daily dose of 10mg/kg of bodyweight. This is roughly equivalent to the following human dosages: 128.5 mg for a 150 lb person 171.4 mg for a 200 lb person 214.3 mg for a 250 lb person,"Daily, following dosage notes.",,"Oleoylethanolamide (OEA) is a molecule produced in the body, usually found in the intestines. Reported benefits should be matched to the specific outcome studied rather than assumed broadly. Oleoylethanolamide is being investigated for tissue-signaling and repair pathways, but human mechanisms remain uncertain. Paraphrased from public Examine page extraction; educational only.",muscle-gain-exercise;stimulant;hormones,https://examine.com/supplements/oleoylethanolamide/,Paraphrased from public Examine page extraction; educational only.
Olive Leaf Extract,Metabolic Health,Olive leaf extract comes from the leaves of olive plants and is distinct from olive oil.,Metabolic Health,Reported benefits should be matched to the specific outcome studied rather than assumed broadly.,Olive Leaf Extract is discussed in relation to oxidative-stress or inflammatory pathways.,"For cardiovascular health, studies include dosages ranging from 500 mg to 1000 mg per day.[1][2] Many products contain a specific percentage of oleuropein, the main active compound. Common percentages range from 5% to 20% of oleuropein. However, the optimal percentage of oleuropein is unclear, based on existing research. Olive leaf extract is usually sold in capsule, liquid, or tablet form.","Daily, following dosage notes.",,Olive leaf extract comes from the leaves of olive plants and is distinct from olive oil. Reported benefits should be matched to the specific outcome studied rather than assumed broadly. Olive Leaf Extract is discussed in relation to oxidative-stress or inflammatory pathways. Paraphrased from public Examine page extraction; educational only.,metabolic-health;lipids;cognition;exercise;inflammation;hormones;heart-health,https://examine.com/supplements/olive-leaf-extract/,Paraphrased from public Examine page extraction; educational only.
Omega-3 Fatty Acids,General Health,"Omega-3 fatty acids are polyunsaturated fatty acids, distinguished by having a double bond three carbons away from the end of the hydrocarbon tail.",General Health,Potential benefits are context-specific; review the source evidence before using Omega-3 Fatty Acids in a protocol.,Mechanism details are not clear from the public summary; review the source before applying Omega-3 Fatty Acids clinically.,No clear public dosage summary extracted; review source before use.,,,"Omega-3 fatty acids are polyunsaturated fatty acids, distinguished by having a double bond three carbons away from the end of the hydrocarbon tail. Potential benefits are context-specific; review the source evidence before using Omega-3 Fatty Acids in a protocol. Mechanism details are not clear from the public summary; review the source before applying Omega-3 Fatty Acids clinically. Check pregnancy/lactation safety before client use.",general-health;heart-health,https://examine.com/supplements/omega-3-fatty-acids/,Check pregnancy/lactation safety before client use.
Omega-6 Fatty Acids,Mental Health,Omega-6 fatty acids are essential polyunsaturated fats.,Mental Health,Potential benefits are context-specific; review the source evidence before using Omega-6 Fatty Acids in a protocol.,Mechanism details are not clear from the public summary; review the source before applying Omega-6 Fatty Acids clinically.,No clear public dosage summary extracted; review source before use.,,,Omega-6 fatty acids are essential polyunsaturated fats. Potential benefits are context-specific; review the source evidence before using Omega-6 Fatty Acids in a protocol. Mechanism details are not clear from the public summary; review the source before applying Omega-6 Fatty Acids clinically. Check pregnancy/lactation safety before client use.,mental-health;cognition,https://examine.com/supplements/omega-6-fatty-acids/,Check pregnancy/lactation safety before client use.
Orange Peel,Micronutrient,"Orange peel is a great source of vitamin C, fiber, polyphenols, folate, vitamin B6, calcium, and a potent citrus flavonoid called hesperidin, which may provide benefits for cardiovascular health.",Micronutrient,Reported benefits should be matched to the specific outcome studied rather than assumed broadly.,Orange Peel likely works by correcting or supporting nutrient-dependent physiological processes.,No clear public dosage summary extracted; review source before use.,,,"Orange peel is a great source of vitamin C, fiber, polyphenols, folate, vitamin B6, calcium, and a potent citrus flavonoid called hesperidin, which may provide benefits for cardiovascular health. Reported benefits should be matched to the specific outcome studied rather than assumed broadly. Orange Peel likely works by correcting or supporting nutrient-dependent physiological processes. Check pregnancy/lactation safety before client use.",micronutrient;heart-health,https://examine.com/supplements/orange-peel/,Check pregnancy/lactation safety before client use.
Oregano,Gut Health,"Origanum vulgare (Oregano) is a spice. Its essential oil component, oil of oregano, is sold as an immune booster.",Gut Health,Reported benefits should be matched to the specific outcome studied rather than assumed broadly.,Oregano is discussed in relation to oxidative-stress or inflammatory pathways.,"The only study on using oil of oregano for oral supplementation used a dose of 600mg. To make tea, steep 15g of oregano leaves in 250mL of water. The tea is traditionally used to aid digestion, while the oil has antibacterial properties that may boost the immune system. Both the tea and oil is usually supplemented once a day.","Daily, following dosage notes.",,"Origanum vulgare (Oregano) is a spice. Its essential oil component, oil of oregano, is sold as an immune booster. Reported benefits should be matched to the specific outcome studied rather than assumed broadly. Oregano is discussed in relation to oxidative-stress or inflammatory pathways. Paraphrased from public Examine page extraction; educational only.",gut-health,https://examine.com/supplements/oregano/,Paraphrased from public Examine page extraction; educational only.
Ornithine,Muscle Gain & Exercise,"Ornithine, arginine, and citrulline are the three amino acids involved in the urea cycle.",Muscle Gain & Exercise,Reported benefits should be matched to the specific outcome studied rather than assumed broadly.,Mechanism details are not clear from the public summary; review the source before applying Ornithine clinically.,"Ornithine supplementation (as hydrochloride) is taken in the range of 2-6g daily. Most studies use a dose in this range, but despite serum levels being somewhat dose dependent there is a chance of intestinal distress at doses above 10g. Most studies use Ornithine hydrochloride (Ornithine HCl) which appears to be effective. Ornithine HCl is 78% Ornithine by weight,","Daily, following dosage notes.",,"Ornithine, arginine, and citrulline are the three amino acids involved in the urea cycle. Reported benefits should be matched to the specific outcome studied rather than assumed broadly. Mechanism details are not clear from the public summary; review the source before applying Ornithine clinically. Paraphrased from public Examine page extraction; educational only.",muscle-gain-exercise;stress;cognition;exercise;hormones;heart-health,https://examine.com/supplements/ornithine/,Paraphrased from public Examine page extraction; educational only.
Oroxylum indicum,Metabolic Health,Oroxylum indicum is a traditional Asian medicine that contains high amounts of flavonoids.,Metabolic Health,Potential benefits are context-specific; review the source evidence before using Oroxylum indicum in a protocol.,"Oroxylum indicum may affect metabolic signaling, glucose handling, or lipid-related pathways.",No clear public dosage summary extracted; review source before use.,,,"Oroxylum indicum is a traditional Asian medicine that contains high amounts of flavonoids. Potential benefits are context-specific; review the source evidence before using Oroxylum indicum in a protocol. Oroxylum indicum may affect metabolic signaling, glucose handling, or lipid-related pathways. Check pregnancy/lactation safety before client use.",metabolic-health;blood-sugar,https://examine.com/supplements/oroxylum-indicum/,Check pregnancy/lactation safety before client use.
Oxaloacetate,Gut Health,Oxaloacetate is an intermediate of the Kreb's cycle that binds to acetyl-CoA in the formation of citrate.,Gut Health,Potential benefits are context-specific; review the source evidence before using Oxaloacetate in a protocol.,Mechanism details are not clear from the public summary; review the source before applying Oxaloacetate clinically.,No clear public dosage summary extracted; review source before use.,,,Oxaloacetate is an intermediate of the Kreb's cycle that binds to acetyl-CoA in the formation of citrate. Potential benefits are context-specific; review the source evidence before using Oxaloacetate in a protocol. Mechanism details are not clear from the public summary; review the source before applying Oxaloacetate clinically. Check pregnancy/lactation safety before client use.,gut-health,https://examine.com/supplements/oxaloacetate/,Check pregnancy/lactation safety before client use.
Oxiracetam,Metabolic Health,"Oxiracetam is one of the three first-tier racetam compounds, being produced after both Piracetam and Aniracetam.",Metabolic Health,Reported benefits should be matched to the specific outcome studied rather than assumed broadly.,Oxiracetam may influence choline availability and acetylcholine-related signaling.,"Supplementation of Oxiracetam tends to be in the dosage range of 1,200-2,400mg taken over the course of a day, either in two to three evenly spread dosing periods (such as three doses of 400mg or 800mg). No studies have assessed whether or not oxiracetam would benefit from being taken with a meal, but it should be taken approximately one hour prior to a learning activity.",With or shortly after meals.,,"Oxiracetam is one of the three first-tier racetam compounds, being produced after both Piracetam and Aniracetam. Reported benefits should be matched to the specific outcome studied rather than assumed broadly. Oxiracetam may influence choline availability and acetylcholine-related signaling. Paraphrased from public Examine page extraction; educational only.",metabolic-health;cognition,https://examine.com/supplements/oxiracetam/,Paraphrased from public Examine page extraction; educational only.
Oxytropis falcate,General Health,"Oxytropis Falcate (Edaxia) is a herb deemed the 'King of Herbs' in Tibetan medicine, but despite its acclaim it is highly underresearched.",General Health,Potential benefits are context-specific; review the source evidence before using Oxytropis falcate in a protocol.,Oxytropis falcate is discussed in relation to oxidative-stress or inflammatory pathways.,Not enough evidence currently exists to recommend dosages for human usage,,,"Oxytropis Falcate (Edaxia) is a herb deemed the 'King of Herbs' in Tibetan medicine, but despite its acclaim it is highly underresearched. Potential benefits are context-specific; review the source evidence before using Oxytropis falcate in a protocol. Oxytropis falcate is discussed in relation to oxidative-stress or inflammatory pathways. Check pregnancy/lactation safety before client use.",general-health;cognition;exercise;inflammation;hormones,https://examine.com/supplements/oxytropis-falcate/,Check pregnancy/lactation safety before client use.
Paederia foetida,Immune & Inflammation,Paederia foetida (Prasarini) is a herb traditionally used for some aspects of male vitality.,Immune & Inflammation,"Human evidence appears limited, so treat benefits as uncertain.",Paederia foetida is discussed in relation to oxidative-stress or inflammatory pathways.,Not enough evidence exists to support an optimal human dose.,,,"Paederia foetida (Prasarini) is a herb traditionally used for some aspects of male vitality. Human evidence appears limited, so treat benefits as uncertain. Paederia foetida is discussed in relation to oxidative-stress or inflammatory pathways. Evidence appears limited; human review recommended.",immune-inflammation;cognition;exercise;inflammation;hormones;experimental,https://examine.com/supplements/paederia-foetida/,Evidence appears limited; human review recommended.
Palmatine,General Health,"Palmatine is one of the main four protoberberine alkaloids (alongside Berberine) and is commonly found in plants that confer berberine, such as Berberis Aristata and Tinospora cordifolia.",General Health,Potential benefits are context-specific; review the source evidence before using Palmatine in a protocol.,Mechanism details are not clear from the public summary; review the source before applying Palmatine clinically.,No clear public dosage summary extracted; review source before use.,,,"Palmatine is one of the main four protoberberine alkaloids (alongside Berberine) and is commonly found in plants that confer berberine, such as Berberis Aristata and Tinospora cordifolia. Potential benefits are context-specific; review the source evidence before using Palmatine in a protocol. Mechanism details are not clear from the public summary; review the source before applying Palmatine clinically. Check pregnancy/lactation safety before client use.",general-health,https://examine.com/supplements/palmatine/,Check pregnancy/lactation safety before client use.
Palmitoylethanolamide,Metabolic Health,Palmitoylethanolamide (PEA) is an endogenously-produced lipid-like molecule that is very similar to endocannabinoids.,Metabolic Health,Potential benefits are context-specific; review the source evidence before using Palmitoylethanolamide in a protocol.,Palmitoylethanolamide is discussed in relation to oxidative-stress or inflammatory pathways.,No clear public dosage summary extracted; review source before use.,,,Palmitoylethanolamide (PEA) is an endogenously-produced lipid-like molecule that is very similar to endocannabinoids. Potential benefits are context-specific; review the source evidence before using Palmitoylethanolamide in a protocol. Palmitoylethanolamide is discussed in relation to oxidative-stress or inflammatory pathways. Check pregnancy/lactation safety before client use.,metabolic-health;lipids;sleep;inflammation,https://examine.com/supplements/palmitoylethanolamide/,Check pregnancy/lactation safety before client use.
Panax Ginseng (Korean Ginseng),Muscle Gain & Exercise,Panax ginseng is commonly referred to as “Korean ginseng”.,Muscle Gain & Exercise,Reported benefits should be matched to the specific outcome studied rather than assumed broadly.,"Panax Ginseng (Korean Ginseng) appears to act mainly through stimulant-like nervous-system pathways that can affect energy, alertness, or exertion.","Panax ginseng is typically consumed in daily doses ranging from 200 to 400 mg, with the 400 mg dosage showing the most notable cognitive benefits.[1] These doses refer to standardized ginseng extracts which contain around 4–10 % total ginsenosides (Panax ginseng’s primary bioactive compounds) and are taken once daily.","Daily, following dosage notes.",,"Panax ginseng is commonly referred to as “Korean ginseng”. Reported benefits should be matched to the specific outcome studied rather than assumed broadly. Panax Ginseng (Korean Ginseng) appears to act mainly through stimulant-like nervous-system pathways that can affect energy, alertness, or exertion. Check pregnancy/lactation safety before client use.",muscle-gain-exercise;blood-sugar;lipids;sleep;cognition;exercise;stimulant;hormones,https://examine.com/supplements/panax-ginseng/,Check pregnancy/lactation safety before client use.
Panax notoginseng,General Health,"Panax notoginseng, commonly referred to as Chinese ginseng, may have some cardioprotective properties.",General Health,Potential benefits are context-specific; review the source evidence before using Panax notoginseng in a protocol.,Mechanism details are not clear from the public summary; review the source before applying Panax notoginseng clinically.,"Most studies on Panax notoginseng use standardized injectable preparations (e.g., Xuesaitong injection, Xueshuantong injection) or oral preparations (i.e., Xuesaitong soft capsules) that contain Panax notoginseng as the main ingredient as well as extracts from other plants.[1]",,,"Panax notoginseng, commonly referred to as Chinese ginseng, may have some cardioprotective properties. Potential benefits are context-specific; review the source evidence before using Panax notoginseng in a protocol. Mechanism details are not clear from the public summary; review the source before applying Panax notoginseng clinically. Paraphrased from public Examine page extraction; educational only.",general-health;cognition;exercise;hormones;heart-health,https://examine.com/supplements/panax-notoginseng/,Paraphrased from public Examine page extraction; educational only.
Panax quinquefolius (American ginseng),Metabolic Health,"Panax quinquefolius, commonly referred to as “American ginseng”, appears to be useful in preventing some viral upper respiratory tract infections.",Metabolic Health,Reported benefits should be matched to the specific outcome studied rather than assumed broadly.,"Panax quinquefolius (American ginseng) may affect metabolic signaling, glucose handling, or lipid-related pathways.","American ginseng is typically used in dosages of 200–400 mg once or twice daily.[1][2] Some condition-specific studies, such as studies assessing the effect of American ginseng on diabetes, blood pressure, or workout capacity, have used larger dosages (2–3 grams daily) of standardized extracts for up to 12 weeks.[3]","Daily, following dosage notes.",,"Panax quinquefolius, commonly referred to as “American ginseng”, appears to be useful in preventing some viral upper respiratory tract infections. Reported benefits should be matched to the specific outcome studied rather than assumed broadly. Panax quinquefolius (American ginseng) may affect metabolic signaling, glucose handling, or lipid-related pathways. Paraphrased from public Examine page extraction; educational only.",metabolic-health;blood-sugar;cognition;exercise;hormones;heart-health,https://examine.com/supplements/american-ginseng-panax-quinquefolius/,Paraphrased from public Examine page extraction; educational only.
Pantothenic Acid (Vitamin B5),Muscle Gain & Exercise,"Pantothenic acid is an essential B vitamin required for the synthesis of coenzyme A, a cofactor required for many enzymatic reactions in the body related to energy production and metabolism.",Muscle Gain & Exercise,Potential benefits are context-specific; review the source evidence before using Pantothenic Acid (Vitamin B5) in a protocol.,Pantothenic Acid (Vitamin B5) likely works by correcting or supporting nutrient-dependent physiological processes.,"Formulation Most pantothenic acid supplements contain calcium pantothenate. Pantothenic acid is available as a single-ingredient oral tablet, capsule, or liquid, or in combination with other micronutrients (e.g., B-complex vitamins, multivitamins). Range of dosages studied There is not enough research to determine a typical dosage range for pantothenic acid.",,,"Pantothenic acid is an essential B vitamin required for the synthesis of coenzyme A, a cofactor required for many enzymatic reactions in the body related to energy production and metabolism. Potential benefits are context-specific; review the source evidence before using Pantothenic Acid (Vitamin B5) in a protocol. Pantothenic Acid (Vitamin B5) likely works by correcting or supporting nutrient-dependent physiological processes. Paraphrased from public Examine page extraction; educational only.",muscle-gain-exercise;stimulant;hormones,https://examine.com/supplements/vitamin-b5/,Paraphrased from public Examine page extraction; educational only.
Paraprobiotics,Gut Health,"Paraprobiotics, also known as inactivated probiotics, are non-viable microbial cells or cell extracts that can confer health benefits when consumed in adequate amounts.",Gut Health,Reported benefits should be matched to the specific outcome studied rather than assumed broadly.,Paraprobiotics may act through gut-microbiome or digestive pathways.,No clear public dosage summary extracted; review source before use.,,,"Paraprobiotics, also known as inactivated probiotics, are non-viable microbial cells or cell extracts that can confer health benefits when consumed in adequate amounts. Reported benefits should be matched to the specific outcome studied rather than assumed broadly. Paraprobiotics may act through gut-microbiome or digestive pathways. Check pregnancy/lactation safety before client use.",gut-health,https://examine.com/supplements/paraprobiotics/,Check pregnancy/lactation safety before client use.
Passionflower,Mental Health,"Passionflower is a woody, flowering vine used as a calming supplement for both anxiety and sleeping disorders.",Mental Health,Reported benefits should be matched to the specific outcome studied rather than assumed broadly.,Mechanism details are not clear from the public summary; review the source before applying Passionflower clinically.,"The most effective dose and frequency for passionflower have yet to be established. Manufacturers frequently do not specify the purity and concentration of passionflower supplements, contributing to uncertainty regarding recommended strength, frequency, and dosing. There are currently no generally accepted dosage guidelines for passionflower. However,",,,"Passionflower is a woody, flowering vine used as a calming supplement for both anxiety and sleeping disorders. Reported benefits should be matched to the specific outcome studied rather than assumed broadly. Mechanism details are not clear from the public summary; review the source before applying Passionflower clinically. Check pregnancy/lactation safety before client use.",mental-health;sleep;exercise;hormones,https://examine.com/supplements/passionflower/,Check pregnancy/lactation safety before client use.
Patchouli,General Health,"Pogostemon cablin, also known as patchouli, is an herb used in aromatherapy and perfumes.",General Health,Reported benefits should be matched to the specific outcome studied rather than assumed broadly.,Patchouli is discussed in relation to oxidative-stress or inflammatory pathways.,"The standard dose for patchouli supplementation is based off of animal doses. Approximately 40mg/kg of bodyweight of patchouli, given to rats, is associated with anti-depressant effects. This translates to the following human dosages: • 440mg for a 150lb person • 580mg for a 200lb person • 730mg for a 250lb person A dose of 40-80mg/kg of bodyweight, given to mice, is associated with an anti-flu effect.",,,"Pogostemon cablin, also known as patchouli, is an herb used in aromatherapy and perfumes. Reported benefits should be matched to the specific outcome studied rather than assumed broadly. Patchouli is discussed in relation to oxidative-stress or inflammatory pathways. Paraphrased from public Examine page extraction; educational only.",general-health;inflammation;hormones,https://examine.com/supplements/patchouli/,Paraphrased from public Examine page extraction; educational only.
Pea Protein,General Health,"Pea protein, also known as pea protein isolate, is a protein made from ground yellow peas.",General Health,Potential benefits are context-specific; review the source evidence before using Pea Protein in a protocol.,Mechanism details are not clear from the public summary; review the source before applying Pea Protein clinically.,No clear public dosage summary extracted; review source before use.,,,"Pea protein, also known as pea protein isolate, is a protein made from ground yellow peas. Potential benefits are context-specific; review the source evidence before using Pea Protein in a protocol. Mechanism details are not clear from the public summary; review the source before applying Pea Protein clinically. Check pregnancy/lactation safety before client use.",general-health,https://examine.com/supplements/pea-protein/,Check pregnancy/lactation safety before client use.
Pedalium murex,General Health,Pedalium Murex is a herb traditionally used alongside Tribulus Terrestris for male enhancement and urinary/genital health.,General Health,Reported benefits should be matched to the specific outcome studied rather than assumed broadly.,Mechanism details are not clear from the public summary; review the source before applying Pedalium murex clinically.,"There is insufficient human evidence to recommend an appropriate dose, but 200mg/kg of the ethanolic fruit extract appears to be effective in rats. This is an estimated human dose of 32mg/kg and thus: 2,200mg for a 150lb person 2,900mg for a 200lb person 3,600mg for a 250lb person It is not known if these are optimal dosages for humans due to lack of testing.",,,Pedalium Murex is a herb traditionally used alongside Tribulus Terrestris for male enhancement and urinary/genital health. Reported benefits should be matched to the specific outcome studied rather than assumed broadly. Mechanism details are not clear from the public summary; review the source before applying Pedalium murex clinically. Paraphrased from public Examine page extraction; educational only.,general-health;hormones,https://examine.com/supplements/pedalium-murex/,Paraphrased from public Examine page extraction; educational only.
Pelargonidin,General Health,"Pelargonidin is one of the six anthocyanin compounds, and is both the simplest in structure and is red.",General Health,Potential benefits are context-specific; review the source evidence before using Pelargonidin in a protocol.,Mechanism details are not clear from the public summary; review the source before applying Pelargonidin clinically.,"There is insufficient evidence to recommend pelargonidin as an isolated supplement, and it would be more beneficial to get this anthocyanin through food products in the red pigmentation range; strawberries are the largest known source.",,,"Pelargonidin is one of the six anthocyanin compounds, and is both the simplest in structure and is red. Potential benefits are context-specific; review the source evidence before using Pelargonidin in a protocol. Mechanism details are not clear from the public summary; review the source before applying Pelargonidin clinically. Check pregnancy/lactation safety before client use.",general-health;cognition;exercise;hormones,https://examine.com/supplements/pelargonidin/,Check pregnancy/lactation safety before client use.
Peppermint,Muscle Gain & Exercise,Peppermint (Mentha piperita) is a hydrid plant that is used for its sensory properties (aroma and taste) and the oil is used internally as a carminative and intestinal aid.,Muscle Gain & Exercise,Reported benefits should be matched to the specific outcome studied rather than assumed broadly.,Mechanism details are not clear from the public summary; review the source before applying Peppermint clinically.,"Oral supplementation of peppermint oil for the purpose of gastrointestinal health and motility involves consuming anywhere between 450-750mg of the oil daily in 2-3 divided doses, and this is around 0.1-0.2mL of the oil itself per dosage. The exact optimal dosage of peppermint is not known, and the numbers reflect a menthol content somewhere between 33-50%.",Split across the day as described in dosage notes.,,Peppermint (Mentha piperita) is a hydrid plant that is used for its sensory properties (aroma and taste) and the oil is used internally as a carminative and intestinal aid. Reported benefits should be matched to the specific outcome studied rather than assumed broadly. Mechanism details are not clear from the public summary; review the source before applying Peppermint clinically. Paraphrased from public Examine page extraction; educational only.,muscle-gain-exercise;exercise;gut-health,https://examine.com/supplements/peppermint/,Paraphrased from public Examine page extraction; educational only.
Perilla,Micronutrient,"""Perilla"" refers to the seeds of perilla frutescens.",Micronutrient,Reported benefits should be matched to the specific outcome studied rather than assumed broadly.,Perilla likely works by correcting or supporting nutrient-dependent physiological processes.,No clear public dosage summary extracted; review source before use.,,,"""Perilla"" refers to the seeds of perilla frutescens. Reported benefits should be matched to the specific outcome studied rather than assumed broadly. Perilla likely works by correcting or supporting nutrient-dependent physiological processes. Paraphrased from public Examine page extraction; educational only.",micronutrient,https://examine.com/supplements/perilla/,Paraphrased from public Examine page extraction; educational only.
Persicaria minor,General Health,"Persicaria minor is a traditional herbal remedy that has been suggested to have anticancer, antibacterial, and antioxidant properties.",General Health,Reported benefits should be matched to the specific outcome studied rather than assumed broadly.,Persicaria minor is discussed in relation to oxidative-stress or inflammatory pathways.,No clear public dosage summary extracted; review source before use.,,,"Persicaria minor is a traditional herbal remedy that has been suggested to have anticancer, antibacterial, and antioxidant properties. Reported benefits should be matched to the specific outcome studied rather than assumed broadly. Persicaria minor is discussed in relation to oxidative-stress or inflammatory pathways. Check pregnancy/lactation safety before client use.",general-health;heart-health,https://examine.com/supplements/persicaria-minor/,Check pregnancy/lactation safety before client use.
Phellodendron amurense,Immune & Inflammation,"Phellodendron amurense (PA), also known as CorkTree, is a chinese herb used to historically treat different forms of inflammation and bone pain.",Immune & Inflammation,Potential benefits are context-specific; review the source evidence before using Phellodendron amurense in a protocol.,Phellodendron amurense is discussed in relation to oxidative-stress or inflammatory pathways.,"Although there is not enough evidence to suggest an optimal dosage, a dose of 250-500mg taken twice a day with meals is usually advocated.",With or shortly after meals.,,"Phellodendron amurense (PA), also known as CorkTree, is a chinese herb used to historically treat different forms of inflammation and bone pain. Potential benefits are context-specific; review the source evidence before using Phellodendron amurense in a protocol. Phellodendron amurense is discussed in relation to oxidative-stress or inflammatory pathways. Check pregnancy/lactation safety before client use.",immune-inflammation;cognition;exercise;inflammation;hormones,https://examine.com/supplements/phellodendron-amurense/,Check pregnancy/lactation safety before client use.
Phenylethylamine,Mental Health,"A trace amine and influencer of many of the 'happy hormones' such as dopamine and serotonin, β-phenylethylamine is an important molecule in the brain with limited supplemental usage due to being rapidly broken down into inactive components.",Mental Health,Potential benefits are context-specific; review the source evidence before using Phenylethylamine in a protocol.,Mechanism details are not clear from the public summary; review the source before applying Phenylethylamine clinically.,No clear public dosage summary extracted; review source before use.,,,"A trace amine and influencer of many of the 'happy hormones' such as dopamine and serotonin, β-phenylethylamine is an important molecule in the brain with limited supplemental usage due to being rapidly broken down into inactive components. Potential benefits are context-specific; review the source evidence before using Phenylethylamine in a protocol. Mechanism details are not clear from the public summary; review the source before applying Phenylethylamine clinically.",mental-health;cognition;hormones,https://examine.com/supplements/phenylethylamine/,Check pregnancy/lactation safety before client use.
Phlebodium aureum,Immune & Inflammation,Polypodium Leucotomos (Calaguala) is the commonly referred to name of a herb that appears to possess moderately potent protective effects against sun-induced skin damage; may also be an immune booster.,Immune & Inflammation,Reported benefits should be matched to the specific outcome studied rather than assumed broadly.,Phlebodium aureum is discussed in relation to oxidative-stress or inflammatory pathways.,"Polypodium leucotomos supplementation has shown benefit in humans with oral supplementation of 7.5mg/kg for skin health (dose based on weight due to correlating with the amount of skin somebody has); this results in a dosage of: 500mg for a 150lb person 700mg for a 200lb person 850mg for a 250lb person Or alternatively, a topical skin cream containing 0.1% polypodium leucotomos appears effective.",,,Polypodium Leucotomos (Calaguala) is the commonly referred to name of a herb that appears to possess moderately potent protective effects against sun-induced skin damage; may also be an immune booster. Reported benefits should be matched to the specific outcome studied rather than assumed broadly. Phlebodium aureum is discussed in relation to oxidative-stress or inflammatory pathways. Paraphrased from public Examine page extraction; educational only.,immune-inflammation;inflammation,https://examine.com/supplements/phlebodium-aureum/,Paraphrased from public Examine page extraction; educational only.
Phosphatidylcholine,Metabolic Health,Phosphatidylcholine is a phospholipid with a choline attachment and is found in soy lecithin.,Metabolic Health,Potential benefits are context-specific; review the source evidence before using Phosphatidylcholine in a protocol.,Phosphatidylcholine may influence choline availability and acetylcholine-related signaling.,No clear public dosage summary extracted; review source before use.,,,Phosphatidylcholine is a phospholipid with a choline attachment and is found in soy lecithin. Potential benefits are context-specific; review the source evidence before using Phosphatidylcholine in a protocol. Phosphatidylcholine may influence choline availability and acetylcholine-related signaling. Check pregnancy/lactation safety before client use.,metabolic-health;lipids,https://examine.com/supplements/phosphatidylcholine/,Check pregnancy/lactation safety before client use.
Phosphatidylserine,Muscle Gain & Exercise,"Phosphatidylserine (PS) is an amino acid derivative that is fat soluble and found in high amounts in the brain, where it contributes to cognitive functioning.",Muscle Gain & Exercise,Reported benefits should be matched to the specific outcome studied rather than assumed broadly.,Mechanism details are not clear from the public summary; review the source before applying Phosphatidylserine clinically.,"A standard dosage of phosphatidylserine (PS) is 300 mg daily, divided into 3 doses of 100 mg each. This dosage seems to be effective as a daily preventative against cognitive decline, and 100 mg once daily may provide some degree of benefit (but might be less beneficial than 300 mg). Studies in children and adolescents for the purpose of attention improvement tend to use 200 mg,",Split across the day as described in dosage notes.,,"Phosphatidylserine (PS) is an amino acid derivative that is fat soluble and found in high amounts in the brain, where it contributes to cognitive functioning. Reported benefits should be matched to the specific outcome studied rather than assumed broadly. Mechanism details are not clear from the public summary; review the source before applying Phosphatidylserine clinically. Paraphrased from public Examine page extraction; educational only.",muscle-gain-exercise;stress;cognition;exercise;hormones,https://examine.com/supplements/phosphatidylserine/,Paraphrased from public Examine page extraction; educational only.
Phosphorus,Micronutrient,"Phosphorus isn’t commonly supplemented, even though it’s the second most plentiful mineral in our bodies, after calcium.",Micronutrient,Potential benefits are context-specific; review the source evidence before using Phosphorus in a protocol.,Phosphorus likely works by correcting or supporting nutrient-dependent physiological processes.,No clear public dosage summary extracted; review source before use.,,,"Phosphorus isn’t commonly supplemented, even though it’s the second most plentiful mineral in our bodies, after calcium. Potential benefits are context-specific; review the source evidence before using Phosphorus in a protocol. Phosphorus likely works by correcting or supporting nutrient-dependent physiological processes. Check pregnancy/lactation safety before client use.",micronutrient,https://examine.com/supplements/phosphorus/,Check pregnancy/lactation safety before client use.
Phytoestrogens,General Health,Phytoestrogens are plant estrogens that are nearly identical to the estrogen that is naturally produced in the human body.,General Health,Potential benefits are context-specific; review the source evidence before using Phytoestrogens in a protocol.,Mechanism details are not clear from the public summary; review the source before applying Phytoestrogens clinically.,No clear public dosage summary extracted; review source before use.,,,Phytoestrogens are plant estrogens that are nearly identical to the estrogen that is naturally produced in the human body. Potential benefits are context-specific; review the source evidence before using Phytoestrogens in a protocol. Mechanism details are not clear from the public summary; review the source before applying Phytoestrogens clinically. Check pregnancy/lactation safety before client use.,general-health;hormones,https://examine.com/supplements/phytoestrogens/,Check pregnancy/lactation safety before client use.
Phytosterols,Metabolic Health,Phytosterols are plant-derived compounds that are similar to cholesterol.,Metabolic Health,Reported benefits should be matched to the specific outcome studied rather than assumed broadly.,Phytosterols is discussed in relation to oxidative-stress or inflammatory pathways.,"Formulation Phytosterol supplements are available as tablets or capsules. Phytosterols are also commonly taken through foods or beverages that have been fortified with phytosterols, including margarine and other spreads, salad dressings, yogurt, breads, and juice.[1] Most of the studies have used fortified foods,",,,Phytosterols are plant-derived compounds that are similar to cholesterol. Reported benefits should be matched to the specific outcome studied rather than assumed broadly. Phytosterols is discussed in relation to oxidative-stress or inflammatory pathways. Check pregnancy/lactation safety before client use.,metabolic-health;lipids;cognition;exercise;inflammation;hormones;heart-health,https://examine.com/supplements/phytosterols/,Check pregnancy/lactation safety before client use.
Piceatannol,General Health,Piceatannol is a stilbene similar to resveratrol that is found in limited levels in some of the same foods.,General Health,Potential benefits are context-specific; review the source evidence before using Piceatannol in a protocol.,Mechanism details are not clear from the public summary; review the source before applying Piceatannol clinically.,No clear public dosage summary extracted; review source before use.,,,Piceatannol is a stilbene similar to resveratrol that is found in limited levels in some of the same foods. Potential benefits are context-specific; review the source evidence before using Piceatannol in a protocol. Mechanism details are not clear from the public summary; review the source before applying Piceatannol clinically. Check pregnancy/lactation safety before client use.,general-health,https://examine.com/supplements/piceatannol/,Check pregnancy/lactation safety before client use.
Pine Pollen,Muscle Gain & Exercise,"Pine Pollen refers to the pollen of trees in the pinus genera, which are sometimes used as dietary supplements.",Muscle Gain & Exercise,Reported benefits should be matched to the specific outcome studied rather than assumed broadly.,Mechanism details are not clear from the public summary; review the source before applying Pine Pollen clinically.,No clear public dosage summary extracted; review source before use.,,,"Pine Pollen refers to the pollen of trees in the pinus genera, which are sometimes used as dietary supplements. Reported benefits should be matched to the specific outcome studied rather than assumed broadly. Mechanism details are not clear from the public summary; review the source before applying Pine Pollen clinically. Paraphrased from public Examine page extraction; educational only.",muscle-gain-exercise;exercise;inflammation;hormones,https://examine.com/supplements/pine-pollen/,Paraphrased from public Examine page extraction; educational only.
Pinitol,Metabolic Health,Pinotol is a bioactive compound derived from the plant Bougainvillea spectabilis.,Metabolic Health,Reported benefits should be matched to the specific outcome studied rather than assumed broadly.,"Pinitol may affect metabolic signaling, glucose handling, or lipid-related pathways.",No clear public dosage summary extracted; review source before use.,,,"Pinotol is a bioactive compound derived from the plant Bougainvillea spectabilis. Reported benefits should be matched to the specific outcome studied rather than assumed broadly. Pinitol may affect metabolic signaling, glucose handling, or lipid-related pathways. Check pregnancy/lactation safety before client use.",metabolic-health;blood-sugar,https://examine.com/supplements/pinitol/,Check pregnancy/lactation safety before client use.
Piperine,General Health,Piperine is an alkaloid that comes from black pepper.,General Health,Reported benefits should be matched to the specific outcome studied rather than assumed broadly.,Piperine is discussed in relation to oxidative-stress or inflammatory pathways.,No clear public dosage summary extracted; review source before use.,,,Piperine is an alkaloid that comes from black pepper. Reported benefits should be matched to the specific outcome studied rather than assumed broadly. Piperine is discussed in relation to oxidative-stress or inflammatory pathways. Check pregnancy/lactation safety before client use.,general-health;inflammation,https://examine.com/supplements/piperine/,Check pregnancy/lactation safety before client use.
Piracetam,Mental Health,Piracetam is the parent compound of the racetam class of nootropic supplements.,Mental Health,Reported benefits should be matched to the specific outcome studied rather than assumed broadly.,Mechanism details are not clear from the public summary; review the source before applying Piracetam clinically.,"The standard piracetam dose for children is between 40-100mg per kilogram of bodyweight. This dose is intended for the treatment of breath-holding spells, though it has also been used for children with dyslexia. The lower end of the range (40-50mg/kg) is used most often. The standard piracetam dose for adults is between 1,200-4,800mg a day. The largest effective dose is 1,600mg,","Daily, following dosage notes.",,Piracetam is the parent compound of the racetam class of nootropic supplements. Reported benefits should be matched to the specific outcome studied rather than assumed broadly. Mechanism details are not clear from the public summary; review the source before applying Piracetam clinically. Paraphrased from public Examine page extraction; educational only.,mental-health;cognition;heart-health,https://examine.com/supplements/piracetam/,Paraphrased from public Examine page extraction; educational only.
Plantago Major Seeds,General Health,"Plantago major seeds come from the plantago major plant, also known as broadleaf plantain.",General Health,Potential benefits are context-specific; review the source evidence before using Plantago Major Seeds in a protocol.,Mechanism details are not clear from the public summary; review the source before applying Plantago Major Seeds clinically.,No clear public dosage summary extracted; review source before use.,,,"Plantago major seeds come from the plantago major plant, also known as broadleaf plantain. Potential benefits are context-specific; review the source evidence before using Plantago Major Seeds in a protocol. Mechanism details are not clear from the public summary; review the source before applying Plantago Major Seeds clinically. Check pregnancy/lactation safety before client use.",general-health,https://examine.com/supplements/plantago-major-seeds/,Check pregnancy/lactation safety before client use.
Policosanol,Metabolic Health,"Policosanol is a mixture of oils from Cuban Cane Sugar; touted as a cholesterol lowering agent, it shows potency at this claim in several studies released from Cuba.",Metabolic Health,Reported benefits should be matched to the specific outcome studied rather than assumed broadly.,"Policosanol may affect metabolic signaling, glucose handling, or lipid-related pathways.","The standard supplemental dosage of policosanol is 5-10mg taken twice daily (for a daily total of 10-20mg), although due to the state of the research on this supplement it is not sure if it is bioactive in this range.","Daily, following dosage notes.",,"Policosanol is a mixture of oils from Cuban Cane Sugar; touted as a cholesterol lowering agent, it shows potency at this claim in several studies released from Cuba. Reported benefits should be matched to the specific outcome studied rather than assumed broadly. Policosanol may affect metabolic signaling, glucose handling, or lipid-related pathways. Paraphrased from public Examine page extraction; educational only.",metabolic-health;lipids,https://examine.com/supplements/policosanol/,Paraphrased from public Examine page extraction; educational only.
Poly-γ-Glutamic Acid,General Health,Poly-γ-Glutamic Acid is a compound that is created by the genus of bacteria called Bacillus.,General Health,Potential benefits are context-specific; review the source evidence before using Poly-γ-Glutamic Acid in a protocol.,Mechanism details are not clear from the public summary; review the source before applying Poly-γ-Glutamic Acid clinically.,No clear public dosage summary extracted; review source before use.,,,Poly-γ-Glutamic Acid is a compound that is created by the genus of bacteria called Bacillus. Potential benefits are context-specific; review the source evidence before using Poly-γ-Glutamic Acid in a protocol. Mechanism details are not clear from the public summary; review the source before applying Poly-γ-Glutamic Acid clinically. Check pregnancy/lactation safety before client use.,general-health,https://examine.com/supplements/poly-gh-glutamic-acid/,Check pregnancy/lactation safety before client use.
Polygala Tenuifolia,Mental Health,Polygala tenuifolia is a root used in traditional Chinese medicine for its ability to improve memory and protect against cognitive ailments.,Mental Health,Reported benefits should be matched to the specific outcome studied rather than assumed broadly.,Mechanism details are not clear from the public summary; review the source before applying Polygala Tenuifolia clinically.,"The only human studies on Polygala tenuifolia have used 100mg of an ethanolic extract called BT-11, three times a day, for a total daily dose of 300mg. A traditional Chinese medicine remedy suggests taking 3-9 g (dry weight) of Polygala tenuifolia root through a water decoction, like tea or soup, to reduce forgetfulness.",Split across the day as described in dosage notes.,,Polygala tenuifolia is a root used in traditional Chinese medicine for its ability to improve memory and protect against cognitive ailments. Reported benefits should be matched to the specific outcome studied rather than assumed broadly. Mechanism details are not clear from the public summary; review the source before applying Polygala Tenuifolia clinically. Paraphrased from public Examine page extraction; educational only.,mental-health;cognition,https://examine.com/supplements/polygala-tenuifolia/,Paraphrased from public Examine page extraction; educational only.
Polyphenols,Mental Health,Polyphenols are compounds that are abundant in plants.,Mental Health,Reported benefits should be matched to the specific outcome studied rather than assumed broadly.,Mechanism details are not clear from the public summary; review the source before applying Polyphenols clinically.,No clear public dosage summary extracted; review source before use.,,,Polyphenols are compounds that are abundant in plants. Reported benefits should be matched to the specific outcome studied rather than assumed broadly. Mechanism details are not clear from the public summary; review the source before applying Polyphenols clinically. Check pregnancy/lactation safety before client use.,mental-health;cognition;heart-health,https://examine.com/supplements/polyphenols/,Check pregnancy/lactation safety before client use.
Pomegranate Seed Oil,General Health,"Punicic acid is the main fatty acid found in pomegranate seed oil and found in pomegranates, it may contribute to many of the health benefits associated with pomegranates.",General Health,Reported benefits should be matched to the specific outcome studied rather than assumed broadly.,Mechanism details are not clear from the public summary; review the source before applying Pomegranate Seed Oil clinically.,"Studies that use pomegranate seed oil have given 400 mg of a 72% punicic acid seed oil. Although this amount appears to be in the bioactive range of punicic acid, it is not known whether this is an optimal dosage or not.",,,"Punicic acid is the main fatty acid found in pomegranate seed oil and found in pomegranates, it may contribute to many of the health benefits associated with pomegranates. Reported benefits should be matched to the specific outcome studied rather than assumed broadly. Mechanism details are not clear from the public summary; review the source before applying Pomegranate Seed Oil clinically. Check pregnancy/lactation safety before client use.",general-health;cognition;exercise;hormones,https://examine.com/supplements/pomegranate-seed-oil/,Check pregnancy/lactation safety before client use.
Postbiotics,General Health,A postbiotic is a preparation of inactivated microbes and/or their components or metabolites—that may still provide measurable health benefits.,General Health,Reported benefits should be matched to the specific outcome studied rather than assumed broadly.,Postbiotics may act through gut-microbiome or digestive pathways.,No clear public dosage summary extracted; review source before use.,,,A postbiotic is a preparation of inactivated microbes and/or their components or metabolites—that may still provide measurable health benefits. Reported benefits should be matched to the specific outcome studied rather than assumed broadly. Postbiotics may act through gut-microbiome or digestive pathways. Check pregnancy/lactation safety before client use.,general-health,https://examine.com/supplements/postbiotics/,Check pregnancy/lactation safety before client use.
Potassium,General Health,Potassium is essential for normal bodily function.,General Health,Reported benefits should be matched to the specific outcome studied rather than assumed broadly.,Mechanism details are not clear from the public summary; review the source before applying Potassium clinically.,"⚠️ Caution: Potassium has contraindications & drug interactions ⚠️ Caution: The following Dietary Reference Intake (DRI) information is for healthy people only. The adequate intake (AI) for potassium in people without known health conditions — i.e.,",,,Potassium is essential for normal bodily function. Reported benefits should be matched to the specific outcome studied rather than assumed broadly. Mechanism details are not clear from the public summary; review the source before applying Potassium clinically. Paraphrased from public Examine page extraction; educational only.,general-health;heart-health,https://examine.com/supplements/potassium/,Paraphrased from public Examine page extraction; educational only.
PQQ,Metabolic Health,"PQQ is a small molecule once thought to be a vitamin, although its actions in the human body are not related to this hypothesized vitamin-like mechanism.",Metabolic Health,"Human evidence appears limited, so treat benefits as uncertain.",PQQ is discussed in relation to oxidative-stress or inflammatory pathways.,"The optimal dosage of Pyrroloquinoline quinone (PQQ) to be taken daily is currently not known, but extrapolations from animal studies suggest that doses as low as 2mg are somewhat bioactive while most dietary supplements are sold in the 20-40mg range.","Daily, following dosage notes.",,"PQQ is a small molecule once thought to be a vitamin, although its actions in the human body are not related to this hypothesized vitamin-like mechanism. Human evidence appears limited, so treat benefits as uncertain. PQQ is discussed in relation to oxidative-stress or inflammatory pathways. Evidence appears limited; human review recommended.",metabolic-health;blood-sugar;cognition;inflammation;experimental,https://examine.com/supplements/pqq/,Evidence appears limited; human review recommended.
Pramiracetam,Mental Health,"Pramiracetam is a synthetic racetam derivative for the purpose of cognitive enhancement, with preliminary evidence to support its usage in aiding long-term memory formation.",Mental Health,Reported benefits should be matched to the specific outcome studied rather than assumed broadly.,Pramiracetam may influence choline availability and acetylcholine-related signaling.,"Currently, the evidence using pramiracetam in humans uses either 400mg thrice daily or 600mg twice daily; both of these dosing regiments totals 1,200mg of pramiracetam daily. It is unsure if pramiracetam should be taken with meals, and it is not clear if 1,200mg is the optimal dosage or not. This dose, however, does appear effective.",With or shortly after meals.,,"Pramiracetam is a synthetic racetam derivative for the purpose of cognitive enhancement, with preliminary evidence to support its usage in aiding long-term memory formation. Reported benefits should be matched to the specific outcome studied rather than assumed broadly. Pramiracetam may influence choline availability and acetylcholine-related signaling. Paraphrased from public Examine page extraction; educational only.",mental-health;cognition,https://examine.com/supplements/pramiracetam/,Paraphrased from public Examine page extraction; educational only.
Prebiotics,General Health,Prebiotics are nutrients found in food that increase the amount of bacteria in the gastrointestinal system.,General Health,Reported benefits should be matched to the specific outcome studied rather than assumed broadly.,Mechanism details are not clear from the public summary; review the source before applying Prebiotics clinically.,No clear public dosage summary extracted; review source before use.,,,Prebiotics are nutrients found in food that increase the amount of bacteria in the gastrointestinal system. Reported benefits should be matched to the specific outcome studied rather than assumed broadly. Mechanism details are not clear from the public summary; review the source before applying Prebiotics clinically. Check pregnancy/lactation safety before client use.,general-health,https://examine.com/supplements/prebiotics/,Check pregnancy/lactation safety before client use.
Prenatal Vitamins,Micronutrient,"Prenatal supplements, also known as prenatal vitamins, are frequently used by women before conception and throughout gestation.",Micronutrient,Potential benefits are context-specific; review the source evidence before using Prenatal Vitamins in a protocol.,Prenatal Vitamins likely works by correcting or supporting nutrient-dependent physiological processes.,"The dosage of prenatal supplements can vary by brand, so it’s advisable to refer to the instructions provided on the manufacturer’s website or supplement package. During pregnancy, it’s important to avoid exceeding the recommended dosage. Consuming certain vitamins and minerals in excess amounts may pose risks to the fetus.[1][2]",,,"Prenatal supplements, also known as prenatal vitamins, are frequently used by women before conception and throughout gestation. Potential benefits are context-specific; review the source evidence before using Prenatal Vitamins in a protocol. Prenatal Vitamins likely works by correcting or supporting nutrient-dependent physiological processes. Check pregnancy/lactation safety before client use.",micronutrient;cognition;exercise;hormones,https://examine.com/supplements/prenatal-vitamins/,Check pregnancy/lactation safety before client use.
PRL-8-53,Mental Health,PRL-8-53 is a synthetic supplement with potential benefits for short term memory.,Mental Health,Reported benefits should be matched to the specific outcome studied rather than assumed broadly.,Mechanism details are not clear from the public summary; review the source before applying PRL-8-53 clinically.,"More evidence is needed to determine the ideal dosage for PRL-8-53. The effective dosage may vary, since the only human study on PRL-8-53 used a single dose of 5mg, while patent information on PRL-8-53 suggests a dosage range of 0.01-4mg/kg, with an 'ideal' range of 0.05-1.2mg/kg.",,,PRL-8-53 is a synthetic supplement with potential benefits for short term memory. Reported benefits should be matched to the specific outcome studied rather than assumed broadly. Mechanism details are not clear from the public summary; review the source before applying PRL-8-53 clinically. Paraphrased from public Examine page extraction; educational only.,mental-health;cognition,https://examine.com/supplements/prl-8-53/,Paraphrased from public Examine page extraction; educational only.
Probiotics,General Health,Probiotics are microorganisms that can have a positive effect on health.,General Health,Potential benefits are context-specific; review the source evidence before using Probiotics in a protocol.,Probiotics may act through gut-microbiome or digestive pathways.,No clear public dosage summary extracted; review source before use.,,,Probiotics are microorganisms that can have a positive effect on health. Potential benefits are context-specific; review the source evidence before using Probiotics in a protocol. Probiotics may act through gut-microbiome or digestive pathways. Paraphrased from public Examine page extraction; educational only.,general-health,https://examine.com/supplements/probiotics/,Paraphrased from public Examine page extraction; educational only.
Propionate,Gut Health,Propionate is a short-chain fatty acid (SCFA) that is made when bacteria in the gut ferment foods like dietary fiber and resistant starch.,Gut Health,Potential benefits are context-specific; review the source evidence before using Propionate in a protocol.,Mechanism details are not clear from the public summary; review the source before applying Propionate clinically.,No clear public dosage summary extracted; review source before use.,,,Propionate is a short-chain fatty acid (SCFA) that is made when bacteria in the gut ferment foods like dietary fiber and resistant starch. Potential benefits are context-specific; review the source evidence before using Propionate in a protocol. Mechanism details are not clear from the public summary; review the source before applying Propionate clinically. Check pregnancy/lactation safety before client use.,gut-health,https://examine.com/supplements/propionate/,Check pregnancy/lactation safety before client use.
Propolis,General Health,Propolis is a waxy substance that is made by honey bees.,General Health,Reported benefits should be matched to the specific outcome studied rather than assumed broadly.,Mechanism details are not clear from the public summary; review the source before applying Propolis clinically.,No clear public dosage summary extracted; review source before use.,,,Propolis is a waxy substance that is made by honey bees. Reported benefits should be matched to the specific outcome studied rather than assumed broadly. Mechanism details are not clear from the public summary; review the source before applying Propolis clinically. Check pregnancy/lactation safety before client use.,general-health;blood-sugar,https://examine.com/supplements/propolis/,Check pregnancy/lactation safety before client use.
Psyllium,Metabolic Health,"Psyllium fiber, derived from several species of the Plantago genus, is usually taken in its powdered husk form.",Metabolic Health,Reported benefits should be matched to the specific outcome studied rather than assumed broadly.,Mechanism details are not clear from the public summary; review the source before applying Psyllium clinically.,"As a bulk-forming laxative for the treatment of constipation, the adult dosage of powdered psyllium husk is typically 15 grams, 1–3 times per day, dissolved in water. Clinical trials have also used dosages ranging from 10.2–40 grams per day over two to eight weeks.[1][2] Dosages used for other conditions have ranged from 2.4–20.4 grams per day for cholesterol control, 7–15 grams per day for body composition,","Daily, following dosage notes.",,"Psyllium fiber, derived from several species of the Plantago genus, is usually taken in its powdered husk form. Reported benefits should be matched to the specific outcome studied rather than assumed broadly. Mechanism details are not clear from the public summary; review the source before applying Psyllium clinically. Check pregnancy/lactation safety before client use.",metabolic-health;blood-sugar;lipids;cognition;exercise;gut-health,https://examine.com/supplements/psyllium/,Check pregnancy/lactation safety before client use.
Pterostilbene,Metabolic Health,"Pterostilbene is a dimethylated derivative of resveratrol that, for some mechanisms, is more potent.",Metabolic Health,Reported benefits should be matched to the specific outcome studied rather than assumed broadly.,Pterostilbene is discussed in relation to oxidative-stress or inflammatory pathways.,"Supplementation of pterostilbene for the purpose of aiding glucose and lipid metabolism tends to be around 20- 40mg/kg oral ingestion in rats, which is an estimated human dosage range of: 215-430mg for a 150lb person 290-580mg for a 200lb person 365-730mg for a 250lb person Possible anxiolytic properties of pterostilbene are seen at 1-2mg/kg in mice,",,,"Pterostilbene is a dimethylated derivative of resveratrol that, for some mechanisms, is more potent. Reported benefits should be matched to the specific outcome studied rather than assumed broadly. Pterostilbene is discussed in relation to oxidative-stress or inflammatory pathways. Paraphrased from public Examine page extraction; educational only.",metabolic-health;blood-sugar;lipids;heart-health,https://examine.com/supplements/pterostilbene/,Paraphrased from public Examine page extraction; educational only.
Pueraria mirifica,General Health,"Pueraria candollei var. mirifica (white kwao krua) is a highly estrogenic herb (its main bioactive, deoxymiroestrol, is more potent than estrogen itself) that is used as herbal estrogen replacement therapy.",General Health,Reported benefits should be matched to the specific outcome studied rather than assumed broadly.,Mechanism details are not clear from the public summary; review the source before applying Pueraria mirifica clinically.,"For Pueraria mirifica (white kwao krua), a dose of 20 to 50 mg of root powder (not an extract) should be taken daily once in the morning. This amount appears to be significantly bioactive, and it would be advisable to not exceed this dosage. Men who are looking for a antihangover supplement should consider Pueraria lobata (kudzu) instead, to avoid inadvertent estrogen effects from Pueraria mirifica.","Daily, following dosage notes.",,"Pueraria candollei var. mirifica (white kwao krua) is a highly estrogenic herb (its main bioactive, deoxymiroestrol, is more potent than estrogen itself) that is used as herbal estrogen replacement therapy. Reported benefits should be matched to the specific outcome studied rather than assumed broadly. Mechanism details are not clear from the public summary; review the source before applying Pueraria mirifica clinically. Paraphrased from public Examine page extraction; educational only.",general-health;hormones,https://examine.com/supplements/pueraria-mirifica/,Paraphrased from public Examine page extraction; educational only.
Pumpkin Seed Extract,General Health,"Pumpkin Seed Extract is a supplement commonly used for hormone health, hair loss, and benign-prostatic-hyperplasia.",General Health,Potential benefits are context-specific; review the source evidence before using Pumpkin Seed Extract in a protocol.,Mechanism details are not clear from the public summary; review the source before applying Pumpkin Seed Extract clinically.,No clear public dosage summary extracted; review source before use.,,,"Pumpkin Seed Extract is a supplement commonly used for hormone health, hair loss, and benign-prostatic-hyperplasia. Potential benefits are context-specific; review the source evidence before using Pumpkin Seed Extract in a protocol. Mechanism details are not clear from the public summary; review the source before applying Pumpkin Seed Extract clinically. Check pregnancy/lactation safety before client use.",general-health;hormones,https://examine.com/supplements/pumpkin-seed-extract/,Check pregnancy/lactation safety before client use.
Punarnava,Gut Health,Boerhaavia diffusa is an herb with anti-cancer and anti-inflammatory properties.,Gut Health,Potential benefits are context-specific; review the source evidence before using Punarnava in a protocol.,Punarnava is discussed in relation to oxidative-stress or inflammatory pathways.,"The standard Boerhaavia diffusa dose used in rat studies is in the range of 200-400mg/kg, with a maximally effective dose of 1000mg/kg. This translates to a human dosage of 32-64mg/kg, or: • 2,200-4,300mg for a 150lb person • 2,900-5,800mg for a 200lb person • 3,600-7,200mg for a 250lb person These are estimated doses based off of animal research. There have not been any human studies conducted on Boerhaavia diffusa.",,,Boerhaavia diffusa is an herb with anti-cancer and anti-inflammatory properties. Potential benefits are context-specific; review the source evidence before using Punarnava in a protocol. Punarnava is discussed in relation to oxidative-stress or inflammatory pathways. Paraphrased from public Examine page extraction; educational only.,gut-health;inflammation;hormones,https://examine.com/supplements/punarnava/,Paraphrased from public Examine page extraction; educational only.
Punicalagins,General Health,"Punicalagins are really big molecules found in pomegranate juice that are somehow absorbed; they are potent anti-oxidants, and alongside punicic acid confer many of the benefits associated with pomegranates, of which many studies conducted with are here.",General Health,Reported benefits should be matched to the specific outcome studied rather than assumed broadly.,Mechanism details are not clear from the public summary; review the source before applying Punicalagins clinically.,"Anti-oxidant potential of the blood increases at an oral dose of 800mg Pomegranate Extract (318mg punicalagins), which may be a good starting point for a bioactive dose. The optimal dose is currently not known.",,,"Punicalagins are really big molecules found in pomegranate juice that are somehow absorbed; they are potent anti-oxidants, and alongside punicic acid confer many of the benefits associated with pomegranates, of which many studies conducted with are here. Reported benefits should be matched to the specific outcome studied rather than assumed broadly. Mechanism details are not clear from the public summary; review the source before applying Punicalagins clinically.",general-health;hormones,https://examine.com/supplements/punicalagins/,Paraphrased from public Examine page extraction; educational only.
Purple Nutsedge,General Health,"Purple nutsedge, also known as nut grass, is a weed that has a similar appearance to grass.",General Health,Potential benefits are context-specific; review the source evidence before using Purple Nutsedge in a protocol.,Purple Nutsedge is discussed in relation to oxidative-stress or inflammatory pathways.,No clear public dosage summary extracted; review source before use.,,,"Purple nutsedge, also known as nut grass, is a weed that has a similar appearance to grass. Potential benefits are context-specific; review the source evidence before using Purple Nutsedge in a protocol. Purple Nutsedge is discussed in relation to oxidative-stress or inflammatory pathways. Check pregnancy/lactation safety before client use.",general-health;inflammation,https://examine.com/supplements/purple-nutsedge/,Check pregnancy/lactation safety before client use.
Purslane Extract,Gut Health,Purslane extract comes from the succulent plant Portulaca oleracea.,Gut Health,Potential benefits are context-specific; review the source evidence before using Purslane Extract in a protocol.,Mechanism details are not clear from the public summary; review the source before applying Purslane Extract clinically.,No clear public dosage summary extracted; review source before use.,,,Purslane extract comes from the succulent plant Portulaca oleracea. Potential benefits are context-specific; review the source evidence before using Purslane Extract in a protocol. Mechanism details are not clear from the public summary; review the source before applying Purslane Extract clinically. Check pregnancy/lactation safety before client use.,gut-health,https://examine.com/supplements/purslane-extract/,Check pregnancy/lactation safety before client use.
Pycnogenol,Metabolic Health,"Pycnogenol is a standardized extract of bark from the French maritime pine Pinus pinaster that provides a concentrated source of polyphenols, predominantly procyanidins.",Metabolic Health,Reported benefits should be matched to the specific outcome studied rather than assumed broadly.,Pycnogenol is discussed in relation to oxidative-stress or inflammatory pathways.,"Most research on French maritime pine extract has used pycnogenol, as opposed to the other standardized extracts, oligopin and flavangenol. These extracts have slightly different chemical compositions, due to different extraction techniques, and there currently isn’t enough evidence to know whether oligopin and flavangenol work the same as pycnogenol.",,,"Pycnogenol is a standardized extract of bark from the French maritime pine Pinus pinaster that provides a concentrated source of polyphenols, predominantly procyanidins. Reported benefits should be matched to the specific outcome studied rather than assumed broadly. Pycnogenol is discussed in relation to oxidative-stress or inflammatory pathways. Check pregnancy/lactation safety before client use.",metabolic-health;blood-sugar;inflammation;hormones,https://examine.com/supplements/pycnogenol/,Check pregnancy/lactation safety before client use.
Pygeum,General Health,Pygeum is an extract made from the the bark of the Prunus africana tree.,General Health,Reported benefits should be matched to the specific outcome studied rather than assumed broadly.,Mechanism details are not clear from the public summary; review the source before applying Pygeum clinically.,"Most prostate health supplements and scientific studies use a dose of 50-100mg of pygeum , taken daily. Additional research is needed to determine the optimal dose of pygeum bark.","Daily, following dosage notes.",,Pygeum is an extract made from the the bark of the Prunus africana tree. Reported benefits should be matched to the specific outcome studied rather than assumed broadly. Mechanism details are not clear from the public summary; review the source before applying Pygeum clinically. Paraphrased from public Examine page extraction; educational only.,general-health;cognition;exercise;hormones,https://examine.com/supplements/pygeum/,Paraphrased from public Examine page extraction; educational only.
Pyritinol,Mental Health,"Pyritinol (Pyrithioxine) is a molecule that is, structurally, two Vitamin B6 molecules attached to each other.",Mental Health,Reported benefits should be matched to the specific outcome studied rather than assumed broadly.,Pyritinol likely works by correcting or supporting nutrient-dependent physiological processes.,"A standard dosage of pyritinol used is 600mg taken in divided doses throughout the day with meals, usually 300mg taken with two meals of the day.",With or shortly after meals.,,"Pyritinol (Pyrithioxine) is a molecule that is, structurally, two Vitamin B6 molecules attached to each other. Reported benefits should be matched to the specific outcome studied rather than assumed broadly. Pyritinol likely works by correcting or supporting nutrient-dependent physiological processes. Paraphrased from public Examine page extraction; educational only.",mental-health;cognition;exercise;hormones,https://examine.com/supplements/pyritinol/,Paraphrased from public Examine page extraction; educational only.
Pyruvate,Muscle Gain & Exercise,"Pyruvate is an energy intermediate in cells, derived from both glucose and fatty acids to produce ATP.",Muscle Gain & Exercise,Reported benefits should be matched to the specific outcome studied rather than assumed broadly.,"Pyruvate may affect metabolic signaling, glucose handling, or lipid-related pathways.","Most studies on pyruvate substituted dietary carbohydrates for pyruvate as pyruvate itself does contain calories. The dose used in studies showing most fat loss is in the range of 20-50g daily, or replacing 10-20% of caloric intake (initially from carbohydrates) with supplemental pyruvate. The lowest effective range noted in the aforementioned studies is replacing 6-12g of carbohydrates with pyruvate,","Daily, following dosage notes.",,"Pyruvate is an energy intermediate in cells, derived from both glucose and fatty acids to produce ATP. Reported benefits should be matched to the specific outcome studied rather than assumed broadly. Pyruvate may affect metabolic signaling, glucose handling, or lipid-related pathways. Paraphrased from public Examine page extraction; educational only.",muscle-gain-exercise;blood-sugar;stress;exercise;stimulant;hormones,https://examine.com/supplements/pyruvate/,Paraphrased from public Examine page extraction; educational only.
Quercetin,Immune & Inflammation,Quercetin is a flavonoid commonly found in many fruits and vegetables.,Immune & Inflammation,Reported benefits should be matched to the specific outcome studied rather than assumed broadly.,Quercetin is discussed in relation to oxidative-stress or inflammatory pathways.,"Formulation: Quercetin comes as a liquid or in capsules, tablets, or softgels. Most supplements use the aglycone (free form) version,",,,Quercetin is a flavonoid commonly found in many fruits and vegetables. Reported benefits should be matched to the specific outcome studied rather than assumed broadly. Quercetin is discussed in relation to oxidative-stress or inflammatory pathways. Paraphrased from public Examine page extraction; educational only.,immune-inflammation;lipids;stress;inflammation;heart-health,https://examine.com/supplements/quercetin/,Paraphrased from public Examine page extraction; educational only.
Raspberry Ketone,General Health,Raspberry ketone is a sweet-smelling molecule naturally found in fruits such as raspberries and blackberries.,General Health,Reported benefits should be matched to the specific outcome studied rather than assumed broadly.,Mechanism details are not clear from the public summary; review the source before applying Raspberry Ketone clinically.,"There is no human evidence for the effects of raspberry ketones. Studies on rats have used a dosage range of 0.545 to 2.18 grams per kg of body weight, which correlates to an estimated human dose of 80 to 340 mg per kg of body weight for humans. This dose is very high compared to other fat-burning compounds,",,,Raspberry ketone is a sweet-smelling molecule naturally found in fruits such as raspberries and blackberries. Reported benefits should be matched to the specific outcome studied rather than assumed broadly. Mechanism details are not clear from the public summary; review the source before applying Raspberry Ketone clinically. Paraphrased from public Examine page extraction; educational only.,general-health;cognition;exercise;hormones,https://examine.com/supplements/raspberry-ketone/,Paraphrased from public Examine page extraction; educational only.
Rauwolscine,Mental Health,"Rauwolscine is a molecule which is very similar in structure to yohimbine, and probably similar in its effects as well; may be more potent, but limited evidence exists.",Mental Health,"Human evidence appears limited, so treat benefits as uncertain.",Mechanism details are not clear from the public summary; review the source before applying Rauwolscine clinically.,"There is insufficient information for recommending a dosage of rauwolscine, although usually the dosing of yohimbine supplementation is extrapolated onto rauwolscine.",,,"Rauwolscine is a molecule which is very similar in structure to yohimbine, and probably similar in its effects as well; may be more potent, but limited evidence exists. Human evidence appears limited, so treat benefits as uncertain. Mechanism details are not clear from the public summary; review the source before applying Rauwolscine clinically. Evidence appears limited; human review recommended.",mental-health;cognition;exercise;hormones;experimental,https://examine.com/supplements/rauwolscine/,Evidence appears limited; human review recommended.
Red Berry Powder,General Health,"Red Berry Powder consists of a concentrated powdered blend of red berries, such as raspberries, goji berries, and more.",General Health,Potential benefits are context-specific; review the source evidence before using Red Berry Powder in a protocol.,Mechanism details are not clear from the public summary; review the source before applying Red Berry Powder clinically.,No clear public dosage summary extracted; review source before use.,,,"Red Berry Powder consists of a concentrated powdered blend of red berries, such as raspberries, goji berries, and more. Potential benefits are context-specific; review the source evidence before using Red Berry Powder in a protocol. Mechanism details are not clear from the public summary; review the source before applying Red Berry Powder clinically. Check pregnancy/lactation safety before client use.",general-health,https://examine.com/supplements/red-berry-powder/,Check pregnancy/lactation safety before client use.
Red Clover Extract,General Health,"Red clover (Trifolium pratense) is a plant in the Fabaceae (legume) family that is a source of isoflavones with estrogen-like effects, similar to soy.",General Health,Reported benefits should be matched to the specific outcome studied rather than assumed broadly.,Mechanism details are not clear from the public summary; review the source before applying Red Clover Extract clinically.,"Red clover is usually dosed based on total isoflavone content, with 40–80 mg of isoflavones orally daily being the most commonly used dosing. Some research suggests that dosages of 80 mg daily may be more effective,[1][2] but further research is needed to validate this. Red clover can also be applied directly to the skin, but few studies have utilized this route. Due to the nature of herbal medicines,","Daily, following dosage notes.",,"Red clover (Trifolium pratense) is a plant in the Fabaceae (legume) family that is a source of isoflavones with estrogen-like effects, similar to soy. Reported benefits should be matched to the specific outcome studied rather than assumed broadly. Mechanism details are not clear from the public summary; review the source before applying Red Clover Extract clinically. Paraphrased from public Examine page extraction; educational only.",general-health;hormones,https://examine.com/supplements/red-clover-extract/,Paraphrased from public Examine page extraction; educational only.
Red Paprika Extract,General Health,Red Paprika extract comes from the fruit pods of Capsicum plants.,General Health,Potential benefits are context-specific; review the source evidence before using Red Paprika Extract in a protocol.,Mechanism details are not clear from the public summary; review the source before applying Red Paprika Extract clinically.,No clear public dosage summary extracted; review source before use.,,,Red Paprika extract comes from the fruit pods of Capsicum plants. Potential benefits are context-specific; review the source evidence before using Red Paprika Extract in a protocol. Mechanism details are not clear from the public summary; review the source before applying Red Paprika Extract clinically. Check pregnancy/lactation safety before client use.,general-health,https://examine.com/supplements/red-paprika-extract/,Check pregnancy/lactation safety before client use.
Red Spinach Extract,Muscle Gain & Exercise,"Red Spinach Extract is a concentrated form of the vegetable, red spinach.",Muscle Gain & Exercise,Potential benefits are context-specific; review the source evidence before using Red Spinach Extract in a protocol.,Mechanism details are not clear from the public summary; review the source before applying Red Spinach Extract clinically.,No clear public dosage summary extracted; review source before use.,,,"Red Spinach Extract is a concentrated form of the vegetable, red spinach. Potential benefits are context-specific; review the source evidence before using Red Spinach Extract in a protocol. Mechanism details are not clear from the public summary; review the source before applying Red Spinach Extract clinically. Check pregnancy/lactation safety before client use.",muscle-gain-exercise;exercise,https://examine.com/supplements/red-spinach-extract/,Check pregnancy/lactation safety before client use.
Red Yeast Rice,Metabolic Health,Red yeast rice (RYR) is a fermented rice used traditionally in East Asia as a medicine and food.,Metabolic Health,Reported benefits should be matched to the specific outcome studied rather than assumed broadly.,"Red Yeast Rice may affect metabolic signaling, glucose handling, or lipid-related pathways.","⚠️ Caution: Not all RYR supplements contain the main active ingredient, monacolin K In clinical trials, the most common dosage of RYR is 600 mg twice daily. This dose has demonstrated effectiveness for reducing LDL cholesterol, improving atherosclerosis, and lowering the risk of major adverse cardiac events.[3][4][5] Importantly, most clinical trials have used a traditional Chinese medicine standardized extract,","Daily, following dosage notes.",,"Red yeast rice (RYR) is a fermented rice used traditionally in East Asia as a medicine and food. Reported benefits should be matched to the specific outcome studied rather than assumed broadly. Red Yeast Rice may affect metabolic signaling, glucose handling, or lipid-related pathways. Paraphrased from public Examine page extraction; educational only.",metabolic-health;lipids;hormones;heart-health,https://examine.com/supplements/red-yeast-rice/,Paraphrased from public Examine page extraction; educational only.
Reishi,Metabolic Health,"Ganoderma lucidum is a potent immune system regulator, promising anti-cancer agent, and stress reducer.",Metabolic Health,Reported benefits should be matched to the specific outcome studied rather than assumed broadly.,Reishi is discussed in relation to oxidative-stress or inflammatory pathways.,"The standard dose of Ganoderma lucidum depends on the form of the supplement. A general Ganoderma lucidum extract does not separate the triterpenoids and the polysaccharides present in the mushroom, which make up the ethanolic and water-soluble extracts, respectively. The standard dose for the basic extract is 1.44g – 5.2g. The most popular dose is 5.2g, taken in three doses of 1,800mg.",Split across the day as described in dosage notes.,,"Ganoderma lucidum is a potent immune system regulator, promising anti-cancer agent, and stress reducer. Reported benefits should be matched to the specific outcome studied rather than assumed broadly. Reishi is discussed in relation to oxidative-stress or inflammatory pathways. Paraphrased from public Examine page extraction; educational only.",metabolic-health;blood-sugar;stress;cognition;inflammation,https://examine.com/supplements/reishi/,Paraphrased from public Examine page extraction; educational only.
Resistant Starch,Gut Health,"Resistant starch is a type of dietary fiber that can be found naturally in foods (e.g., legumes, whole grains, potatoes, underripe bananas) or taken as a supplement.",Gut Health,Reported benefits should be matched to the specific outcome studied rather than assumed broadly.,Mechanism details are not clear from the public summary; review the source before applying Resistant Starch clinically.,"There is no established optimal dosing for RS, but commonly used dosages range from 15 to 40 grams daily, with some research suggesting doses of ≥25 grams for ≥8 weeks are more effective.[1][2] Supplemental RS is usually taken in the form of a powder that can be mixed into foods or beverages,","Daily, following dosage notes.",,"Resistant starch is a type of dietary fiber that can be found naturally in foods (e.g., legumes, whole grains, potatoes, underripe bananas) or taken as a supplement. Reported benefits should be matched to the specific outcome studied rather than assumed broadly. Mechanism details are not clear from the public summary; review the source before applying Resistant Starch clinically. Paraphrased from public Examine page extraction; educational only.",gut-health;hormones,https://examine.com/supplements/resistant-starch/,Paraphrased from public Examine page extraction; educational only.
Resveratrol,Metabolic Health,"Resveratrol is a bioactive molecule found in plant sources such as grapes, peanuts, blueberries, and, famously, red wine.",Metabolic Health,"Human evidence appears limited, so treat benefits as uncertain.",Resveratrol is discussed in relation to oxidative-stress or inflammatory pathways.,"The therapeutic dose of resveratrol ranges from 8.1 mg per day to 3,000 mg per day. Studies in humans suggest resveratrol can be supplemented at dosages up to 5 grams (5,000 mg) daily with few to no side effects outside of some intestinal upset and nausea.[1][2] ⚠️ Caution: Check with your doctor if taking any medication","Daily, following dosage notes.",,"Resveratrol is a bioactive molecule found in plant sources such as grapes, peanuts, blueberries, and, famously, red wine. Human evidence appears limited, so treat benefits as uncertain. Resveratrol is discussed in relation to oxidative-stress or inflammatory pathways. Evidence appears limited; human review recommended.",metabolic-health;lipids;cognition;exercise;inflammation;hormones;heart-health;experimental,https://examine.com/supplements/resveratrol/,Evidence appears limited; human review recommended.
Rhamnogalacturonan I,Immune & Inflammation,Rhamnogalacturonan I is a polysaccharide found in pectin (a type of fiber abundant in fruit).,Immune & Inflammation,Reported benefits should be matched to the specific outcome studied rather than assumed broadly.,Mechanism details are not clear from the public summary; review the source before applying Rhamnogalacturonan I clinically.,No clear public dosage summary extracted; review source before use.,,,Rhamnogalacturonan I is a polysaccharide found in pectin (a type of fiber abundant in fruit). Reported benefits should be matched to the specific outcome studied rather than assumed broadly. Mechanism details are not clear from the public summary; review the source before applying Rhamnogalacturonan I clinically. Check pregnancy/lactation safety before client use.,immune-inflammation,https://examine.com/supplements/rhamnogalacturonan-i/,Check pregnancy/lactation safety before client use.
Rhamnus nakaharai,Mental Health,"Rhamnus nakaharai is a herb that is commonly discussed as folk medicine in Taiwan for intestinal distress (mostly constipation) and asthma, it is a good source of quercetin glycosides but not much research exists on the herb per se.",Mental Health,Potential benefits are context-specific; review the source evidence before using Rhamnus nakaharai in a protocol.,Mechanism details are not clear from the public summary; review the source before applying Rhamnus nakaharai clinically.,Not enough information is known about Rhamnus Nakaharai to come to a conclusion on proper dosages.,,,"Rhamnus nakaharai is a herb that is commonly discussed as folk medicine in Taiwan for intestinal distress (mostly constipation) and asthma, it is a good source of quercetin glycosides but not much research exists on the herb per se. Potential benefits are context-specific; review the source evidence before using Rhamnus nakaharai in a protocol. Mechanism details are not clear from the public summary; review the source before applying Rhamnus nakaharai clinically.",mental-health;stress;cognition;exercise;hormones,https://examine.com/supplements/rhamnus-nakaharai/,Check pregnancy/lactation safety before client use.
Rhodiola rosea,Mental Health,"Rhodiola rosea, often called “rhodiola” for short, is a plant in the genus Rhodiola that’s used as an herbal supplement with adaptogenic properties that help to provide general resistance to stress.",Mental Health,Reported benefits should be matched to the specific outcome studied rather than assumed broadly.,Mechanism details are not clear from the public summary; review the source before applying Rhodiola rosea clinically.,Supplementation with Rhodiola rosea tends to refer to either the SHR-5 extract (standardized to 4 mg of salidroside (rhodioloside) per 144 mg tablet) or an equivalent extract. Usage of rhodiola as a daily preventative against fatigue has been reported to be effective in doses as low as 50 mg. Acute usage of rhodiola for fatigue and anti-stress has been noted to be taken in the range of 288 to 680 mg.,"Daily, following dosage notes.",,"Rhodiola rosea, often called “rhodiola” for short, is a plant in the genus Rhodiola that’s used as an herbal supplement with adaptogenic properties that help to provide general resistance to stress. Reported benefits should be matched to the specific outcome studied rather than assumed broadly. Mechanism details are not clear from the public summary; review the source before applying Rhodiola rosea clinically. Paraphrased from public Examine page extraction; educational only.",mental-health;stress;cognition;hormones,https://examine.com/supplements/rhodiola-rosea/,Paraphrased from public Examine page extraction; educational only.
Riboflavin (Vitamin B2),Muscle Gain & Exercise,"Riboflavin is an essential vitamin that’s necessary for energy metabolism, the antioxidant system, and the synthesis of many biological molecules.",Muscle Gain & Exercise,Reported benefits should be matched to the specific outcome studied rather than assumed broadly.,Riboflavin (Vitamin B2) is discussed in relation to oxidative-stress or inflammatory pathways.,Examine Database,,,"Riboflavin is an essential vitamin that’s necessary for energy metabolism, the antioxidant system, and the synthesis of many biological molecules. Reported benefits should be matched to the specific outcome studied rather than assumed broadly. Riboflavin (Vitamin B2) is discussed in relation to oxidative-stress or inflammatory pathways. Paraphrased from public Examine page extraction; educational only.",muscle-gain-exercise;stimulant,https://examine.com/supplements/vitamin-b2/,Paraphrased from public Examine page extraction; educational only.
Rose Essential Oil,Mental Health,Rose oil is an oil derived from roses (plant genus Rosa) used in aromatherapy and romance.,Mental Health,Reported benefits should be matched to the specific outcome studied rather than assumed broadly.,Rose Essential Oil is discussed in relation to oxidative-stress or inflammatory pathways.,"(There is overall a lack of highly quantifiable information regarding the dosing of Rose essential oil) For the purposes of Aromatherapy, rose essential oil should be applied (or rose aromatics lit) to a degree where the aroma is detectable but not adverse. The room should be poorly to moderately ventilated.",,,Rose oil is an oil derived from roses (plant genus Rosa) used in aromatherapy and romance. Reported benefits should be matched to the specific outcome studied rather than assumed broadly. Rose Essential Oil is discussed in relation to oxidative-stress or inflammatory pathways. Paraphrased from public Examine page extraction; educational only.,mental-health;stress;inflammation,https://examine.com/supplements/rose-essential-oil/,Paraphrased from public Examine page extraction; educational only.
Rose Hip,Metabolic Health,"Rose hip, the fruit of Rosa canina, is a dietary supplement for joint health.",Metabolic Health,Reported benefits should be matched to the specific outcome studied rather than assumed broadly.,Rose Hip is discussed in relation to oxidative-stress or inflammatory pathways.,"The standard dose for rose hip is 5-10g a day, divided into two doses. Rose hip powder is usually the preferred form of the supplement. Rose hip should be taken with meals. Doses as high as 40g have been used in studies. Aside from some intestinal distress, taking this much rose hip is not harmful.",With or shortly after meals.,,"Rose hip, the fruit of Rosa canina, is a dietary supplement for joint health. Reported benefits should be matched to the specific outcome studied rather than assumed broadly. Rose Hip is discussed in relation to oxidative-stress or inflammatory pathways. Paraphrased from public Examine page extraction; educational only.",metabolic-health;blood-sugar;lipids;stress;inflammation;gut-health;heart-health,https://examine.com/supplements/rose-hip/,Paraphrased from public Examine page extraction; educational only.
Roselle,Metabolic Health,Hibiscus Sabdariffa (Roselle or Sour Tea) is a tea where the usually dark colored flowers are used to brew.,Metabolic Health,"Human evidence appears limited, so treat benefits as uncertain.","Roselle may affect metabolic signaling, glucose handling, or lipid-related pathways.","When using Hibiscus Sabdariffa as a tea, a dried calyx (the part of the blooming top of a flower that is not the petals, but beneath them) weighing about a gram is steeped into tea; drunk either once in the morning or twice a day with 8 hours between doses. Supplemental Hibiscus Sabdariffa is taken according to the content of anthocyanins;","Daily, following dosage notes.",,"Hibiscus Sabdariffa (Roselle or Sour Tea) is a tea where the usually dark colored flowers are used to brew. Human evidence appears limited, so treat benefits as uncertain. Roselle may affect metabolic signaling, glucose handling, or lipid-related pathways. Check pregnancy/lactation safety before client use. Evidence appears limited; human review recommended.",metabolic-health;blood-sugar;hormones;heart-health;experimental,https://examine.com/supplements/roselle/,Check pregnancy/lactation safety before client use. Evidence appears limited; human review recommended.
Rosemary Oil,General Health,Rosemary Oil is an essential oil that is derived from the rosemary plant.,General Health,Potential benefits are context-specific; review the source evidence before using Rosemary Oil in a protocol.,Mechanism details are not clear from the public summary; review the source before applying Rosemary Oil clinically.,No clear public dosage summary extracted; review source before use.,,,Rosemary Oil is an essential oil that is derived from the rosemary plant. Potential benefits are context-specific; review the source evidence before using Rosemary Oil in a protocol. Mechanism details are not clear from the public summary; review the source before applying Rosemary Oil clinically. Check pregnancy/lactation safety before client use.,general-health,https://examine.com/supplements/rosemary-oil/,Check pregnancy/lactation safety before client use.
Rosmarinic Acid,General Health,"Rosmarinic Acid is a polyphenol similar to caffeic acid (found in coffee) and is in high levels in Perilla Oil and Rosemary, from which it draws its name.",General Health,Potential benefits are context-specific; review the source evidence before using Rosmarinic Acid in a protocol.,Rosmarinic Acid is discussed in relation to oxidative-stress or inflammatory pathways.,A standard dose is 200-300mg active Rosmarinic acid (check source for extract percentage) for oral ingestion.,,,"Rosmarinic Acid is a polyphenol similar to caffeic acid (found in coffee) and is in high levels in Perilla Oil and Rosemary, from which it draws its name. Potential benefits are context-specific; review the source evidence before using Rosmarinic Acid in a protocol. Rosmarinic Acid is discussed in relation to oxidative-stress or inflammatory pathways. Paraphrased from public Examine page extraction; educational only.",general-health;cognition;exercise;inflammation;hormones,https://examine.com/supplements/rosmarinic-acid/,Paraphrased from public Examine page extraction; educational only.
Royal Jelly,General Health,"Royal jelly is a nutritious jelly with a composition similar to pollen, created by worker bees.",General Health,Reported benefits should be matched to the specific outcome studied rather than assumed broadly.,Mechanism details are not clear from the public summary; review the source before applying Royal Jelly clinically.,More research is needed to determine an optimal dosage for royal jelly. Researchers have observed benefits when using 50-300mg doses. A 6g daily dose has also been shown to provide benefits.,"Daily, following dosage notes.",,"Royal jelly is a nutritious jelly with a composition similar to pollen, created by worker bees. Reported benefits should be matched to the specific outcome studied rather than assumed broadly. Mechanism details are not clear from the public summary; review the source before applying Royal Jelly clinically. Paraphrased from public Examine page extraction; educational only.",general-health;lipids;hormones;heart-health,https://examine.com/supplements/royal-jelly/,Paraphrased from public Examine page extraction; educational only.
Rutin,General Health,"Rutin is a flavonoid that is found in plant foods, such as apples, buckwheat, and figs.",General Health,Potential benefits are context-specific; review the source evidence before using Rutin in a protocol.,Mechanism details are not clear from the public summary; review the source before applying Rutin clinically.,No clear public dosage summary extracted; review source before use.,,,"Rutin is a flavonoid that is found in plant foods, such as apples, buckwheat, and figs. Potential benefits are context-specific; review the source evidence before using Rutin in a protocol. Mechanism details are not clear from the public summary; review the source before applying Rutin clinically. Check pregnancy/lactation safety before client use.",general-health,https://examine.com/supplements/rutin/,Check pregnancy/lactation safety before client use.
S-Adenosylmethionine,Mental Health,S-Adenosylmethionine (SAMe) is a metabolite in the body that helps to maintain several important biological reactions.,Mental Health,Reported benefits should be matched to the specific outcome studied rather than assumed broadly.,Mechanism details are not clear from the public summary; review the source before applying S-Adenosylmethionine clinically.,"Formulations: Tablets taken orally, or liquid injected intravenously or intramuscularly. Range of dosages studied: 45 to 3,200 milligrams per day (mg/day). Dosage recommendation: In some studies, the dosage range that has been found to improve depression is approximately 200 to 1,600 mg per day. In some studies,","Daily, following dosage notes.",,S-Adenosylmethionine (SAMe) is a metabolite in the body that helps to maintain several important biological reactions. Reported benefits should be matched to the specific outcome studied rather than assumed broadly. Mechanism details are not clear from the public summary; review the source before applying S-Adenosylmethionine clinically. Paraphrased from public Examine page extraction; educational only.,mental-health;hormones,https://examine.com/supplements/s-adenosyl-methionine/,Paraphrased from public Examine page extraction; educational only.
Sacred Lotus,General Health,Nelumbo nucifera (a flower commonly called Indian lotus or sacred lotus) is sometimes used in Asiatic dishes.,General Health,Reported benefits should be matched to the specific outcome studied rather than assumed broadly.,Mechanism details are not clear from the public summary; review the source before applying Sacred Lotus clinically.,Not enough information is currently known to suggest an optimal dosage of Nelumbo nucifera for the purpose of supplementation.,,,Nelumbo nucifera (a flower commonly called Indian lotus or sacred lotus) is sometimes used in Asiatic dishes. Reported benefits should be matched to the specific outcome studied rather than assumed broadly. Mechanism details are not clear from the public summary; review the source before applying Sacred Lotus clinically. Paraphrased from public Examine page extraction; educational only.,general-health;hormones,https://examine.com/supplements/sacred-lotus/,Paraphrased from public Examine page extraction; educational only.
Safed Musli,General Health,Chlorophytum borivilianum (safed musli) is a Rasayana herb from Indian medicine that is supposedly used as an aphrodisiac and adaptogen.,General Health,Reported benefits should be matched to the specific outcome studied rather than assumed broadly.,Mechanism details are not clear from the public summary; review the source before applying Safed Musli clinically.,"No human studies have been conducted to properly assess how much safed musli to use for the effects listed above. Rat studies have used a range of 100 to 200 mg of safed musli per kilogram of body weight (mg/kg), which converts to a preliminary dose of 16 to 32 mg/kg in humans (a dose of 1.1 to 2.2 grams for a 150 lb human).",,,Chlorophytum borivilianum (safed musli) is a Rasayana herb from Indian medicine that is supposedly used as an aphrodisiac and adaptogen. Reported benefits should be matched to the specific outcome studied rather than assumed broadly. Mechanism details are not clear from the public summary; review the source before applying Safed Musli clinically. Paraphrased from public Examine page extraction; educational only.,general-health,https://examine.com/supplements/safed-musli/,Paraphrased from public Examine page extraction; educational only.
Saffron,Metabolic Health,Saffron is a spice with antioxidant properties derived from the flowering plant Crocus sativus.,Metabolic Health,Reported benefits should be matched to the specific outcome studied rather than assumed broadly.,Saffron is discussed in relation to oxidative-stress or inflammatory pathways.,"Saffron is usually taken at a dosage of 15 mg twice daily, for a total of 30 mg daily. While higher doses have been used, there is no clear benefit to this, and there may be an increased risk of side effects. Doses above 5 grams (5,000 mg) are considered toxic and doses above 20 grams (20,000 mg) may be lethal.[1] Saffron supplements usually contain saffron stigma extract, which is the most studied form. However,","Daily, following dosage notes.",,Saffron is a spice with antioxidant properties derived from the flowering plant Crocus sativus. Reported benefits should be matched to the specific outcome studied rather than assumed broadly. Saffron is discussed in relation to oxidative-stress or inflammatory pathways. Check pregnancy/lactation safety before client use.,metabolic-health;blood-sugar;cognition;exercise;hormones;heart-health,https://examine.com/supplements/saffron/,Check pregnancy/lactation safety before client use.
Sage,Immune & Inflammation,"Sage, also known as Salvia officinalis, is an herbal supplement that is used for a variety of ailments, such as pain, inflammation, infections, and more.",Immune & Inflammation,Potential benefits are context-specific; review the source evidence before using Sage in a protocol.,Sage is discussed in relation to oxidative-stress or inflammatory pathways.,No clear public dosage summary extracted; review source before use.,,,"Sage, also known as Salvia officinalis, is an herbal supplement that is used for a variety of ailments, such as pain, inflammation, infections, and more. Potential benefits are context-specific; review the source evidence before using Sage in a protocol. Sage is discussed in relation to oxidative-stress or inflammatory pathways. Check pregnancy/lactation safety before client use.",immune-inflammation;inflammation,https://examine.com/supplements/sage/,Check pregnancy/lactation safety before client use.
Salacia reticulata,General Health,"Salacia reticulata is a medicinal herb from Ayurveda that appears to have antidiabetic activities, namely, by inhibiting carbohydrate uptake from the intestines; it appears quite effective and is similar to acarbose in potency.",General Health,Potential benefits are context-specific; review the source evidence before using Salacia reticulata in a protocol.,Mechanism details are not clear from the public summary; review the source before applying Salacia reticulata clinically.,"Supplementation with Salacia herbs (reticulata or oblonga) seem to be effective in humans when it is taken at the oral dose of 240 to 1,000 mg; the higher dose is used more frequently for the purpose of reducing glucose absorption form the intestines. Because this supplement acts as a carbohydrate absorption inhibitor, it needs to be taken alongside dietary carbohydrates.",,,"Salacia reticulata is a medicinal herb from Ayurveda that appears to have antidiabetic activities, namely, by inhibiting carbohydrate uptake from the intestines; it appears quite effective and is similar to acarbose in potency. Potential benefits are context-specific; review the source evidence before using Salacia reticulata in a protocol. Mechanism details are not clear from the public summary; review the source before applying Salacia reticulata clinically.",general-health;blood-sugar;cognition;exercise;hormones,https://examine.com/supplements/salacia-reticulata/,Paraphrased from public Examine page extraction; educational only.
Salidrosides,Mental Health,"Salidrosides is a compound found in the popular supplement, Rhodiola rosea.",Mental Health,Potential benefits are context-specific; review the source evidence before using Salidrosides in a protocol.,Mechanism details are not clear from the public summary; review the source before applying Salidrosides clinically.,No clear public dosage summary extracted; review source before use.,,,"Salidrosides is a compound found in the popular supplement, Rhodiola rosea. Potential benefits are context-specific; review the source evidence before using Salidrosides in a protocol. Mechanism details are not clear from the public summary; review the source before applying Salidrosides clinically. Check pregnancy/lactation safety before client use.",mental-health;cognition,https://examine.com/supplements/salidrosides/,Check pregnancy/lactation safety before client use.
Sarcosine,Mental Health,Sarcosine is a product of glycine. It can be used as a cognitive enhancer and to treat schizophrenia.,Mental Health,Reported benefits should be matched to the specific outcome studied rather than assumed broadly.,Mechanism details are not clear from the public summary; review the source before applying Sarcosine clinically.,"The standard sarcosine dose is 30mg/kg of bodyweight, which correlates to an approximate dosage range of 2,045 – 2,727mg for people between 150 – 200 lbs. Sarcosine is taken daily.","Daily, following dosage notes.",,Sarcosine is a product of glycine. It can be used as a cognitive enhancer and to treat schizophrenia. Reported benefits should be matched to the specific outcome studied rather than assumed broadly. Mechanism details are not clear from the public summary; review the source before applying Sarcosine clinically. Paraphrased from public Examine page extraction; educational only.,mental-health;cognition;hormones,https://examine.com/supplements/sarcosine/,Paraphrased from public Examine page extraction; educational only.
Saw Palmetto,General Health,Saw Palmetto is a fatty acid mix from Serenoa repens that has been touted for its abilities to increase testosterone (not effective) and suppress prostate growth (questionable effectiveness); safe for use in benign prostatic hyperplasia and abnormal urine flow,General Health,Reported benefits should be matched to the specific outcome studied rather than assumed broadly.,Mechanism details are not clear from the public summary; review the source before applying Saw Palmetto clinically.,"While the active compound(s) are not yet known, it is known that they exist in what is known as the ""liposterolic"" fraction of the fruits. If using saw palmetto, choose a product that discloses the percentage of the supplement which is this fraction. Supplementation of saw palmetto tends to be in the range of 160-320 mg, taken once daily, of a product which is 80-90% liposterolic compounds by weight.","Daily, following dosage notes.",,Saw Palmetto is a fatty acid mix from Serenoa repens that has been touted for its abilities to increase testosterone (not effective) and suppress prostate growth (questionable effectiveness); safe for use in benign prostatic hyperplasia and abnormal urine flow Reported benefits should be matched to the specific outcome studied rather than assumed broadly. Mechanism details are not clear from the public summary; review the source before applying Saw Palmetto clinically.,general-health;hormones,https://examine.com/supplements/saw-palmetto/,Paraphrased from public Examine page extraction; educational only.
Schisandra,Mental Health,Schizandra berries have been used traditionally as performance enhancers and as an adaptogen.,Mental Health,Reported benefits should be matched to the specific outcome studied rather than assumed broadly.,Mechanism details are not clear from the public summary; review the source before applying Schisandra clinically.,"Clinical trials done in the West are lacking or confounded, and thus optimum doses cannot really be extrapolated from these. The best estimate at this moment in time may be falling back on traditional preparation methods, which are various: Dried fruit extract in a 1:6 w/v ratio against liquid (95% ethanol) and administered at 20-30 drops daily Dried fruit extract in a 1:20 w/v ratio against water,","Daily, following dosage notes.",,Schizandra berries have been used traditionally as performance enhancers and as an adaptogen. Reported benefits should be matched to the specific outcome studied rather than assumed broadly. Mechanism details are not clear from the public summary; review the source before applying Schisandra clinically. Paraphrased from public Examine page extraction; educational only.,mental-health;stress;cognition;exercise;hormones,https://examine.com/supplements/schisandra/,Paraphrased from public Examine page extraction; educational only.
Sea Buckthorn,Immune & Inflammation,Sea buckthorn (Hippophae rhamnoides) is a plant whose leaves are sometimes supplemented (or the berries consumed as juice) for general antiinflammatory and antioxidative purposes.,Immune & Inflammation,Reported benefits should be matched to the specific outcome studied rather than assumed broadly.,Sea Buckthorn is discussed in relation to oxidative-stress or inflammatory pathways.,"Sea buckthorn is supplemented as either a dry plant extract (of which both the berries and the leaves are viable options) or as an oil made from the berries. When supplementing dry extracts, the range of 500-2,000mg is used for both the berry extracts and the leaf extracts. For the oil, slightly higher dosage ranges (2,000-5,000mg) are used daily.","Daily, following dosage notes.",,Sea buckthorn (Hippophae rhamnoides) is a plant whose leaves are sometimes supplemented (or the berries consumed as juice) for general antiinflammatory and antioxidative purposes. Reported benefits should be matched to the specific outcome studied rather than assumed broadly. Sea Buckthorn is discussed in relation to oxidative-stress or inflammatory pathways. Paraphrased from public Examine page extraction; educational only.,immune-inflammation;inflammation;heart-health,https://examine.com/supplements/sea-buckthorn/,Paraphrased from public Examine page extraction; educational only.
Selenium,Micronutrient,"Selenium is an essential mineral that’s required for many important biological functions, including antioxidant defense and the regulation of thyroid hormones.",Micronutrient,Potential benefits are context-specific; review the source evidence before using Selenium in a protocol.,Selenium is discussed in relation to oxidative-stress or inflammatory pathways.,"Formulation Selenium supplements can be taken orally and come in various forms, including selenomethionine, sodium selenate, sodium selenite, and selenium-enriched yeast. In some studies selenium was given as a selenium-enriched food. Range of dosages studied Dosages of selenium used in studies have ranged from 50 μg to 800 μg daily, and durations have spanned up to 7 years.","Daily, following dosage notes.",,"Selenium is an essential mineral that’s required for many important biological functions, including antioxidant defense and the regulation of thyroid hormones. Potential benefits are context-specific; review the source evidence before using Selenium in a protocol. Selenium is discussed in relation to oxidative-stress or inflammatory pathways. Paraphrased from public Examine page extraction; educational only.",micronutrient;hormones,https://examine.com/supplements/selenium/,Paraphrased from public Examine page extraction; educational only.
Senna,Gut Health,Senna alexandrina is a plant containing sennosides which possess laxative properties.,Gut Health,Potential benefits are context-specific; review the source evidence before using Senna in a protocol.,Mechanism details are not clear from the public summary; review the source before applying Senna clinically.,"In accordance with clinical usage, the correct dose is the ""lowest dose required to produce the desired effects (soft-formed and comfortable stool)"". This is either 1-2g of the powdered extract or fruit usually standardized to 10-30mg active sennosides.",,,Senna alexandrina is a plant containing sennosides which possess laxative properties. Potential benefits are context-specific; review the source evidence before using Senna in a protocol. Mechanism details are not clear from the public summary; review the source before applying Senna clinically. Paraphrased from public Examine page extraction; educational only.,gut-health;cognition;exercise;stimulant;hormones,https://examine.com/supplements/senna/,Paraphrased from public Examine page extraction; educational only.
Serrapeptase,Gut Health,Serrapeptase is an enzyme derived from silkworms.,Gut Health,Reported benefits should be matched to the specific outcome studied rather than assumed broadly.,Serrapeptase is discussed in relation to oxidative-stress or inflammatory pathways.,"The standard dose for serrapeptase is 10-60mg. Serrapeptase should be supplemented on an empty stomach, which is 30 minutes before a meal or two hours after a meal, three times a day. Most studies use 10mg of serrapeptase taken every eight hours. More human evidence is needed to determine the optimal dose of serrapeptase. 10mg of serrapeptase is equal to approximately 20,000 enzymatic units.",With or shortly after meals.,,Serrapeptase is an enzyme derived from silkworms. Reported benefits should be matched to the specific outcome studied rather than assumed broadly. Serrapeptase is discussed in relation to oxidative-stress or inflammatory pathways. Paraphrased from public Examine page extraction; educational only.,gut-health;inflammation,https://examine.com/supplements/serrapeptase/,Paraphrased from public Examine page extraction; educational only.
Sesamin,Gut Health,"Sesamin is a lignan derived from sesame seeds (Sesamum indicum) that appears to inhibit vitamin E metabolism, which causes a relative increase in circulating levels of γ-tocopherol and γ-tocotrienol; it shows most promise in augmenting the efficacy of vitamin",Gut Health,Reported benefits should be matched to the specific outcome studied rather than assumed broadly.,Sesamin is discussed in relation to oxidative-stress or inflammatory pathways.,"There are limited human studies on sesamin, but it appears that oral ingestion of around 100-150mg of sesamin is sufficient to raise bodily sesamin stores to the level where it can preserve Vitamin E in the body; this indirect antioxidative effect may be the most practical reason to supplement sesamin. If using sesame seeds to get your sesamin from,",,,"Sesamin is a lignan derived from sesame seeds (Sesamum indicum) that appears to inhibit vitamin E metabolism, which causes a relative increase in circulating levels of γ-tocopherol and γ-tocotrienol; it shows most promise in augmenting the efficacy of vitamin Reported benefits should be matched to the specific outcome studied rather than assumed broadly. Sesamin is discussed in relation to oxidative-stress or inflammatory pathways. Paraphrased from public Examine page extraction;",gut-health;inflammation;hormones,https://examine.com/supplements/sesamin/,Paraphrased from public Examine page extraction; educational only.
Shatavari,Mental Health,Asparagus racemosus is an herb used in Ayurveda medicine.,Mental Health,Reported benefits should be matched to the specific outcome studied rather than assumed broadly.,Mechanism details are not clear from the public summary; review the source before applying Shatavari clinically.,"Rat studies using the root of Asparagus racemosus (Note: this is not the vegetable commonly called asparagus) use doses in the 100-200mg/kg of bodyweight range. This translates to an estimated human dose of 16-32 mg/kg of bodyweight, or: • 1,100-2,200 mg for a 150lb person • 1,400-2,900 mg for a 200lb person • 1,800-3,600 mg for a 250lb person The dosage ranges above are based on rat studies.",,,Asparagus racemosus is an herb used in Ayurveda medicine. Reported benefits should be matched to the specific outcome studied rather than assumed broadly. Mechanism details are not clear from the public summary; review the source before applying Shatavari clinically. Paraphrased from public Examine page extraction; educational only.,mental-health;gut-health;hormones,https://examine.com/supplements/shatavari/,Paraphrased from public Examine page extraction; educational only.
Shilajit,General Health,Shilajit is a natural compound that seeps out of sedimentary rock in certain regions of the world.,General Health,Potential benefits are context-specific; review the source evidence before using Shilajit in a protocol.,Shilajit is discussed in relation to oxidative-stress or inflammatory pathways.,"Shilajit is usually processed into a powder or taken in a purified resin form. The exact composition of shilajit can vary based on geographical region, which may also impact its biological effects.[1] Ideally, a product should be standardized to contain a certain amount of fulvic acid, DBPs, and DCPs. For example, PrimaVie — a patented,",,,Shilajit is a natural compound that seeps out of sedimentary rock in certain regions of the world. Potential benefits are context-specific; review the source evidence before using Shilajit in a protocol. Shilajit is discussed in relation to oxidative-stress or inflammatory pathways. Paraphrased from public Examine page extraction; educational only.,general-health;cognition;exercise;inflammation;hormones,https://examine.com/supplements/shilajit/,Paraphrased from public Examine page extraction; educational only.
Shirazi Thyme,General Health,"Zataria multiflora, or Shirazi thyme, is a thyme-like plant in the mint family, and it is traditionally used for respiratory health.",General Health,Potential benefits are context-specific; review the source evidence before using Shirazi Thyme in a protocol.,Mechanism details are not clear from the public summary; review the source before applying Shirazi Thyme clinically.,No clear public dosage summary extracted; review source before use.,,,"Zataria multiflora, or Shirazi thyme, is a thyme-like plant in the mint family, and it is traditionally used for respiratory health. Potential benefits are context-specific; review the source evidence before using Shirazi Thyme in a protocol. Mechanism details are not clear from the public summary; review the source before applying Shirazi Thyme clinically. Check pregnancy/lactation safety before client use.",general-health,https://examine.com/supplements/shirazi-thyme/,Check pregnancy/lactation safety before client use.
Shivlingi,General Health,"An Ayurveda herb used traditionally as an aphrodisiac and pro-fertility compound, touted to increase masculinity and enhance youthfulness during aging.",General Health,Reported benefits should be matched to the specific outcome studied rather than assumed broadly.,Mechanism details are not clear from the public summary; review the source before applying Shivlingi clinically.,No clear public dosage summary extracted; review source before use.,,,"An Ayurveda herb used traditionally as an aphrodisiac and pro-fertility compound, touted to increase masculinity and enhance youthfulness during aging. Reported benefits should be matched to the specific outcome studied rather than assumed broadly. Mechanism details are not clear from the public summary; review the source before applying Shivlingi clinically. Check pregnancy/lactation safety before client use.",general-health;hormones,https://examine.com/supplements/shivlingi/,Check pregnancy/lactation safety before client use.
Short-Chain Fatty Acids,Gut Health,"Short-chain fatty acids (SCFAs) include butyrate, propionate, and acetate.",Gut Health,Potential benefits are context-specific; review the source evidence before using Short-Chain Fatty Acids in a protocol.,Mechanism details are not clear from the public summary; review the source before applying Short-Chain Fatty Acids clinically.,No clear public dosage summary extracted; review source before use.,,,"Short-chain fatty acids (SCFAs) include butyrate, propionate, and acetate. Potential benefits are context-specific; review the source evidence before using Short-Chain Fatty Acids in a protocol. Mechanism details are not clear from the public summary; review the source before applying Short-Chain Fatty Acids clinically. Check pregnancy/lactation safety before client use.",gut-health,https://examine.com/supplements/short-chain-fatty-acids/,Check pregnancy/lactation safety before client use.
Silica,Micronutrient,Silica (aka silicon dioxide) is a naturally occurring mineral with the chemical formula SiO2.,Micronutrient,Potential benefits are context-specific; review the source evidence before using Silica in a protocol.,Silica likely works by correcting or supporting nutrient-dependent physiological processes.,No clear public dosage summary extracted; review source before use.,,,Silica (aka silicon dioxide) is a naturally occurring mineral with the chemical formula SiO2. Potential benefits are context-specific; review the source evidence before using Silica in a protocol. Silica likely works by correcting or supporting nutrient-dependent physiological processes. Check pregnancy/lactation safety before client use.,micronutrient,https://examine.com/supplements/silica/,Check pregnancy/lactation safety before client use.
Silk Amino Acid (SAA),Metabolic Health,Silk amino acids (SAAs) are amino acids derived from the silkworm cocoon and contain the peptide compounds sericin-S and sericin-L (small and large).,Metabolic Health,Reported benefits should be matched to the specific outcome studied rather than assumed broadly.,"Silk Amino Acid (SAA) is being investigated for tissue-signaling and repair pathways, but human mechanisms remain uncertain.","There is insufficient evidence to recommend an optimal dosage of silk amino acids for human supplementation, although it is known that for any purpose in which silk amino acids need to be absorbed, a hydrolyzed form of the supplement is required. Hydrolyzed silk amino acids are not required if the target is the intestines or colon.",,,"Silk amino acids (SAAs) are amino acids derived from the silkworm cocoon and contain the peptide compounds sericin-S and sericin-L (small and large). Reported benefits should be matched to the specific outcome studied rather than assumed broadly. Silk Amino Acid (SAA) is being investigated for tissue-signaling and repair pathways, but human mechanisms remain uncertain. Paraphrased from public Examine page extraction; educational only.",metabolic-health;gut-health;hormones,https://examine.com/supplements/silk-amino-acids/,Paraphrased from public Examine page extraction; educational only.
Silymarin,General Health,Silymarin is a complex mixture of plant-derived compounds extracted from milk thistle.,General Health,Potential benefits are context-specific; review the source evidence before using Silymarin in a protocol.,Silymarin is discussed in relation to oxidative-stress or inflammatory pathways.,No clear public dosage summary extracted; review source before use.,,,Silymarin is a complex mixture of plant-derived compounds extracted from milk thistle. Potential benefits are context-specific; review the source evidence before using Silymarin in a protocol. Silymarin is discussed in relation to oxidative-stress or inflammatory pathways. Check pregnancy/lactation safety before client use.,general-health;blood-sugar;inflammation,https://examine.com/supplements/silymarin/,Check pregnancy/lactation safety before client use.
Slippery Elm,Gut Health,Slippery elm is a species of tree found in the United States and Canada.,Gut Health,Potential benefits are context-specific; review the source evidence before using Slippery Elm in a protocol.,Mechanism details are not clear from the public summary; review the source before applying Slippery Elm clinically.,"Slippery elm bark can be taken as a tea or in capsules. For sore throats, the tea is likely preferable.",,,Slippery elm is a species of tree found in the United States and Canada. Potential benefits are context-specific; review the source evidence before using Slippery Elm in a protocol. Mechanism details are not clear from the public summary; review the source before applying Slippery Elm clinically. Check pregnancy/lactation safety before client use.,gut-health;cognition;exercise;hormones,https://examine.com/supplements/slippery-elm/,Check pregnancy/lactation safety before client use.
Society Garlic,General Health,"Society garlic is an African herb traditionally used for its anti-infection effects; it may be heart healthy and has some preliminary testicular effects, which suggest that it might increase testosterone levels.",General Health,Reported benefits should be matched to the specific outcome studied rather than assumed broadly.,Mechanism details are not clear from the public summary; review the source before applying Society Garlic clinically.,No clear public dosage summary extracted; review source before use.,,,"Society garlic is an African herb traditionally used for its anti-infection effects; it may be heart healthy and has some preliminary testicular effects, which suggest that it might increase testosterone levels. Reported benefits should be matched to the specific outcome studied rather than assumed broadly. Mechanism details are not clear from the public summary; review the source before applying Society Garlic clinically. Check pregnancy/lactation safety before client use.",general-health;hormones;heart-health,https://examine.com/supplements/society-garlic/,Check pregnancy/lactation safety before client use.
Sodium Bicarbonate,Muscle Gain & Exercise,Sodium bicarbonate is a buffer that neutralizes acidity in the human body.,Muscle Gain & Exercise,Reported benefits should be matched to the specific outcome studied rather than assumed broadly.,"Sodium Bicarbonate appears to act mainly through stimulant-like nervous-system pathways that can affect energy, alertness, or exertion.","⚠️ Caution: Sodium bicarbonate has contraindications & drug interactions Formulations: Sodium bicarbonate (often referred to as sodium bicarb, bicarb, baking soda, or bicarbonate of soda) is taken as tablets or loose powder when used as a supplement. In clinical practice, bicarbonate is administered intravenously as a solution. ⚠️ Caution: Baking powder is not synonymous with sodium bicarbonate.",,,"Sodium bicarbonate is a buffer that neutralizes acidity in the human body. Reported benefits should be matched to the specific outcome studied rather than assumed broadly. Sodium Bicarbonate appears to act mainly through stimulant-like nervous-system pathways that can affect energy, alertness, or exertion. Check pregnancy/lactation safety before client use.",muscle-gain-exercise;exercise;stimulant;gut-health;heart-health,https://examine.com/supplements/sodium-bicarbonate/,Check pregnancy/lactation safety before client use.
Sodium Oligomannate,General Health,Sodium Oligomannate is an oligosaccharide derived from marine algae.,General Health,Potential benefits are context-specific; review the source evidence before using Sodium Oligomannate in a protocol.,Mechanism details are not clear from the public summary; review the source before applying Sodium Oligomannate clinically.,No clear public dosage summary extracted; review source before use.,,,Sodium Oligomannate is an oligosaccharide derived from marine algae. Potential benefits are context-specific; review the source evidence before using Sodium Oligomannate in a protocol. Mechanism details are not clear from the public summary; review the source before applying Sodium Oligomannate clinically. Check pregnancy/lactation safety before client use.,general-health,https://examine.com/supplements/sodium-oligomannate/,Check pregnancy/lactation safety before client use.
Soy Isoflavones,General Health,Soy isoflavones are phytoestrogens and are found mainly in soy products.,General Health,Reported benefits should be matched to the specific outcome studied rather than assumed broadly.,Mechanism details are not clear from the public summary; review the source before applying Soy Isoflavones clinically.,"Formulation: Soy isoflavones can be taken as pills or as powdered supplements, but they are also found naturally in soy products like tofu that can be added into the diet to increase their intake. Range of dosages studied: Dosages range widely in studies, from about 25 milligrams to 300 milligrams per day of isolated soy isoflavones.","Daily, following dosage notes.",,Soy isoflavones are phytoestrogens and are found mainly in soy products. Reported benefits should be matched to the specific outcome studied rather than assumed broadly. Mechanism details are not clear from the public summary; review the source before applying Soy Isoflavones clinically. Check pregnancy/lactation safety before client use. Evidence appears limited; human review recommended.,general-health;lipids;hormones;heart-health;experimental,https://examine.com/supplements/soy-isoflavones/,Check pregnancy/lactation safety before client use. Evidence appears limited; human review recommended.
Soy Lecithin,Gut Health,"Soy lecithin is a lecithin (a structural term for a triglyceride with one fatty acid replaced by phosphatic acid conjugates) which delivers a high level of phosphatidylserine (PS), phosphatidylcholine (PC), and phosphatidylinositol (PI).",Gut Health,Potential benefits are context-specific; review the source evidence before using Soy Lecithin in a protocol.,Soy Lecithin may influence choline availability and acetylcholine-related signaling.,"Supplementation of soy lecithin seems to be in the range of 500-2,000mg. While it does not require to be taken with a meal, it is usually recommended to do so out of prudency. Alternatively, soy lecithin can be dosed in accordance with phosphatidylcholine dosing.",With or shortly after meals.,,"Soy lecithin is a lecithin (a structural term for a triglyceride with one fatty acid replaced by phosphatic acid conjugates) which delivers a high level of phosphatidylserine (PS), phosphatidylcholine (PC), and phosphatidylinositol (PI). Potential benefits are context-specific; review the source evidence before using Soy Lecithin in a protocol. Soy Lecithin may influence choline availability and acetylcholine-related signaling. Check pregnancy/lactation safety before client use.",gut-health;lipids;cognition;exercise;hormones,https://examine.com/supplements/soy-lecithin/,Check pregnancy/lactation safety before client use.
Soy Protein,General Health,Soy protein refers to protein that is derived from soybeans.,General Health,Potential benefits are context-specific; review the source evidence before using Soy Protein in a protocol.,Mechanism details are not clear from the public summary; review the source before applying Soy Protein clinically.,No clear public dosage summary extracted; review source before use.,,,Soy protein refers to protein that is derived from soybeans. Potential benefits are context-specific; review the source evidence before using Soy Protein in a protocol. Mechanism details are not clear from the public summary; review the source before applying Soy Protein clinically. Check pregnancy/lactation safety before client use.,general-health,https://examine.com/supplements/soy-protein/,Check pregnancy/lactation safety before client use.
Spermidine,Metabolic Health,Spermidine is a polyamine that plays a role in many metabolic processes.,Metabolic Health,Potential benefits are context-specific; review the source evidence before using Spermidine in a protocol.,Mechanism details are not clear from the public summary; review the source before applying Spermidine clinically.,No clear public dosage summary extracted; review source before use.,,,Spermidine is a polyamine that plays a role in many metabolic processes. Potential benefits are context-specific; review the source evidence before using Spermidine in a protocol. Mechanism details are not clear from the public summary; review the source before applying Spermidine clinically. Check pregnancy/lactation safety before client use.,metabolic-health;cognition,https://examine.com/supplements/spermidine/,Check pregnancy/lactation safety before client use.
Spikenard,Mental Health,Nardostachys jatamansi (Jatamansi) is a supposedly calming herb from Ayurveda that has been used for anticonvulsive and antiepileptic properties.,Mental Health,Reported benefits should be matched to the specific outcome studied rather than assumed broadly.,Spikenard is discussed in relation to oxidative-stress or inflammatory pathways.,"Studies in rodents tend to use 250-500mg/kg of the basic root extract, which is an estimated human dose of: 2,700-5,400mg for a 150lb person 3,600-7,200mg for a 200lb person 4,500-9,000mg for a 250lb person These are estimated human dosages based on rat studies, as it is currently not known if these are optimal human dosages.",,,Nardostachys jatamansi (Jatamansi) is a supposedly calming herb from Ayurveda that has been used for anticonvulsive and antiepileptic properties. Reported benefits should be matched to the specific outcome studied rather than assumed broadly. Spikenard is discussed in relation to oxidative-stress or inflammatory pathways. Paraphrased from public Examine page extraction; educational only.,mental-health;stress;cognition;inflammation,https://examine.com/supplements/spikenard/,Paraphrased from public Examine page extraction; educational only.
Spirulina,Muscle Gain & Exercise,"Spirulina, commonly known as “blue-green algae”, is a nontoxic cyanobacterium that is rich in various nutrients and bioactive pigments and polyphenols.",Muscle Gain & Exercise,Potential benefits are context-specific; review the source evidence before using Spirulina in a protocol.,Spirulina is discussed in relation to oxidative-stress or inflammatory pathways.,"Spirulina is usually dosed in the range of 2 to 10 grams daily in whole powder or capsule form. Extracts are sometimes used, but they are less thoroughly studied and do not contain the full array of compounds found in dried spirulina. Higher doses of spirulina, in the range of 4 to 10 grams daily,","Daily, following dosage notes.",,"Spirulina, commonly known as “blue-green algae”, is a nontoxic cyanobacterium that is rich in various nutrients and bioactive pigments and polyphenols. Potential benefits are context-specific; review the source evidence before using Spirulina in a protocol. Spirulina is discussed in relation to oxidative-stress or inflammatory pathways. Check pregnancy/lactation safety before client use.",muscle-gain-exercise;lipids;cognition;exercise;hormones;heart-health,https://examine.com/supplements/spirulina/,Check pregnancy/lactation safety before client use.
Squalene,Metabolic Health,Squalene is a compound found in Olive Oil and in high amounts in shark oil.,Metabolic Health,Reported benefits should be matched to the specific outcome studied rather than assumed broadly.,"Squalene may affect metabolic signaling, glucose handling, or lipid-related pathways.","A typical preventative dose to alleviate cancer risk would be in the range of 300mg a day, to mimic the dosages found in the mediterranean diet. Dosages above this are well-tolerated.","Daily, following dosage notes.",,"Squalene is a compound found in Olive Oil and in high amounts in shark oil. Reported benefits should be matched to the specific outcome studied rather than assumed broadly. Squalene may affect metabolic signaling, glucose handling, or lipid-related pathways. Paraphrased from public Examine page extraction; educational only.",metabolic-health;lipids;cognition;exercise;hormones,https://examine.com/supplements/squalene/,Paraphrased from public Examine page extraction; educational only.
St. John's Wort,General Health,"St. John’s wort, also known by its Linnean name of Hypericum perforatum (HP), is an anti-depressant herb that is commonly used for its neurological effects.",General Health,Potential benefits are context-specific; review the source evidence before using St. John's Wort in a protocol.,Mechanism details are not clear from the public summary; review the source before applying St. John's Wort clinically.,"The most common dosage of St. John's wort extract found in studies is 300mg, taken up to three times a day (for a total of 900 mg).[1]",Split across the day as described in dosage notes.,,"St. John’s wort, also known by its Linnean name of Hypericum perforatum (HP), is an anti-depressant herb that is commonly used for its neurological effects. Potential benefits are context-specific; review the source evidence before using St. John's Wort in a protocol. Mechanism details are not clear from the public summary; review the source before applying St. John's Wort clinically. Check pregnancy/lactation safety before client use.",general-health;cognition;exercise;hormones,https://examine.com/supplements/st-johns-wort/,Check pregnancy/lactation safety before client use.
Stinging Nettle,General Health,Stinging nettle (Urtica dioica) is a perennial plant that can cause painful reactions when it comes in contact with the skin.,General Health,Potential benefits are context-specific; review the source evidence before using Stinging Nettle in a protocol.,Mechanism details are not clear from the public summary; review the source before applying Stinging Nettle clinically.,"For allergic rhinitis, the recommended dosage is 600 mg of dried nettle leaf per day taken in three separate doses.[1] In benign prostatic hyperplasia (BPH), a daily dose of 360 mg of aqueous root extract taken as 3 divided doses is suggested for up to 6 months.[2] Alternatively, methanol root extract of up to 1,200 mg daily, also as three divided doses,",Split across the day as described in dosage notes.,,Stinging nettle (Urtica dioica) is a perennial plant that can cause painful reactions when it comes in contact with the skin. Potential benefits are context-specific; review the source evidence before using Stinging Nettle in a protocol. Mechanism details are not clear from the public summary; review the source before applying Stinging Nettle clinically. Paraphrased from public Examine page extraction; educational only.,general-health;cognition;exercise;inflammation;hormones,https://examine.com/supplements/stinging-nettle/,Paraphrased from public Examine page extraction; educational only.
Strontium,Micronutrient,Strontium is a naturally occurring mineral found in our bodies.,Micronutrient,Potential benefits are context-specific; review the source evidence before using Strontium in a protocol.,Strontium likely works by correcting or supporting nutrient-dependent physiological processes.,"Formulation: Strontium used to be a more common toothpaste additive to ease dental sensitivity. Over time it has fallen out of favor in the US and is being replaced by ingredients like potassium nitrate. Though there are some investigations into whether strontium chloride or nitrate may be useful in applications of skin sensitivities, these may also be difficult to find over the counter. In the US,",,,Strontium is a naturally occurring mineral found in our bodies. Potential benefits are context-specific; review the source evidence before using Strontium in a protocol. Strontium likely works by correcting or supporting nutrient-dependent physiological processes. Paraphrased from public Examine page extraction; educational only.,micronutrient,https://examine.com/supplements/strontium/,Paraphrased from public Examine page extraction; educational only.
Sulbutiamine,Micronutrient,"Sulbutiamine is a synthetic molecule which consists of two Thiamine (Vitamin B1) molecules bound together by a sulfur group, and appears to be somewhat useful in alleviating fatigue; especially that associated with infection.",Micronutrient,Potential benefits are context-specific; review the source evidence before using Sulbutiamine in a protocol.,Sulbutiamine likely works by correcting or supporting nutrient-dependent physiological processes.,"Human studies using sulbutiamine supplementation have used 400mg daily. It is not clear if this is near the optimal dosage, and an ideal dosing regimen (with or without meals and how many divided doses a day) is not currently known.",Split across the day as described in dosage notes.,,"Sulbutiamine is a synthetic molecule which consists of two Thiamine (Vitamin B1) molecules bound together by a sulfur group, and appears to be somewhat useful in alleviating fatigue; especially that associated with infection. Potential benefits are context-specific; review the source evidence before using Sulbutiamine in a protocol. Sulbutiamine likely works by correcting or supporting nutrient-dependent physiological processes. Check pregnancy/lactation safety before client use.",micronutrient;cognition;exercise;hormones,https://examine.com/supplements/sulbutiamine/,Check pregnancy/lactation safety before client use.
Sulforaphane,General Health,"Sulforaphane is an anti-cancer compound in cruciferous vegetables, most commonly credited to Broccoli.",General Health,Potential benefits are context-specific; review the source evidence before using Sulforaphane in a protocol.,Sulforaphane is discussed in relation to oxidative-stress or inflammatory pathways.,"Although an ideal dosage is not known, supplementation of 0.1-0.5mg/kg sulforaphane to rats has been noted to be bioactive. This is an estimated human dose of: 1.1-5.5 mg for a 150lb person 1.5-7.2 mg for a 200lb person 1.7-9.1 mg for a 250lb person These low quantities are likely attainable via raw broccoli or cruciferious vegetable products, while higher doses may be further beneficial.",,,"Sulforaphane is an anti-cancer compound in cruciferous vegetables, most commonly credited to Broccoli. Potential benefits are context-specific; review the source evidence before using Sulforaphane in a protocol. Sulforaphane is discussed in relation to oxidative-stress or inflammatory pathways. Check pregnancy/lactation safety before client use.",general-health;cognition;exercise;inflammation;hormones,https://examine.com/supplements/sulforaphane/,Check pregnancy/lactation safety before client use.
Sunifiram,Mental Health,Sunifiram (DM-235) is an AMPAkine drug (acting via AMPA receptors) that exerts anti-amnesiac properties.,Mental Health,Reported benefits should be matched to the specific outcome studied rather than assumed broadly.,Mechanism details are not clear from the public summary; review the source before applying Sunifiram clinically.,"It is very hard to determine an optimal dose for sunifiram due to such limited evidence, but since 1mg/kg has been determined to be good for both mice and rats this gives a preliminary human dose of 0.08-0.16mg/kg (for a 150lb person, 5.4-11mg). It is not clear if higher doses are better.",,,Sunifiram (DM-235) is an AMPAkine drug (acting via AMPA receptors) that exerts anti-amnesiac properties. Reported benefits should be matched to the specific outcome studied rather than assumed broadly. Mechanism details are not clear from the public summary; review the source before applying Sunifiram clinically. Evidence appears limited; human review recommended.,mental-health;cognition;hormones;experimental,https://examine.com/supplements/sunifiram/,Evidence appears limited; human review recommended.
Sweet Flag,Mental Health,Acorus calamus is a plant used in traditional medicine.,Mental Health,Potential benefits are context-specific; review the source evidence before using Sweet Flag in a protocol.,Mechanism details are not clear from the public summary; review the source before applying Sweet Flag clinically.,"Before supplementing Acorus calamus, please review the toxicology information on this page. Acorus calamus is unfit for human consumption because of its β-asarone content. β-asarone is toxic and a known carcinogen. Some studies have used an ethyl acetate extraction of Acorus calamus, which is supposed to be free of β-asarone.",,,Acorus calamus is a plant used in traditional medicine. Potential benefits are context-specific; review the source evidence before using Sweet Flag in a protocol. Mechanism details are not clear from the public summary; review the source before applying Sweet Flag clinically. Paraphrased from public Examine page extraction; educational only.,mental-health;cognition;hormones,https://examine.com/supplements/sweet-flag/,Paraphrased from public Examine page extraction; educational only.
Synbiotics,Gut Health,Synbiotics refer to combinations of probiotics and prebiotics that may have a synergetic effect on the gut microbiome.,Gut Health,Potential benefits are context-specific; review the source evidence before using Synbiotics in a protocol.,Synbiotics may act through gut-microbiome or digestive pathways.,No clear public dosage summary extracted; review source before use.,,,Synbiotics refer to combinations of probiotics and prebiotics that may have a synergetic effect on the gut microbiome. Potential benefits are context-specific; review the source evidence before using Synbiotics in a protocol. Synbiotics may act through gut-microbiome or digestive pathways. Check pregnancy/lactation safety before client use.,gut-health,https://examine.com/supplements/synbiotics/,Check pregnancy/lactation safety before client use.
Taurine,Muscle Gain & Exercise,"Taurine is a sulfur-containing amino acid that is not involved in protein synthesis but is involved in cardiovascular function and the development and function of the brain, retina, and skeletal muscle.",Muscle Gain & Exercise,Potential benefits are context-specific; review the source evidence before using Taurine in a protocol.,Mechanism details are not clear from the public summary; review the source before applying Taurine clinically.,"Formulation Taurine is largely taken in its pure 2-aminoethanesulfonic acid form. It’s generally taken in capsules or as a free powder. It’s also found in other supplements such as taurocholic acid and magnesium taurate, but when taking taurine for the sake of its benefits, the normal pure form is most efficient. Microencapsulations exist but it’s unclear if these are superior.",,,"Taurine is a sulfur-containing amino acid that is not involved in protein synthesis but is involved in cardiovascular function and the development and function of the brain, retina, and skeletal muscle. Potential benefits are context-specific; review the source evidence before using Taurine in a protocol. Mechanism details are not clear from the public summary; review the source before applying Taurine clinically. Paraphrased from public Examine page extraction; educational only.",muscle-gain-exercise;cognition;exercise;hormones;heart-health,https://examine.com/supplements/taurine/,Paraphrased from public Examine page extraction; educational only.
Tea Catechins,General Health,Tea catechins are compounds found in tea that have numerous health benefits.,General Health,Reported benefits should be matched to the specific outcome studied rather than assumed broadly.,Mechanism details are not clear from the public summary; review the source before applying Tea Catechins clinically.,No clear public dosage summary extracted; review source before use.,,,Tea catechins are compounds found in tea that have numerous health benefits. Reported benefits should be matched to the specific outcome studied rather than assumed broadly. Mechanism details are not clear from the public summary; review the source before applying Tea Catechins clinically. Check pregnancy/lactation safety before client use.,general-health,https://examine.com/supplements/tea-catechins/,Check pregnancy/lactation safety before client use.
Tea Tree Oil,General Health,"Tea tree oil, also known as melaleuca oil, is extracted from tea trees that grow in Australia.",General Health,Potential benefits are context-specific; review the source evidence before using Tea Tree Oil in a protocol.,Mechanism details are not clear from the public summary; review the source before applying Tea Tree Oil clinically.,No clear public dosage summary extracted; review source before use.,,,"Tea tree oil, also known as melaleuca oil, is extracted from tea trees that grow in Australia. Potential benefits are context-specific; review the source evidence before using Tea Tree Oil in a protocol. Mechanism details are not clear from the public summary; review the source before applying Tea Tree Oil clinically. Check pregnancy/lactation safety before client use.",general-health,https://examine.com/supplements/tea-tree-oil/,Check pregnancy/lactation safety before client use.
Terminalia arjuna,General Health,"Arjuna is typically made from the bark of the tree Terminalia arjuna, a large tree common throughout India.",General Health,Reported benefits should be matched to the specific outcome studied rather than assumed broadly.,Mechanism details are not clear from the public summary; review the source before applying Terminalia arjuna clinically.,"Formulation: Arjuna has been given as a capsule in many studies,[1][2][3][4][5] though it has been given as a powder as well.[6] In the studies reviewed for the writing of this page,",,,"Arjuna is typically made from the bark of the tree Terminalia arjuna, a large tree common throughout India. Reported benefits should be matched to the specific outcome studied rather than assumed broadly. Mechanism details are not clear from the public summary; review the source before applying Terminalia arjuna clinically. Paraphrased from public Examine page extraction; educational only.",general-health;cognition;exercise;hormones;heart-health,https://examine.com/supplements/terminalia-arjuna/,Paraphrased from public Examine page extraction; educational only.
Terminalia chebula,General Health,"Terminalia chebula, also known as black myrobalan, is an herbal supplement commonly used in Ayurvedic medicine.",General Health,Potential benefits are context-specific; review the source evidence before using Terminalia chebula in a protocol.,Mechanism details are not clear from the public summary; review the source before applying Terminalia chebula clinically.,No clear public dosage summary extracted; review source before use.,,,"Terminalia chebula, also known as black myrobalan, is an herbal supplement commonly used in Ayurvedic medicine. Potential benefits are context-specific; review the source evidence before using Terminalia chebula in a protocol. Mechanism details are not clear from the public summary; review the source before applying Terminalia chebula clinically. Check pregnancy/lactation safety before client use.",general-health,https://examine.com/supplements/terminalia-chebula/,Check pregnancy/lactation safety before client use.
Tetradecyl Thioacetic Acid,Muscle Gain & Exercise,"Technically an Omega-3 fatty acid, TTA is a non-metabolizable fatty acid that cannot be used for energy and may be able to burn fat via mechanisms similar to Conjugated Linoleic Acid.",Muscle Gain & Exercise,Reported benefits should be matched to the specific outcome studied rather than assumed broadly.,"Tetradecyl Thioacetic Acid may affect metabolic signaling, glucose handling, or lipid-related pathways.","Not much evidence currently exists in human, but the standard dose appears to be 1g of TTA daily taken in divided dosages with meals.",With or shortly after meals.,,"Technically an Omega-3 fatty acid, TTA is a non-metabolizable fatty acid that cannot be used for energy and may be able to burn fat via mechanisms similar to Conjugated Linoleic Acid. Reported benefits should be matched to the specific outcome studied rather than assumed broadly. Tetradecyl Thioacetic Acid may affect metabolic signaling, glucose handling, or lipid-related pathways. Paraphrased from public Examine page extraction; educational only.",muscle-gain-exercise;lipids;exercise;stimulant;hormones;heart-health,https://examine.com/supplements/tetradecyl-thioacetic-acid/,Paraphrased from public Examine page extraction; educational only.
Tetraselmis chuii,General Health,"Tetraselmis chuii is a microalgae that is high in amino acids, essential fatty acids, and micronutrients.",General Health,Potential benefits are context-specific; review the source evidence before using Tetraselmis chuii in a protocol.,Mechanism details are not clear from the public summary; review the source before applying Tetraselmis chuii clinically.,No clear public dosage summary extracted; review source before use.,,,"Tetraselmis chuii is a microalgae that is high in amino acids, essential fatty acids, and micronutrients. Potential benefits are context-specific; review the source evidence before using Tetraselmis chuii in a protocol. Mechanism details are not clear from the public summary; review the source before applying Tetraselmis chuii clinically. Check pregnancy/lactation safety before client use.",general-health,https://examine.com/supplements/tetraselmis-chuii/,Check pregnancy/lactation safety before client use.
Thai Ginseng,General Health,"Thai ginseng, also known as black ginger, is an herbal supplement usually used to improve male sexual function.",General Health,Reported benefits should be matched to the specific outcome studied rather than assumed broadly.,Mechanism details are not clear from the public summary; review the source before applying Thai Ginseng clinically.,No clear public dosage summary extracted; review source before use.,,,"Thai ginseng, also known as black ginger, is an herbal supplement usually used to improve male sexual function. Reported benefits should be matched to the specific outcome studied rather than assumed broadly. Mechanism details are not clear from the public summary; review the source before applying Thai Ginseng clinically. Check pregnancy/lactation safety before client use.",general-health,https://examine.com/supplements/thai-ginseng/,Check pregnancy/lactation safety before client use.
Theacrine,Muscle Gain & Exercise,"Theacrine is an alkaloid structurally similar to caffeine, and preliminary evidence suggests that it activates similar signalling pathways.",Muscle Gain & Exercise,Reported benefits should be matched to the specific outcome studied rather than assumed broadly.,"Theacrine appears to act mainly through stimulant-like nervous-system pathways that can affect energy, alertness, or exertion.",No clear public dosage summary extracted; review source before use.,,,"Theacrine is an alkaloid structurally similar to caffeine, and preliminary evidence suggests that it activates similar signalling pathways. Reported benefits should be matched to the specific outcome studied rather than assumed broadly. Theacrine appears to act mainly through stimulant-like nervous-system pathways that can affect energy, alertness, or exertion. Paraphrased from public Examine page extraction; educational only.",muscle-gain-exercise;stimulant,https://examine.com/supplements/theacrine/,Paraphrased from public Examine page extraction; educational only.
Theaflavins,Metabolic Health,Theaflavins are a group of molecules that are found in black tea (due to an additional fermentation process from green tea) that are said to be the bioactives of black tea.,Metabolic Health,Reported benefits should be matched to the specific outcome studied rather than assumed broadly.,"Theaflavins may affect metabolic signaling, glucose handling, or lipid-related pathways.","Theaflavins for purposes that do not require absorption (oral health, stomach ulceration, intestinal or colonic interactions) can have bioactivity in the doses found in Black Tea (this may also be advisable as the capsule of a supplement would need to break for it to influence the stomach or oral cavity) There is currently no evidence to support the best oral dose of supplementation,",,,"Theaflavins are a group of molecules that are found in black tea (due to an additional fermentation process from green tea) that are said to be the bioactives of black tea. Reported benefits should be matched to the specific outcome studied rather than assumed broadly. Theaflavins may affect metabolic signaling, glucose handling, or lipid-related pathways. Paraphrased from public Examine page extraction; educational only.",metabolic-health;lipids,https://examine.com/supplements/theaflavins/,Paraphrased from public Examine page extraction; educational only.
Theanine,Mental Health,"Theanine, also commonly referred to as L-theanine, is a naturally occurring amino acid found in tea.",Mental Health,Reported benefits should be matched to the specific outcome studied rather than assumed broadly.,Mechanism details are not clear from the public summary; review the source before applying Theanine clinically.,Clinical studies typically use L-theanine at a dosage of 100–400 milligrams (mg) per day.,"Daily, following dosage notes.",,"Theanine, also commonly referred to as L-theanine, is a naturally occurring amino acid found in tea. Reported benefits should be matched to the specific outcome studied rather than assumed broadly. Mechanism details are not clear from the public summary; review the source before applying Theanine clinically. Paraphrased from public Examine page extraction; educational only.",mental-health;stress;sleep;cognition;exercise;stimulant;hormones,https://examine.com/supplements/theanine/,Paraphrased from public Examine page extraction; educational only.
Thiamine (Vitamin B1),Metabolic Health,Thiamine (vitamin B1) is a water-soluble vitamin that is essential for metabolic functions.,Metabolic Health,Reported benefits should be matched to the specific outcome studied rather than assumed broadly.,Thiamine (Vitamin B1) likely works by correcting or supporting nutrient-dependent physiological processes.,"Formulation Thiamine is a naturally occurring part of many standard diets, but it may be purchased over the counter in tablet or capsule forms as dietary supplements too.[1][2][3] More than one type of thiamine supplement is available on the market, however, including standard thiamine (thiamine HCl and thiamine mononitrate) and thiamine derivatives (benfotiamine, sulbutiamine, fursultiamine,",,,Thiamine (vitamin B1) is a water-soluble vitamin that is essential for metabolic functions. Reported benefits should be matched to the specific outcome studied rather than assumed broadly. Thiamine (Vitamin B1) likely works by correcting or supporting nutrient-dependent physiological processes. Paraphrased from public Examine page extraction; educational only.,metabolic-health,https://examine.com/supplements/vitamin-b1/,Paraphrased from public Examine page extraction; educational only.
Thunder God Vine,Immune & Inflammation,"Tripterygium wilfordii (Thunder God Vine) is a Traditional Chinese Medicine that appears to be effective for the treatment of inflammatory and autoimmune diseases, but has toxicity associated per se and a low therapeutic threshold.",Immune & Inflammation,Potential benefits are context-specific; review the source evidence before using Thunder God Vine in a protocol.,Mechanism details are not clear from the public summary; review the source before applying Thunder God Vine clinically.,It should be noted that this plant has a very low therapeutic index (difference between the effective dose and the toxic dose) and that overdosing is both easy to do and critical; supplementation is usually avoided for this reason.,,,"Tripterygium wilfordii (Thunder God Vine) is a Traditional Chinese Medicine that appears to be effective for the treatment of inflammatory and autoimmune diseases, but has toxicity associated per se and a low therapeutic threshold. Potential benefits are context-specific; review the source evidence before using Thunder God Vine in a protocol. Mechanism details are not clear from the public summary; review the source before applying Thunder God Vine clinically.",immune-inflammation;cognition;exercise;inflammation;hormones,https://examine.com/supplements/thunder-god-vine/,Check pregnancy/lactation safety before client use.
Thylakoids,Muscle Gain & Exercise,Thylakoids are structures that are found in plants.,Muscle Gain & Exercise,Potential benefits are context-specific; review the source evidence before using Thylakoids in a protocol.,Mechanism details are not clear from the public summary; review the source before applying Thylakoids clinically.,No clear public dosage summary extracted; review source before use.,,,Thylakoids are structures that are found in plants. Potential benefits are context-specific; review the source evidence before using Thylakoids in a protocol. Mechanism details are not clear from the public summary; review the source before applying Thylakoids clinically. Check pregnancy/lactation safety before client use.,muscle-gain-exercise;stimulant,https://examine.com/supplements/thylakoids/,Check pregnancy/lactation safety before client use.
Guduchi,Metabolic Health,"Tinospora cordifolia, also known as Guduchi or Amrita, is an immune system boosting herb that can potently reduce the symptoms of allergic rhinitis.",Metabolic Health,Reported benefits should be matched to the specific outcome studied rather than assumed broadly.,Guduchi is discussed in relation to oxidative-stress or inflammatory pathways.,"To supplement Tinospora cordifolia, take 1g of a 5% bitters water extract of the stem. The standard dose is 300mg, taken three times a day. To supplement Amrita Ghrita (Tinospora cordifolia with ghee and ginger), take 10 – 15 g, once a day. This is the traditional Ayurveda dosage. Tinospora cordifolia should be taken with a meal.",With or shortly after meals.,,"Tinospora cordifolia, also known as Guduchi or Amrita, is an immune system boosting herb that can potently reduce the symptoms of allergic rhinitis. Reported benefits should be matched to the specific outcome studied rather than assumed broadly. Guduchi is discussed in relation to oxidative-stress or inflammatory pathways. Paraphrased from public Examine page extraction; educational only.",metabolic-health;blood-sugar;inflammation,https://examine.com/supplements/tinospora-cordifolia/,Paraphrased from public Examine page extraction; educational only.
Tongkat Ali,Gut Health,"Tongkat ali, also known as Eurycoma longifolia, is known for its aphrodisiac and profertility effects.",Gut Health,Reported benefits should be matched to the specific outcome studied rather than assumed broadly.,Mechanism details are not clear from the public summary; review the source before applying Tongkat Ali clinically.,"The standard dosage of tongkat ali for testosterone is 100–600 mg/day. For sexual health and libido, a daily dose of 200–400 mg seems to be effective, which may be divided into 1–2 doses per day, although it’s not known whether one of these dosing regimens is more effective. Tongkat ali is typically administered orally in the form of a standardized water-soluble extract.",Split across the day as described in dosage notes.,,"Tongkat ali, also known as Eurycoma longifolia, is known for its aphrodisiac and profertility effects. Reported benefits should be matched to the specific outcome studied rather than assumed broadly. Mechanism details are not clear from the public summary; review the source before applying Tongkat Ali clinically. Check pregnancy/lactation safety before client use.",gut-health;cognition;exercise;hormones;heart-health,https://examine.com/supplements/tongkat-ali/,Check pregnancy/lactation safety before client use.
Toothache Plant,General Health,"Spilanthes acmella is a traditional medicine for toothache, fever, and as an aphrodisiac; one study in rats suggests that it may increase testosterone, but it is an understudied herb.",General Health,Reported benefits should be matched to the specific outcome studied rather than assumed broadly.,Mechanism details are not clear from the public summary; review the source before applying Toothache Plant clinically.,"Based on the evidence in rats that used 150 mg of an ethanolic extract per kilogram of body weight, human doses are estimated as follows: 1,600 mg for a 150 lb person 2,200 mg for a 200 lb person 2,700 mg for a 250 lb person",,,"Spilanthes acmella is a traditional medicine for toothache, fever, and as an aphrodisiac; one study in rats suggests that it may increase testosterone, but it is an understudied herb. Reported benefits should be matched to the specific outcome studied rather than assumed broadly. Mechanism details are not clear from the public summary; review the source before applying Toothache Plant clinically. Paraphrased from public Examine page extraction; educational only.",general-health;hormones,https://examine.com/supplements/toothache-plant/,Paraphrased from public Examine page extraction; educational only.
Torbangun,General Health,Coleus amboinicus leaves are a traditional glactogogue used in Indoensia and are often served in the form of a soup.,General Health,Potential benefits are context-specific; review the source evidence before using Torbangun in a protocol.,Mechanism details are not clear from the public summary; review the source before applying Torbangun clinically.,No clear public dosage summary extracted; review source before use.,,,Coleus amboinicus leaves are a traditional glactogogue used in Indoensia and are often served in the form of a soup. Potential benefits are context-specific; review the source evidence before using Torbangun in a protocol. Mechanism details are not clear from the public summary; review the source before applying Torbangun clinically. Check pregnancy/lactation safety before client use.,general-health,https://examine.com/supplements/torbangun/,Check pregnancy/lactation safety before client use.
Trehalose,Metabolic Health,"Trehalose is a sugar which, on a cellular level, appears to have therapeutic mechanisms by regulating protein unfolding.",Metabolic Health,Reported benefits should be matched to the specific outcome studied rather than assumed broadly.,"Trehalose may affect metabolic signaling, glucose handling, or lipid-related pathways.",No clear public dosage summary extracted; review source before use.,,,"Trehalose is a sugar which, on a cellular level, appears to have therapeutic mechanisms by regulating protein unfolding. Reported benefits should be matched to the specific outcome studied rather than assumed broadly. Trehalose may affect metabolic signaling, glucose handling, or lipid-related pathways. Paraphrased from public Examine page extraction; educational only.",metabolic-health;blood-sugar;gut-health,https://examine.com/supplements/trehalose/,Paraphrased from public Examine page extraction; educational only.
Tribulus terrestris,Metabolic Health,"Tribulus terrestris is a plant whose root and fruits are used in Ayurvedic medicine for male virility and general vitality, respectively.",Metabolic Health,Reported benefits should be matched to the specific outcome studied rather than assumed broadly.,Mechanism details are not clear from the public summary; review the source before applying Tribulus terrestris clinically.,"Daily doses of 750 to 1,500 mg of Tribulus terrestris extract (unspecified whether fruit or root) have commonly been used in meta-analyses and systematic reviews, and a dosage of 750 mg per day is more common.[1][2][3]. In regards to active ingredients, one trial had the participants take 500 mg of Tribulus terrestris extract, which contained 225 mg of furostanol saponins, 3 times per day.[4]","Daily, following dosage notes.",,"Tribulus terrestris is a plant whose root and fruits are used in Ayurvedic medicine for male virility and general vitality, respectively. Reported benefits should be matched to the specific outcome studied rather than assumed broadly. Mechanism details are not clear from the public summary; review the source before applying Tribulus terrestris clinically. Paraphrased from public Examine page extraction; educational only.",metabolic-health;cognition;exercise;hormones,https://examine.com/supplements/tribulus-terrestris/,Paraphrased from public Examine page extraction; educational only.
Trichopus zeylanicus,General Health,Trichopus zeylanicus is a berry and plant that is referred to as Kerala Ginseng.,General Health,Reported benefits should be matched to the specific outcome studied rather than assumed broadly.,Mechanism details are not clear from the public summary; review the source before applying Trichopus zeylanicus clinically.,"Aphrodisiac properties were noted (in mice) at 200mg/kg bodyweight a day, and performance enhancing properties were noted at 250mg-500mg/kg bodyweight a day (again, in mice). These mice studies lead to estimated human doses of: 1,100-2,700mg for a 150lb person 1,400-3,600mg for a 200lb person 1,800-4,500mg for a 250lb person","Daily, following dosage notes.",,Trichopus zeylanicus is a berry and plant that is referred to as Kerala Ginseng. Reported benefits should be matched to the specific outcome studied rather than assumed broadly. Mechanism details are not clear from the public summary; review the source before applying Trichopus zeylanicus clinically. Paraphrased from public Examine page extraction; educational only.,general-health;cognition;exercise;hormones,https://examine.com/supplements/trichopus-zeylanicus/,Paraphrased from public Examine page extraction; educational only.
Tryptophan,General Health,Tryptophan is an amino acid that is needed in the body to build proteins and neurotransmitters.,General Health,Potential benefits are context-specific; review the source evidence before using Tryptophan in a protocol.,Mechanism details are not clear from the public summary; review the source before applying Tryptophan clinically.,No clear public dosage summary extracted; review source before use.,,,Tryptophan is an amino acid that is needed in the body to build proteins and neurotransmitters. Potential benefits are context-specific; review the source evidence before using Tryptophan in a protocol. Mechanism details are not clear from the public summary; review the source before applying Tryptophan clinically. Check pregnancy/lactation safety before client use.,general-health,https://examine.com/supplements/tryptophan/,Check pregnancy/lactation safety before client use.
TUDCA,Muscle Gain & Exercise,TUDCA plays a role in maintaining cellular health.,Muscle Gain & Exercise,Reported benefits should be matched to the specific outcome studied rather than assumed broadly.,"TUDCA may affect metabolic signaling, glucose handling, or lipid-related pathways.","Formulation: Tablets/Loose powder. Range of dosages studied: 250 to 2,000 milligrams per day (mg/day). Effective Dosages: Amyotrophic lateral sclerosis (ALS) Adults: The effective dosage for improving ALS is unclear. Some benefits have been found with 1,000 mg taken by mouth twice a day for up to 18 months; however, not all clinical studies confirm this efficacy.[1][2][3][4] See Does TUDCA treat ALS? for more info.","Daily, following dosage notes.",,"TUDCA plays a role in maintaining cellular health. Reported benefits should be matched to the specific outcome studied rather than assumed broadly. TUDCA may affect metabolic signaling, glucose handling, or lipid-related pathways. Check pregnancy/lactation safety before client use.",muscle-gain-exercise;blood-sugar;exercise,https://examine.com/supplements/tudca/,Check pregnancy/lactation safety before client use.
Tulsi,Metabolic Health,Tulsi (also known as holy basil) is an aromatic plant with a long history of use in Ayurvedic medicine.,Metabolic Health,Reported benefits should be matched to the specific outcome studied rather than assumed broadly.,Mechanism details are not clear from the public summary; review the source before applying Tulsi clinically.,"Clinical trials have used water or alcohol extracts of tulsi leaves most consistently, although all parts of the plant have been used in a variety of ways. The types of active compounds in tulsi can vary depending on the part of the plant used, the extraction methods,",,,Tulsi (also known as holy basil) is an aromatic plant with a long history of use in Ayurvedic medicine. Reported benefits should be matched to the specific outcome studied rather than assumed broadly. Mechanism details are not clear from the public summary; review the source before applying Tulsi clinically. Paraphrased from public Examine page extraction; educational only.,metabolic-health;stress;cognition;exercise;hormones,https://examine.com/supplements/tulsi/,Paraphrased from public Examine page extraction; educational only.
Turkey Tail Mushroom,Immune & Inflammation,"Turkey tail mushroom (Trametes versicolor) is a mushroom that is a source of a polysaccharide, known as polysaccharide K, that is established as an adjunct cancer therapy for the immune system.",Immune & Inflammation,Potential benefits are context-specific; review the source evidence before using Turkey Tail Mushroom in a protocol.,Mechanism details are not clear from the public summary; review the source before applying Turkey Tail Mushroom clinically.,No clear public dosage summary extracted; review source before use.,,,"Turkey tail mushroom (Trametes versicolor) is a mushroom that is a source of a polysaccharide, known as polysaccharide K, that is established as an adjunct cancer therapy for the immune system. Potential benefits are context-specific; review the source evidence before using Turkey Tail Mushroom in a protocol. Mechanism details are not clear from the public summary; review the source before applying Turkey Tail Mushroom clinically. Check pregnancy/lactation safety before client use.",immune-inflammation,https://examine.com/supplements/turkey-tail-mushroom/,Check pregnancy/lactation safety before client use.
Type-II Collagen,Immune & Inflammation,Type II collagen (CII) is a protein and component of joint cartilage.,Immune & Inflammation,Reported benefits should be matched to the specific outcome studied rather than assumed broadly.,Type-II Collagen is discussed in relation to oxidative-stress or inflammatory pathways.,"The dose of CII taken depends on whether it is denatured (hydrolyzed) or undenatured. For skin and joint health, the daily dose of hydrolyzed collagen is around 10 grams per day. For treatment of osteoarthritis and rheumatoid arthritis, undenatured collagen is taken at a much lower daily dose (often around 40 milligrams), and while it doesn't need to be taken at any particular time of the day,","Daily, following dosage notes.",,Type II collagen (CII) is a protein and component of joint cartilage. Reported benefits should be matched to the specific outcome studied rather than assumed broadly. Type-II Collagen is discussed in relation to oxidative-stress or inflammatory pathways. Paraphrased from public Examine page extraction; educational only.,immune-inflammation;cognition;exercise;inflammation;hormones,https://examine.com/supplements/type-ii-collagen/,Paraphrased from public Examine page extraction; educational only.
Umckaloabo,General Health,"Umckaloabo is a common name for the root extract of Pelargonium sidoides, a member of the geranium family.",General Health,Potential benefits are context-specific; review the source evidence before using Umckaloabo in a protocol.,Mechanism details are not clear from the public summary; review the source before applying Umckaloabo clinically.,"Formulation Umckaloabo is most studied as an oral preparation (liquid drops, tablets, and syrups) of Pelargonium sidoides root extract. Liquid and tablet forms are typically cited in the current clinical evidence with dosage, frequency, and timing adjusted according to age and indication for use.[1][2][3][4][5][6][7][8][9] EPs 7630 is a commonly studied standardized extract,",,,"Umckaloabo is a common name for the root extract of Pelargonium sidoides, a member of the geranium family. Potential benefits are context-specific; review the source evidence before using Umckaloabo in a protocol. Mechanism details are not clear from the public summary; review the source before applying Umckaloabo clinically. Paraphrased from public Examine page extraction; educational only.",general-health;hormones,https://examine.com/supplements/umckaloabo/,Paraphrased from public Examine page extraction; educational only.
Uridine,Mental Health,Uridine is a nucleotide base found in high levels in beer which is used for increasing synthesis of cellular membranes and for other neurological properties.,Mental Health,Potential benefits are context-specific; review the source evidence before using Uridine in a protocol.,Mechanism details are not clear from the public summary; review the source before applying Uridine clinically.,"Supplementation of uridine seems to be in the 500-1,000mg range, with the lone human study using the higher end of this range. It is recommended to take uridine with food out of prudency, but this has not been noted to be an absolute requirement.",,,Uridine is a nucleotide base found in high levels in beer which is used for increasing synthesis of cellular membranes and for other neurological properties. Potential benefits are context-specific; review the source evidence before using Uridine in a protocol. Mechanism details are not clear from the public summary; review the source before applying Uridine clinically. Check pregnancy/lactation safety before client use.,mental-health;cognition;exercise;hormones,https://examine.com/supplements/uridine/,Check pregnancy/lactation safety before client use.
Urolithin A,Muscle Gain & Exercise,Urolithin A is a metabolite produced by gut bacteria from ellagitannins (compounds from various plant foods).,Muscle Gain & Exercise,Reported benefits should be matched to the specific outcome studied rather than assumed broadly.,Urolithin A may act through gut-microbiome or digestive pathways.,No clear public dosage summary extracted; review source before use.,,,Urolithin A is a metabolite produced by gut bacteria from ellagitannins (compounds from various plant foods). Reported benefits should be matched to the specific outcome studied rather than assumed broadly. Urolithin A may act through gut-microbiome or digestive pathways. Check pregnancy/lactation safety before client use.,muscle-gain-exercise;exercise;gut-health,https://examine.com/supplements/urolithin-a/,Check pregnancy/lactation safety before client use.
Ursolic Acid,Muscle Gain & Exercise,"Ursolic Acid is a molecule found in apple peels, and in the Ayurveda herb known as Holy Basil.",Muscle Gain & Exercise,Reported benefits should be matched to the specific outcome studied rather than assumed broadly.,Mechanism details are not clear from the public summary; review the source before applying Ursolic Acid clinically.,"Animal studies have found benefits with ursolic acid in the diet at 0.05-0.2% of the diet, which is around 10-40mg/kg (based on their weight and food intake) and the estimated human dose equivalent to this is 1.6-6.4mg/kg bodyweight; for a 150lb adult it would be the range of 110-440mg. The lone human study used the higher end of this range, 150mg three times a day with meals totalling 450mg each day,",With or shortly after meals.,,"Ursolic Acid is a molecule found in apple peels, and in the Ayurveda herb known as Holy Basil. Reported benefits should be matched to the specific outcome studied rather than assumed broadly. Mechanism details are not clear from the public summary; review the source before applying Ursolic Acid clinically. Paraphrased from public Examine page extraction; educational only.",muscle-gain-exercise;cognition;exercise;hormones,https://examine.com/supplements/ursolic-acid/,Paraphrased from public Examine page extraction; educational only.
Uva ursi,General Health,"Arctostaphylos uva-ursi, also known as uva ursi or bear’s grape, is a plant that grows in cool climates.",General Health,Reported benefits should be matched to the specific outcome studied rather than assumed broadly.,"Uva ursi is being investigated for tissue-signaling and repair pathways, but human mechanisms remain uncertain.","The research has used a wide range of dosages for treating or preventing urinary tract infections, ranging from 200 to 2,100 mg 2 to 3 times a day.[1][2] Also, some products may refer to the total extract or its arbutin content, which increases complexity. Due to this variability, making dosage recommendations is challenging, and consultation with a healthcare provider is recommended.","Daily, following dosage notes.",,"Arctostaphylos uva-ursi, also known as uva ursi or bear’s grape, is a plant that grows in cool climates. Reported benefits should be matched to the specific outcome studied rather than assumed broadly. Uva ursi is being investigated for tissue-signaling and repair pathways, but human mechanisms remain uncertain. Paraphrased from public Examine page extraction; educational only.",general-health;hormones,https://examine.com/supplements/uva-ursi/,Paraphrased from public Examine page extraction; educational only.
Valerian,Mental Health,"Valeriana officinalis, also known as valerian, is an herb that can be taken as a tea or a supplement.",Mental Health,Potential benefits are context-specific; review the source evidence before using Valerian in a protocol.,Mechanism details are not clear from the public summary; review the source before applying Valerian clinically.,"For the treatment of insomnia, studies have found that valerian root extract should be taken in doses ranging from 300 to 600 mg daily, equivalent to 2 to 3 grams of dried herbal valerian root soaked in one cup of hot water for 10 to 15 minutes. Valerian works better when taken 30 minutes to two hours before bedtime.[1] The European Medicines Agency recommends valerian root to relieve nervous tension,","Daily, following dosage notes.",,"Valeriana officinalis, also known as valerian, is an herb that can be taken as a tea or a supplement. Potential benefits are context-specific; review the source evidence before using Valerian in a protocol. Mechanism details are not clear from the public summary; review the source before applying Valerian clinically. Check pregnancy/lactation safety before client use.",mental-health;sleep;cognition;exercise;hormones,https://examine.com/supplements/valerian/,Check pregnancy/lactation safety before client use.
Valine,Muscle Gain & Exercise,"Valine is one of the three branched chain amino acids, although infrequently tested in isolation and possibly the least important BCAA for body composition and does not appear to have any known unique benefits associated with it.",Muscle Gain & Exercise,Reported benefits should be matched to the specific outcome studied rather than assumed broadly.,"Valine may affect metabolic signaling, glucose handling, or lipid-related pathways.",There is currently insufficient evidence to suggest an optimal dose of valine supplementation and for what purposes valine supplementation might actually be useful for.,,,"Valine is one of the three branched chain amino acids, although infrequently tested in isolation and possibly the least important BCAA for body composition and does not appear to have any known unique benefits associated with it. Reported benefits should be matched to the specific outcome studied rather than assumed broadly. Valine may affect metabolic signaling, glucose handling, or lipid-related pathways. Paraphrased from public Examine page extraction; educational only.",muscle-gain-exercise;blood-sugar;cognition;exercise;hormones,https://examine.com/supplements/valine/,Paraphrased from public Examine page extraction; educational only.
Vanadium,Metabolic Health,"Vanadium is a mineral that is not one of the Essential Mineral compounds, but is sometimes ingested in the diet.",Metabolic Health,Potential benefits are context-specific; review the source evidence before using Vanadium in a protocol.,"Vanadium may affect metabolic signaling, glucose handling, or lipid-related pathways.","The majority of research on vanadium uses an oral dose of 100mg as a once daily supplement in persons with poor glucose tolerance. It is unsure if this is the optimal dose, but it appears to be effective.","Daily, following dosage notes.",,"Vanadium is a mineral that is not one of the Essential Mineral compounds, but is sometimes ingested in the diet. Potential benefits are context-specific; review the source evidence before using Vanadium in a protocol. Vanadium may affect metabolic signaling, glucose handling, or lipid-related pathways. Check pregnancy/lactation safety before client use.",metabolic-health;blood-sugar;cognition;exercise;hormones,https://examine.com/supplements/vanadium/,Check pregnancy/lactation safety before client use.
Velvet Antler,Muscle Gain & Exercise,Velvet Antler (usually from deer) is crushed antler that is orally consumed for preventative health purposes.,Muscle Gain & Exercise,Reported benefits should be matched to the specific outcome studied rather than assumed broadly.,"Velvet Antler is being investigated for tissue-signaling and repair pathways, but human mechanisms remain uncertain.","Due to a lack of human evidence to support benefits of this supplement, an optimal dosage cannot yet be ascertained. Two possible options exist: 500 mg once daily, which is what seems to be used in most dietary supplements 1,000-2,000 mg daily, which appears to be the recommendation from traditional chinese medicine","Daily, following dosage notes.",,"Velvet Antler (usually from deer) is crushed antler that is orally consumed for preventative health purposes. Reported benefits should be matched to the specific outcome studied rather than assumed broadly. Velvet Antler is being investigated for tissue-signaling and repair pathways, but human mechanisms remain uncertain. Paraphrased from public Examine page extraction; educational only.",muscle-gain-exercise;exercise;hormones,https://examine.com/supplements/velvet-antler/,Paraphrased from public Examine page extraction; educational only.
Vinpocetine,Mental Health,Vinpocetine is a compound from the Periwinkle plant that is used as a cognitive protective and anti-aging agent.,Mental Health,"Human evidence appears limited, so treat benefits as uncertain.",Vinpocetine may influence choline availability and acetylcholine-related signaling.,"Vinpocetine is taken in the daily dosage range of 15-60mg, divided into three daily doses with meals. The standard low dose is 5mg at each of these three meals, with 20mg at each meal being seen as the higher end of efficacy. These doses are taken for the purposes of neuroprotection, enhancing cerebral blood flow, and reducing the rate of cognitive decline.",With or shortly after meals.,,"Vinpocetine is a compound from the Periwinkle plant that is used as a cognitive protective and anti-aging agent. Human evidence appears limited, so treat benefits as uncertain. Vinpocetine may influence choline availability and acetylcholine-related signaling. Evidence appears limited; human review recommended.",mental-health;stress;cognition;inflammation;heart-health;experimental,https://examine.com/supplements/vinpocetine/,Evidence appears limited; human review recommended.
Violet Flower,General Health,"Violet flower is an herbal supplement commonly used for allergic rhinitis, coughs, and pain.",General Health,Reported benefits should be matched to the specific outcome studied rather than assumed broadly.,Mechanism details are not clear from the public summary; review the source before applying Violet Flower clinically.,No clear public dosage summary extracted; review source before use.,,,"Violet flower is an herbal supplement commonly used for allergic rhinitis, coughs, and pain. Reported benefits should be matched to the specific outcome studied rather than assumed broadly. Mechanism details are not clear from the public summary; review the source before applying Violet Flower clinically. Check pregnancy/lactation safety before client use.",general-health,https://examine.com/supplements/violet-flower/,Check pregnancy/lactation safety before client use.
Vitamin A,Gut Health,"Vitamin A describes a group of metabolites involved in cell and tissue growth, and several bodily functions, including vision, bone metabolism, and immune function.",Gut Health,Reported benefits should be matched to the specific outcome studied rather than assumed broadly.,Vitamin A likely works by correcting or supporting nutrient-dependent physiological processes.,Vitamin A RDA The recommended dietary allowance (RDA) is the amount of vitamin A that should be consumed daily to meet the nutritional needs of most people without health conditions. The RDA is given in retinol activity equivalents (RAE) to allow for the inclusion of both preformed vitamin A and provitamin A carotenoids.,"Daily, following dosage notes.",,"Vitamin A describes a group of metabolites involved in cell and tissue growth, and several bodily functions, including vision, bone metabolism, and immune function. Reported benefits should be matched to the specific outcome studied rather than assumed broadly. Vitamin A likely works by correcting or supporting nutrient-dependent physiological processes. Check pregnancy/lactation safety before client use.",gut-health;hormones,https://examine.com/supplements/vitamin-a/,Check pregnancy/lactation safety before client use.
Vitamin B12,Micronutrient,Vitamin B12 is an essential water-soluble vitamin that plays a role in neurological function and is important for DNA synthesis.,Micronutrient,Reported benefits should be matched to the specific outcome studied rather than assumed broadly.,Vitamin B12 likely works by correcting or supporting nutrient-dependent physiological processes.,"Supplementing with B12 is probably not helpful in people who are able to get enough of the vitamin through their diet and have no difficulty with absorption. Supplements that are available over the counter contain 500 to 2,000 μg of vitamin B12 per tablet. Long-term use is not recommended without monitoring of vitamin B12 levels. For replenishing stores of vitamin B12,",,,Vitamin B12 is an essential water-soluble vitamin that plays a role in neurological function and is important for DNA synthesis. Reported benefits should be matched to the specific outcome studied rather than assumed broadly. Vitamin B12 likely works by correcting or supporting nutrient-dependent physiological processes. Check pregnancy/lactation safety before client use.,micronutrient;hormones,https://examine.com/supplements/vitamin-b12/,Check pregnancy/lactation safety before client use.
Vitamin B6,Micronutrient,"Vitamin B6 is an essential vitamin that’s required for the metabolism of amino acids, carbohydrates, and neurotransmitters.",Micronutrient,Potential benefits are context-specific; review the source evidence before using Vitamin B6 in a protocol.,Vitamin B6 likely works by correcting or supporting nutrient-dependent physiological processes.,"Formulation Most supplements contain vitamin B6 as pyridoxine hydrochloride or pyridoxal 5’-phosphate (PLP). Vitamin B6 is available as a single-ingredient oral tablet, capsule, or liquid, or in combination with other micronutrients (e.g., B-complex vitamins, multivitamins). Range of dosages studied Vitamin B6 has been studied at dosages ranging from trace amounts up to 1,200 mg daily. Importantly,","Daily, following dosage notes.",,"Vitamin B6 is an essential vitamin that’s required for the metabolism of amino acids, carbohydrates, and neurotransmitters. Potential benefits are context-specific; review the source evidence before using Vitamin B6 in a protocol. Vitamin B6 likely works by correcting or supporting nutrient-dependent physiological processes. Paraphrased from public Examine page extraction; educational only.",micronutrient;hormones,https://examine.com/supplements/vitamin-b6/,Paraphrased from public Examine page extraction; educational only.
Vitamin C,Metabolic Health,"Vitamin C, or ascorbic acid, is an essential vitamin with antioxidant properties that plays a role in collagen synthesis.",Metabolic Health,Potential benefits are context-specific; review the source evidence before using Vitamin C in a protocol.,Vitamin C is discussed in relation to oxidative-stress or inflammatory pathways.,"Formulation Vitamin C is usually taken as l-ascorbic acid, and is also available complexed with minerals (such as calcium and magnesium ascorbate) and esters such as ascorbyl palmitate. Range of dosages studied Dosages of vitamin C have ranged from 40 mg (oral) to 2 g orally, or up to 24 g (intravenously). Other considerations Vitamin C RDA According to the WHO, most adults need only 45 mg of vitamin C per day,","Daily, following dosage notes.",,"Vitamin C, or ascorbic acid, is an essential vitamin with antioxidant properties that plays a role in collagen synthesis. Potential benefits are context-specific; review the source evidence before using Vitamin C in a protocol. Vitamin C is discussed in relation to oxidative-stress or inflammatory pathways. Paraphrased from public Examine page extraction; educational only.",metabolic-health;hormones;heart-health,https://examine.com/supplements/vitamin-c/,Paraphrased from public Examine page extraction; educational only.
Vitamin D,Mental Health,Vitamin D is a fat-soluble nutrient that our skin synthesizes when exposed to the sun.,Mental Health,Reported benefits should be matched to the specific outcome studied rather than assumed broadly.,Vitamin D likely works by correcting or supporting nutrient-dependent physiological processes.,"Formulation Vitamin D supplements are available in two main forms: vitamin D3 (cholecalciferol) and vitamin D2 (ergocalciferol). Supplementation with vitamin D3 is generally recommended over D2 because D3 tends to raise blood levels more effectively.[1][2] Vitamin D comes in a wide range of formulations for oral use, including tablets, capsules, soft gels, drops, and powder.",,,Vitamin D is a fat-soluble nutrient that our skin synthesizes when exposed to the sun. Reported benefits should be matched to the specific outcome studied rather than assumed broadly. Vitamin D likely works by correcting or supporting nutrient-dependent physiological processes. Paraphrased from public Examine page extraction; educational only.,mental-health,https://examine.com/supplements/vitamin-d/,Paraphrased from public Examine page extraction; educational only.
Vitamin E,Immune & Inflammation,Vitamin E is a fat-soluble antioxidant that protects cells from oxidative damage and is found in several common foods.,Immune & Inflammation,Reported benefits should be matched to the specific outcome studied rather than assumed broadly.,Vitamin E is discussed in relation to oxidative-stress or inflammatory pathways.,"Formulation Tablets, capsules, or drops that typically contain vitamin E in either its natural form (RRR-alpha-tocopherol or d-alpha-tocopherol) or synthetic form (all-rac-alpha-tocopherol or dl-alpha-tocopherol). Range of dosages studied 7 mg to 1,400 mg per day of either synthetic or natural vitamin E.","Daily, following dosage notes.",,Vitamin E is a fat-soluble antioxidant that protects cells from oxidative damage and is found in several common foods. Reported benefits should be matched to the specific outcome studied rather than assumed broadly. Vitamin E is discussed in relation to oxidative-stress or inflammatory pathways. Check pregnancy/lactation safety before client use.,immune-inflammation;inflammation,https://examine.com/supplements/vitamin-e/,Check pregnancy/lactation safety before client use.
Vitamin K,Micronutrient,"Vitamin K is a fat-soluble vitamin that plays a key role in blood coagulation, bone metabolism, and vascular health.",Micronutrient,Reported benefits should be matched to the specific outcome studied rather than assumed broadly.,Vitamin K likely works by correcting or supporting nutrient-dependent physiological processes.,"Formulations: Phylloquinone (vitamin K1) Menaquinone-4 and menaquinone-7 (vitamin K2) Menadione (vitamin K3) is rarely used in supplements. Range of dosages studied: Phylloquinone (vitamin K1): 0.1–10 mg per day (mg/day), equivalent to 100–10,000 micrograms (μg) per day. Menaquinone-4 (vitamin K2): 1–90 mg/day (1,000–90,000 μg/day). Menaquinone-7 (vitamin K2): 0.09–2 mg/day (90–2,000 μg/day).","Daily, following dosage notes.",,"Vitamin K is a fat-soluble vitamin that plays a key role in blood coagulation, bone metabolism, and vascular health. Reported benefits should be matched to the specific outcome studied rather than assumed broadly. Vitamin K likely works by correcting or supporting nutrient-dependent physiological processes. Check pregnancy/lactation safety before client use.",micronutrient,https://examine.com/supplements/vitamin-k/,Check pregnancy/lactation safety before client use.
Whey Protein,Muscle Gain & Exercise,Whey protein is one of the two high-quality proteins derived from cow’s milk (casein being the other).,Muscle Gain & Exercise,Reported benefits should be matched to the specific outcome studied rather than assumed broadly.,Mechanism details are not clear from the public summary; review the source before applying Whey Protein clinically.,"Optimal protein intake will vary depending on one’s unique goals, and you can use our protein intake calculator to estimate your optimal daily protein intake, which is based on the evidence presented in our optimal protein intake guide.","Daily, following dosage notes.",,Whey protein is one of the two high-quality proteins derived from cow’s milk (casein being the other). Reported benefits should be matched to the specific outcome studied rather than assumed broadly. Mechanism details are not clear from the public summary; review the source before applying Whey Protein clinically. Check pregnancy/lactation safety before client use.,muscle-gain-exercise;cognition;exercise;gut-health;hormones;heart-health,https://examine.com/supplements/whey-protein/,Check pregnancy/lactation safety before client use.
White Kidney Bean Extract,Metabolic Health,"White Kidney Bean extract, or Phase 2, is a dietary carbohydrate blocker similar to chlorogenic acid and is sometimes used alongside carb containing meals to reduce the absorption of carbohydrates.",Metabolic Health,Reported benefits should be matched to the specific outcome studied rather than assumed broadly.,"White Kidney Bean Extract may affect metabolic signaling, glucose handling, or lipid-related pathways.",Phase 2 tablets (800mg in weight comprised of 445mg phaseolus vulgaris) appear to be effective in reducing carbohydrate absorption. These tablets must be taken alongside a carbohydrate containing meal. It is unsure if higher doses are significantly better at blocking intestinal absorption of carbohydrates or not.,,,"White Kidney Bean extract, or Phase 2, is a dietary carbohydrate blocker similar to chlorogenic acid and is sometimes used alongside carb containing meals to reduce the absorption of carbohydrates. Reported benefits should be matched to the specific outcome studied rather than assumed broadly. White Kidney Bean Extract may affect metabolic signaling, glucose handling, or lipid-related pathways. Paraphrased from public Examine page extraction; educational only.",metabolic-health;blood-sugar;lipids;gut-health;hormones,https://examine.com/supplements/white-kidney-bean-extract/,Paraphrased from public Examine page extraction; educational only.
White Mulberry,Metabolic Health,Morus Alba (White Mulberry) is a plant where both the fruit and roots have been used traditionally for vitality and immune support; it may have cognitive enhancing properties (mostly unexplored) and anti-cancer effects.,Metabolic Health,Reported benefits should be matched to the specific outcome studied rather than assumed broadly.,White Mulberry is discussed in relation to oxidative-stress or inflammatory pathways.,"For the purpose of reducing carbohydrate absorption and glucose spikes following a meal, morus alba must be consumed alongisde said carbohydrate source.",,,Morus Alba (White Mulberry) is a plant where both the fruit and roots have been used traditionally for vitality and immune support; it may have cognitive enhancing properties (mostly unexplored) and anti-cancer effects. Reported benefits should be matched to the specific outcome studied rather than assumed broadly. White Mulberry is discussed in relation to oxidative-stress or inflammatory pathways. Paraphrased from public Examine page extraction; educational only.,metabolic-health;blood-sugar;lipids;cognition;inflammation;heart-health,https://examine.com/supplements/white-mulberry/,Paraphrased from public Examine page extraction; educational only.
Whole Coffee Fruit Extract,Muscle Gain & Exercise,Whole Coffee Fruit Extract is derived from whole coffee fruit.,Muscle Gain & Exercise,Reported benefits should be matched to the specific outcome studied rather than assumed broadly.,"Whole Coffee Fruit Extract appears to act mainly through stimulant-like nervous-system pathways that can affect energy, alertness, or exertion.",No clear public dosage summary extracted; review source before use.,,,"Whole Coffee Fruit Extract is derived from whole coffee fruit. Reported benefits should be matched to the specific outcome studied rather than assumed broadly. Whole Coffee Fruit Extract appears to act mainly through stimulant-like nervous-system pathways that can affect energy, alertness, or exertion. Check pregnancy/lactation safety before client use.",muscle-gain-exercise;cognition;stimulant,https://examine.com/supplements/whole-coffee-fruit-extract/,Check pregnancy/lactation safety before client use.
Wild Celery Extract,General Health,"Wild Celery Extract, also known as Smyrnium olusatrum L., is a plant that was used for medicinal purposes in the Medieval period.",General Health,Potential benefits are context-specific; review the source evidence before using Wild Celery Extract in a protocol.,Mechanism details are not clear from the public summary; review the source before applying Wild Celery Extract clinically.,No clear public dosage summary extracted; review source before use.,,,"Wild Celery Extract, also known as Smyrnium olusatrum L., is a plant that was used for medicinal purposes in the Medieval period. Potential benefits are context-specific; review the source evidence before using Wild Celery Extract in a protocol. Mechanism details are not clear from the public summary; review the source before applying Wild Celery Extract clinically. Check pregnancy/lactation safety before client use.",general-health,https://examine.com/supplements/wild-celery-extract/,Check pregnancy/lactation safety before client use.
Wild Yam,Immune & Inflammation,"Wild yam describes any uncultivated members of the Dioscorea genus, some of which are known specifically for their medicinal properties.",Immune & Inflammation,Reported benefits should be matched to the specific outcome studied rather than assumed broadly.,Wild Yam is discussed in relation to oxidative-stress or inflammatory pathways.,"⚠️ Caution: There are safety concerns when it comes to wild yam Formulation: The existing clinical trials have studied a variety of Dioscorea species and formulations. Powdered extractions of D. alata, D. batatas, D. nipponica, and D. esculenta were derived from the tubers or rhizomes and often processed into capsules or tablets before use.[10][11][12][13][14][15] However, one study on D.",,,"Wild yam describes any uncultivated members of the Dioscorea genus, some of which are known specifically for their medicinal properties. Reported benefits should be matched to the specific outcome studied rather than assumed broadly. Wild Yam is discussed in relation to oxidative-stress or inflammatory pathways. Paraphrased from public Examine page extraction; educational only.",immune-inflammation;inflammation;hormones,https://examine.com/supplements/wild-yam/,Paraphrased from public Examine page extraction; educational only.
Yacon,Metabolic Health,"Yacon (Smallanthus sonchifolius) is a tuber, whose syrup contains a large amount of fructooligosaccharides (FOS), which are carbohydrates that are partially absorbed and prebiotic in nature.",Metabolic Health,Reported benefits should be matched to the specific outcome studied rather than assumed broadly.,"Yacon may affect metabolic signaling, glucose handling, or lipid-related pathways.",No clear public dosage summary extracted; review source before use.,,,"Yacon (Smallanthus sonchifolius) is a tuber, whose syrup contains a large amount of fructooligosaccharides (FOS), which are carbohydrates that are partially absorbed and prebiotic in nature. Reported benefits should be matched to the specific outcome studied rather than assumed broadly. Yacon may affect metabolic signaling, glucose handling, or lipid-related pathways. Paraphrased from public Examine page extraction; educational only.",metabolic-health;blood-sugar;gut-health,https://examine.com/supplements/yacon/,Paraphrased from public Examine page extraction; educational only.
Yarrow,General Health,"The yarrow plant (Achillea millefolium) is a member of the Asteraceae family that has been used in cultural and traditional treatment of wounds, menstrual concerns, and gastrointestinal discomfort worldwide.",General Health,Potential benefits are context-specific; review the source evidence before using Yarrow in a protocol.,Mechanism details are not clear from the public summary; review the source before applying Yarrow clinically.,No clear public dosage summary extracted; review source before use.,,,"The yarrow plant (Achillea millefolium) is a member of the Asteraceae family that has been used in cultural and traditional treatment of wounds, menstrual concerns, and gastrointestinal discomfort worldwide. Potential benefits are context-specific; review the source evidence before using Yarrow in a protocol. Mechanism details are not clear from the public summary; review the source before applying Yarrow clinically. Check pregnancy/lactation safety before client use.",general-health;inflammation,https://examine.com/supplements/yarrow/,Check pregnancy/lactation safety before client use.
Yeast Mannan,Gut Health,Yeast Mannan is a polysaccharide found on the cell wall of yeast.,Gut Health,Potential benefits are context-specific; review the source evidence before using Yeast Mannan in a protocol.,Mechanism details are not clear from the public summary; review the source before applying Yeast Mannan clinically.,No clear public dosage summary extracted; review source before use.,,,Yeast Mannan is a polysaccharide found on the cell wall of yeast. Potential benefits are context-specific; review the source evidence before using Yeast Mannan in a protocol. Mechanism details are not clear from the public summary; review the source before applying Yeast Mannan clinically. Check pregnancy/lactation safety before client use.,gut-health,https://examine.com/supplements/yeast-mannan/,Check pregnancy/lactation safety before client use.
Yohimbine,Mental Health,Yohimbine is promoted for its fat-burning properties and benefits for male sexual dysfunction.,Mental Health,Reported benefits should be matched to the specific outcome studied rather than assumed broadly.,Mechanism details are not clear from the public summary; review the source before applying Yohimbine clinically.,Total daily dosages of 0.2mg/kg bodyweight have been successfully used to increase fat burning without significant implications on cardiovascular parameters like heart rate and blood pressure.,"Daily, following dosage notes.",,Yohimbine is promoted for its fat-burning properties and benefits for male sexual dysfunction. Reported benefits should be matched to the specific outcome studied rather than assumed broadly. Mechanism details are not clear from the public summary; review the source before applying Yohimbine clinically. Paraphrased from public Examine page extraction; educational only.,mental-health;stress;exercise;heart-health,https://examine.com/supplements/yohimbine/,Paraphrased from public Examine page extraction; educational only.
Zeaxanthin,General Health,Zeaxanthin is a carotenoid commonly used alongside lutein for preserving retinal health.,General Health,Potential benefits are context-specific; review the source evidence before using Zeaxanthin in a protocol.,Mechanism details are not clear from the public summary; review the source before applying Zeaxanthin clinically.,No clear public dosage summary extracted; review source before use.,,,Zeaxanthin is a carotenoid commonly used alongside lutein for preserving retinal health. Potential benefits are context-specific; review the source evidence before using Zeaxanthin in a protocol. Mechanism details are not clear from the public summary; review the source before applying Zeaxanthin clinically. Check pregnancy/lactation safety before client use.,general-health,https://examine.com/supplements/zeaxanthin/,Check pregnancy/lactation safety before client use.
Zinc,Mental Health,Zinc is an essential mineral that is critical for the function of hundreds of enzymes.,Mental Health,Reported benefits should be matched to the specific outcome studied rather than assumed broadly.,Zinc is discussed in relation to oxidative-stress or inflammatory pathways.,"Zinc supplements vary in their dosages from 5 to 10 milligrams (mg) up to 25 to 45 mg of elemental zinc, and sometimes higher. Dosages in the lower range are typically used as a daily preventative, whereas dosages in the higher range are typically used to treat chronic conditions and zinc deficiency. ⚠️ Caution: The tolerable upper intake level of zinc is 40 milligrams per day in adults.","Daily, following dosage notes.",,Zinc is an essential mineral that is critical for the function of hundreds of enzymes. Reported benefits should be matched to the specific outcome studied rather than assumed broadly. Zinc is discussed in relation to oxidative-stress or inflammatory pathways. Paraphrased from public Examine page extraction; educational only.,mental-health;cognition;hormones,https://examine.com/supplements/zinc/,Paraphrased from public Examine page extraction; educational only.
ZMA,Muscle Gain & Exercise,"ZMA stands for zinc, magnesium, and aspartate.",Muscle Gain & Exercise,Reported benefits should be matched to the specific outcome studied rather than assumed broadly.,ZMA likely works by correcting or supporting nutrient-dependent physiological processes.,No clear public dosage summary extracted; review source before use.,,,"ZMA stands for zinc, magnesium, and aspartate. Reported benefits should be matched to the specific outcome studied rather than assumed broadly. ZMA likely works by correcting or supporting nutrient-dependent physiological processes. Check pregnancy/lactation safety before client use.",muscle-gain-exercise;exercise;hormones,https://examine.com/supplements/zma/,Check pregnancy/lactation safety before client use.
